node,seq,time_s
1,0,5
2,0,5.016666667
3,0,5.033333333
4,0,5.05
5,0,5.066666667
6,0,5.083333333
7,0,5.1
8,0,5.116666667
9,0,5.133333333
10,0,5.15
11,0,5.166666667
12,0,5.183333333
13,0,5.2
14,0,5.216666667
15,0,5.233333333
16,0,5.25
17,0,5.266666667
18,0,5.283333333
19,0,5.3
20,0,5.316666667
21,0,5.333333333
22,0,5.35
23,0,5.366666667
24,0,5.383333333
25,0,5.4
26,0,5.416666667
27,0,5.433333333
28,0,5.45
29,0,5.466666667
30,0,5.483333333
31,0,5.5
32,0,5.516666667
33,0,5.533333333
34,0,5.55
35,0,5.566666667
36,0,5.583333333
37,0,5.6
38,0,5.616666667
39,0,5.633333333
40,0,5.65
41,0,5.666666667
42,0,5.683333333
43,0,5.7
44,0,5.716666667
45,0,5.733333333
46,0,5.75
47,0,5.766666667
48,0,5.783333333
49,0,5.8
50,0,5.816666667
51,0,5.833333333
52,0,5.85
53,0,5.866666667
54,0,5.883333333
55,0,5.9
56,0,5.916666667
57,0,5.933333333
58,0,5.95
59,0,5.966666667
60,0,5.983333333
61,0,6
62,0,6.016666667
63,0,6.033333333
64,0,6.05
65,0,6.066666667
66,0,6.083333333
67,0,6.1
68,0,6.116666667
69,0,6.133333333
70,0,6.15
71,0,6.166666667
72,0,6.183333333
73,0,6.2
74,0,6.216666667
75,0,6.233333333
76,0,6.25
77,0,6.266666667
78,0,6.283333333
79,0,6.3
80,0,6.316666667
81,0,6.333333333
82,0,6.35
83,0,6.366666667
84,0,6.383333333
85,0,6.4
86,0,6.416666667
87,0,6.433333333
88,0,6.45
89,0,6.466666667
90,0,6.483333333
91,0,6.5
92,0,6.516666667
93,0,6.533333333
94,0,6.55
95,0,6.566666667
96,0,6.583333333
97,0,6.6
98,0,6.616666667
99,0,6.633333333
100,0,6.65
101,0,6.666666667
102,0,6.683333333
103,0,6.7
104,0,6.716666667
105,0,6.733333333
106,0,6.75
107,0,6.766666667
108,0,6.783333333
109,0,6.8
110,0,6.816666667
111,0,6.833333333
112,0,6.85
113,0,6.866666667
114,0,6.883333333
115,0,6.9
116,0,6.916666667
117,0,6.933333333
118,0,6.95
119,0,6.966666667
120,0,6.983333333
1,1,7
2,1,7.016666667
3,1,7.033333333
4,1,7.05
5,1,7.066666667
6,1,7.083333333
7,1,7.1
8,1,7.116666667
9,1,7.133333333
10,1,7.15
11,1,7.166666667
12,1,7.183333333
13,1,7.2
14,1,7.216666667
15,1,7.233333333
16,1,7.25
17,1,7.266666667
18,1,7.283333333
19,1,7.3
20,1,7.316666667
21,1,7.333333333
22,1,7.35
23,1,7.366666667
24,1,7.383333333
25,1,7.4
26,1,7.416666667
27,1,7.433333333
28,1,7.45
29,1,7.466666667
30,1,7.483333333
31,1,7.5
32,1,7.516666667
33,1,7.533333333
34,1,7.55
35,1,7.566666667
36,1,7.583333333
37,1,7.6
38,1,7.616666667
39,1,7.633333333
40,1,7.65
41,1,7.666666667
42,1,7.683333333
43,1,7.7
44,1,7.716666667
45,1,7.733333333
46,1,7.75
47,1,7.766666667
48,1,7.783333333
49,1,7.8
50,1,7.816666667
51,1,7.833333333
52,1,7.85
53,1,7.866666667
54,1,7.883333333
55,1,7.9
56,1,7.916666667
57,1,7.933333333
58,1,7.95
59,1,7.966666667
60,1,7.983333333
61,1,8
62,1,8.016666667
63,1,8.033333333
64,1,8.05
65,1,8.066666667
66,1,8.083333333
67,1,8.1
68,1,8.116666667
69,1,8.133333333
70,1,8.15
71,1,8.166666667
72,1,8.183333333
73,1,8.2
74,1,8.216666667
75,1,8.233333333
76,1,8.25
77,1,8.266666667
78,1,8.283333333
79,1,8.3
80,1,8.316666667
81,1,8.333333333
82,1,8.35
83,1,8.366666667
84,1,8.383333333
85,1,8.4
86,1,8.416666667
87,1,8.433333333
88,1,8.45
89,1,8.466666667
90,1,8.483333333
91,1,8.5
92,1,8.516666667
93,1,8.533333333
94,1,8.55
95,1,8.566666667
96,1,8.583333333
97,1,8.6
98,1,8.616666667
99,1,8.633333333
100,1,8.65
101,1,8.666666667
102,1,8.683333333
103,1,8.7
104,1,8.716666667
105,1,8.733333333
106,1,8.75
107,1,8.766666667
108,1,8.783333333
109,1,8.8
110,1,8.816666667
111,1,8.833333333
112,1,8.85
113,1,8.866666667
114,1,8.883333333
115,1,8.9
116,1,8.916666667
117,1,8.933333333
118,1,8.95
119,1,8.966666667
120,1,8.983333333
1,2,9
2,2,9.016666667
3,2,9.033333333
4,2,9.05
5,2,9.066666667
6,2,9.083333333
7,2,9.1
8,2,9.116666667
9,2,9.133333333
10,2,9.15
11,2,9.166666667
12,2,9.183333333
13,2,9.2
14,2,9.216666667
15,2,9.233333333
16,2,9.25
17,2,9.266666667
18,2,9.283333333
19,2,9.3
20,2,9.316666667
21,2,9.333333333
22,2,9.35
23,2,9.366666667
24,2,9.383333333
25,2,9.4
26,2,9.416666667
27,2,9.433333333
28,2,9.45
29,2,9.466666667
30,2,9.483333333
31,2,9.5
32,2,9.516666667
33,2,9.533333333
34,2,9.55
35,2,9.566666667
36,2,9.583333333
37,2,9.6
38,2,9.616666667
39,2,9.633333333
40,2,9.65
41,2,9.666666667
42,2,9.683333333
43,2,9.7
44,2,9.716666667
45,2,9.733333333
46,2,9.75
47,2,9.766666667
48,2,9.783333333
49,2,9.8
50,2,9.816666667
51,2,9.833333333
52,2,9.85
53,2,9.866666667
54,2,9.883333333
55,2,9.9
56,2,9.916666667
57,2,9.933333333
58,2,9.95
59,2,9.966666667
60,2,9.983333333
61,2,10
62,2,10.016666667
63,2,10.033333333
64,2,10.05
65,2,10.066666667
66,2,10.083333333
67,2,10.1
68,2,10.116666667
69,2,10.133333333
70,2,10.15
71,2,10.166666667
72,2,10.183333333
73,2,10.2
74,2,10.216666667
75,2,10.233333333
76,2,10.25
77,2,10.266666667
78,2,10.283333333
79,2,10.3
80,2,10.316666667
81,2,10.333333333
82,2,10.35
83,2,10.366666667
84,2,10.383333333
85,2,10.4
86,2,10.416666667
87,2,10.433333333
88,2,10.45
89,2,10.466666667
90,2,10.483333333
91,2,10.5
92,2,10.516666667
93,2,10.533333333
94,2,10.55
95,2,10.566666667
96,2,10.583333333
97,2,10.6
98,2,10.616666667
99,2,10.633333333
100,2,10.65
101,2,10.666666667
102,2,10.683333333
103,2,10.7
104,2,10.716666667
105,2,10.733333333
106,2,10.75
107,2,10.766666667
108,2,10.783333333
109,2,10.8
110,2,10.816666667
111,2,10.833333333
112,2,10.85
113,2,10.866666667
114,2,10.883333333
115,2,10.9
116,2,10.916666667
117,2,10.933333333
118,2,10.95
119,2,10.966666667
120,2,10.983333333
1,3,11
2,3,11.016666667
3,3,11.033333333
4,3,11.05
5,3,11.066666667
6,3,11.083333333
7,3,11.1
8,3,11.116666667
9,3,11.133333333
10,3,11.15
11,3,11.166666667
12,3,11.183333333
13,3,11.2
14,3,11.216666667
15,3,11.233333333
16,3,11.25
17,3,11.266666667
18,3,11.283333333
19,3,11.3
20,3,11.316666667
21,3,11.333333333
22,3,11.35
23,3,11.366666667
24,3,11.383333333
25,3,11.4
26,3,11.416666667
27,3,11.433333333
28,3,11.45
29,3,11.466666667
30,3,11.483333333
31,3,11.5
32,3,11.516666667
33,3,11.533333333
34,3,11.55
35,3,11.566666667
36,3,11.583333333
37,3,11.6
38,3,11.616666667
39,3,11.633333333
40,3,11.65
41,3,11.666666667
42,3,11.683333333
43,3,11.7
44,3,11.716666667
45,3,11.733333333
46,3,11.75
47,3,11.766666667
48,3,11.783333333
49,3,11.8
50,3,11.816666667
51,3,11.833333333
52,3,11.85
53,3,11.866666667
54,3,11.883333333
55,3,11.9
56,3,11.916666667
57,3,11.933333333
58,3,11.95
59,3,11.966666667
60,3,11.983333333
61,3,12
62,3,12.016666667
63,3,12.033333333
64,3,12.05
65,3,12.066666667
66,3,12.083333333
67,3,12.1
68,3,12.116666667
69,3,12.133333333
70,3,12.15
71,3,12.166666667
72,3,12.183333333
73,3,12.2
74,3,12.216666667
75,3,12.233333333
76,3,12.25
77,3,12.266666667
78,3,12.283333333
79,3,12.3
80,3,12.316666667
81,3,12.333333333
82,3,12.35
83,3,12.366666667
84,3,12.383333333
85,3,12.4
86,3,12.416666667
87,3,12.433333333
88,3,12.45
89,3,12.466666667
90,3,12.483333333
91,3,12.5
92,3,12.516666667
93,3,12.533333333
94,3,12.55
95,3,12.566666667
96,3,12.583333333
97,3,12.6
98,3,12.616666667
99,3,12.633333333
100,3,12.65
101,3,12.666666667
102,3,12.683333333
103,3,12.7
104,3,12.716666667
105,3,12.733333333
106,3,12.75
107,3,12.766666667
108,3,12.783333333
109,3,12.8
110,3,12.816666667
111,3,12.833333333
112,3,12.85
113,3,12.866666667
114,3,12.883333333
115,3,12.9
116,3,12.916666667
117,3,12.933333333
118,3,12.95
119,3,12.966666667
120,3,12.983333333
1,4,13
2,4,13.016666667
3,4,13.033333333
4,4,13.05
5,4,13.066666667
6,4,13.083333333
7,4,13.1
8,4,13.116666667
9,4,13.133333333
10,4,13.15
11,4,13.166666667
12,4,13.183333333
13,4,13.2
14,4,13.216666667
15,4,13.233333333
16,4,13.25
17,4,13.266666667
18,4,13.283333333
19,4,13.3
20,4,13.316666667
21,4,13.333333333
22,4,13.35
23,4,13.366666667
24,4,13.383333333
25,4,13.4
26,4,13.416666667
27,4,13.433333333
28,4,13.45
29,4,13.466666667
30,4,13.483333333
31,4,13.5
32,4,13.516666667
33,4,13.533333333
34,4,13.55
35,4,13.566666667
36,4,13.583333333
37,4,13.6
38,4,13.616666667
39,4,13.633333333
40,4,13.65
41,4,13.666666667
42,4,13.683333333
43,4,13.7
44,4,13.716666667
45,4,13.733333333
46,4,13.75
47,4,13.766666667
48,4,13.783333333
49,4,13.8
50,4,13.816666667
51,4,13.833333333
52,4,13.85
53,4,13.866666667
54,4,13.883333333
55,4,13.9
56,4,13.916666667
57,4,13.933333333
58,4,13.95
59,4,13.966666667
60,4,13.983333333
61,4,14
62,4,14.016666667
63,4,14.033333333
64,4,14.05
65,4,14.066666667
66,4,14.083333333
67,4,14.1
68,4,14.116666667
69,4,14.133333333
70,4,14.15
71,4,14.166666667
72,4,14.183333333
73,4,14.2
74,4,14.216666667
75,4,14.233333333
76,4,14.25
77,4,14.266666667
78,4,14.283333333
79,4,14.3
80,4,14.316666667
81,4,14.333333333
82,4,14.35
83,4,14.366666667
84,4,14.383333333
85,4,14.4
86,4,14.416666667
87,4,14.433333333
88,4,14.45
89,4,14.466666667
90,4,14.483333333
91,4,14.5
92,4,14.516666667
93,4,14.533333333
94,4,14.55
95,4,14.566666667
96,4,14.583333333
97,4,14.6
98,4,14.616666667
99,4,14.633333333
100,4,14.65
101,4,14.666666667
102,4,14.683333333
103,4,14.7
104,4,14.716666667
105,4,14.733333333
106,4,14.75
107,4,14.766666667
108,4,14.783333333
109,4,14.8
110,4,14.816666667
111,4,14.833333333
112,4,14.85
113,4,14.866666667
114,4,14.883333333
115,4,14.9
116,4,14.916666667
117,4,14.933333333
118,4,14.95
119,4,14.966666667
120,4,14.983333333
1,5,15
2,5,15.016666667
3,5,15.033333333
4,5,15.05
5,5,15.066666667
6,5,15.083333333
7,5,15.1
8,5,15.116666667
9,5,15.133333333
10,5,15.15
11,5,15.166666667
12,5,15.183333333
13,5,15.2
14,5,15.216666667
15,5,15.233333333
16,5,15.25
17,5,15.266666667
18,5,15.283333333
19,5,15.3
20,5,15.316666667
21,5,15.333333333
22,5,15.35
23,5,15.366666667
24,5,15.383333333
25,5,15.4
26,5,15.416666667
27,5,15.433333333
28,5,15.45
29,5,15.466666667
30,5,15.483333333
31,5,15.5
32,5,15.516666667
33,5,15.533333333
34,5,15.55
35,5,15.566666667
36,5,15.583333333
37,5,15.6
38,5,15.616666667
39,5,15.633333333
40,5,15.65
41,5,15.666666667
42,5,15.683333333
43,5,15.7
44,5,15.716666667
45,5,15.733333333
46,5,15.75
47,5,15.766666667
48,5,15.783333333
49,5,15.8
50,5,15.816666667
51,5,15.833333333
52,5,15.85
53,5,15.866666667
54,5,15.883333333
55,5,15.9
56,5,15.916666667
57,5,15.933333333
58,5,15.95
59,5,15.966666667
60,5,15.983333333
61,5,16
62,5,16.016666667
63,5,16.033333333
64,5,16.05
65,5,16.066666667
66,5,16.083333333
67,5,16.1
68,5,16.116666667
69,5,16.133333333
70,5,16.15
71,5,16.166666667
72,5,16.183333333
73,5,16.2
74,5,16.216666667
75,5,16.233333333
76,5,16.25
77,5,16.266666667
78,5,16.283333333
79,5,16.3
80,5,16.316666667
81,5,16.333333333
82,5,16.35
83,5,16.366666667
84,5,16.383333333
85,5,16.4
86,5,16.416666667
87,5,16.433333333
88,5,16.45
89,5,16.466666667
90,5,16.483333333
91,5,16.5
92,5,16.516666667
93,5,16.533333333
94,5,16.55
95,5,16.566666667
96,5,16.583333333
97,5,16.6
98,5,16.616666667
99,5,16.633333333
100,5,16.65
101,5,16.666666667
102,5,16.683333333
103,5,16.7
104,5,16.716666667
105,5,16.733333333
106,5,16.75
107,5,16.766666667
108,5,16.783333333
109,5,16.8
110,5,16.816666667
111,5,16.833333333
112,5,16.85
113,5,16.866666667
114,5,16.883333333
115,5,16.9
116,5,16.916666667
117,5,16.933333333
118,5,16.95
119,5,16.966666667
120,5,16.983333333
1,6,17
2,6,17.016666667
3,6,17.033333333
4,6,17.05
5,6,17.066666667
6,6,17.083333333
7,6,17.1
8,6,17.116666667
9,6,17.133333333
10,6,17.15
11,6,17.166666667
12,6,17.183333333
13,6,17.2
14,6,17.216666667
15,6,17.233333333
16,6,17.25
17,6,17.266666667
18,6,17.283333333
19,6,17.3
20,6,17.316666667
21,6,17.333333333
22,6,17.35
23,6,17.366666667
24,6,17.383333333
25,6,17.4
26,6,17.416666667
27,6,17.433333333
28,6,17.45
29,6,17.466666667
30,6,17.483333333
31,6,17.5
32,6,17.516666667
33,6,17.533333333
34,6,17.55
35,6,17.566666667
36,6,17.583333333
37,6,17.6
38,6,17.616666667
39,6,17.633333333
40,6,17.65
41,6,17.666666667
42,6,17.683333333
43,6,17.7
44,6,17.716666667
45,6,17.733333333
46,6,17.75
47,6,17.766666667
48,6,17.783333333
49,6,17.8
50,6,17.816666667
51,6,17.833333333
52,6,17.85
53,6,17.866666667
54,6,17.883333333
55,6,17.9
56,6,17.916666667
57,6,17.933333333
58,6,17.95
59,6,17.966666667
60,6,17.983333333
61,6,18
62,6,18.016666667
63,6,18.033333333
64,6,18.05
65,6,18.066666667
66,6,18.083333333
67,6,18.1
68,6,18.116666667
69,6,18.133333333
70,6,18.15
71,6,18.166666667
72,6,18.183333333
73,6,18.2
74,6,18.216666667
75,6,18.233333333
76,6,18.25
77,6,18.266666667
78,6,18.283333333
79,6,18.3
80,6,18.316666667
81,6,18.333333333
82,6,18.35
83,6,18.366666667
84,6,18.383333333
85,6,18.4
86,6,18.416666667
87,6,18.433333333
88,6,18.45
89,6,18.466666667
90,6,18.483333333
91,6,18.5
92,6,18.516666667
93,6,18.533333333
94,6,18.55
95,6,18.566666667
96,6,18.583333333
97,6,18.6
98,6,18.616666667
99,6,18.633333333
100,6,18.65
101,6,18.666666667
102,6,18.683333333
103,6,18.7
104,6,18.716666667
105,6,18.733333333
106,6,18.75
107,6,18.766666667
108,6,18.783333333
109,6,18.8
110,6,18.816666667
111,6,18.833333333
112,6,18.85
113,6,18.866666667
114,6,18.883333333
115,6,18.9
116,6,18.916666667
117,6,18.933333333
118,6,18.95
119,6,18.966666667
120,6,18.983333333
1,7,19
2,7,19.016666667
3,7,19.033333333
4,7,19.05
5,7,19.066666667
6,7,19.083333333
7,7,19.1
8,7,19.116666667
9,7,19.133333333
10,7,19.15
11,7,19.166666667
12,7,19.183333333
13,7,19.2
14,7,19.216666667
15,7,19.233333333
16,7,19.25
17,7,19.266666667
18,7,19.283333333
19,7,19.3
20,7,19.316666667
21,7,19.333333333
22,7,19.35
23,7,19.366666667
24,7,19.383333333
25,7,19.4
26,7,19.416666667
27,7,19.433333333
28,7,19.45
29,7,19.466666667
30,7,19.483333333
31,7,19.5
32,7,19.516666667
33,7,19.533333333
34,7,19.55
35,7,19.566666667
36,7,19.583333333
37,7,19.6
38,7,19.616666667
39,7,19.633333333
40,7,19.65
41,7,19.666666667
42,7,19.683333333
43,7,19.7
44,7,19.716666667
45,7,19.733333333
46,7,19.75
47,7,19.766666667
48,7,19.783333333
49,7,19.8
50,7,19.816666667
51,7,19.833333333
52,7,19.85
53,7,19.866666667
54,7,19.883333333
55,7,19.9
56,7,19.916666667
57,7,19.933333333
58,7,19.95
59,7,19.966666667
60,7,19.983333333
61,7,20
62,7,20.016666667
63,7,20.033333333
64,7,20.05
65,7,20.066666667
66,7,20.083333333
67,7,20.1
68,7,20.116666667
69,7,20.133333333
70,7,20.15
71,7,20.166666667
72,7,20.183333333
73,7,20.2
74,7,20.216666667
75,7,20.233333333
76,7,20.25
77,7,20.266666667
78,7,20.283333333
79,7,20.3
80,7,20.316666667
81,7,20.333333333
82,7,20.35
83,7,20.366666667
84,7,20.383333333
85,7,20.4
86,7,20.416666667
87,7,20.433333333
88,7,20.45
89,7,20.466666667
90,7,20.483333333
91,7,20.5
92,7,20.516666667
93,7,20.533333333
94,7,20.55
95,7,20.566666667
96,7,20.583333333
97,7,20.6
98,7,20.616666667
99,7,20.633333333
100,7,20.65
101,7,20.666666667
102,7,20.683333333
103,7,20.7
104,7,20.716666667
105,7,20.733333333
106,7,20.75
107,7,20.766666667
108,7,20.783333333
109,7,20.8
110,7,20.816666667
111,7,20.833333333
112,7,20.85
113,7,20.866666667
114,7,20.883333333
115,7,20.9
116,7,20.916666667
117,7,20.933333333
118,7,20.95
119,7,20.966666667
120,7,20.983333333
1,8,21
2,8,21.016666667
3,8,21.033333333
4,8,21.05
5,8,21.066666667
6,8,21.083333333
7,8,21.1
8,8,21.116666667
9,8,21.133333333
10,8,21.15
11,8,21.166666667
12,8,21.183333333
13,8,21.2
14,8,21.216666667
15,8,21.233333333
16,8,21.25
17,8,21.266666667
18,8,21.283333333
19,8,21.3
20,8,21.316666667
21,8,21.333333333
22,8,21.35
23,8,21.366666667
24,8,21.383333333
25,8,21.4
26,8,21.416666667
27,8,21.433333333
28,8,21.45
29,8,21.466666667
30,8,21.483333333
31,8,21.5
32,8,21.516666667
33,8,21.533333333
34,8,21.55
35,8,21.566666667
36,8,21.583333333
37,8,21.6
38,8,21.616666667
39,8,21.633333333
40,8,21.65
41,8,21.666666667
42,8,21.683333333
43,8,21.7
44,8,21.716666667
45,8,21.733333333
46,8,21.75
47,8,21.766666667
48,8,21.783333333
49,8,21.8
50,8,21.816666667
51,8,21.833333333
52,8,21.85
53,8,21.866666667
54,8,21.883333333
55,8,21.9
56,8,21.916666667
57,8,21.933333333
58,8,21.95
59,8,21.966666667
60,8,21.983333333
61,8,22
62,8,22.016666667
63,8,22.033333333
64,8,22.05
65,8,22.066666667
66,8,22.083333333
67,8,22.1
68,8,22.116666667
69,8,22.133333333
70,8,22.15
71,8,22.166666667
72,8,22.183333333
73,8,22.2
74,8,22.216666667
75,8,22.233333333
76,8,22.25
77,8,22.266666667
78,8,22.283333333
79,8,22.3
80,8,22.316666667
81,8,22.333333333
82,8,22.35
83,8,22.366666667
84,8,22.383333333
85,8,22.4
86,8,22.416666667
87,8,22.433333333
88,8,22.45
89,8,22.466666667
90,8,22.483333333
91,8,22.5
92,8,22.516666667
93,8,22.533333333
94,8,22.55
95,8,22.566666667
96,8,22.583333333
97,8,22.6
98,8,22.616666667
99,8,22.633333333
100,8,22.65
101,8,22.666666667
102,8,22.683333333
103,8,22.7
104,8,22.716666667
105,8,22.733333333
106,8,22.75
107,8,22.766666667
108,8,22.783333333
109,8,22.8
110,8,22.816666667
111,8,22.833333333
112,8,22.85
113,8,22.866666667
114,8,22.883333333
115,8,22.9
116,8,22.916666667
117,8,22.933333333
118,8,22.95
119,8,22.966666667
120,8,22.983333333
1,9,23
2,9,23.016666667
3,9,23.033333333
4,9,23.05
5,9,23.066666667
6,9,23.083333333
7,9,23.1
8,9,23.116666667
9,9,23.133333333
10,9,23.15
11,9,23.166666667
12,9,23.183333333
13,9,23.2
14,9,23.216666667
15,9,23.233333333
16,9,23.25
17,9,23.266666667
18,9,23.283333333
19,9,23.3
20,9,23.316666667
21,9,23.333333333
22,9,23.35
23,9,23.366666667
24,9,23.383333333
25,9,23.4
26,9,23.416666667
27,9,23.433333333
28,9,23.45
29,9,23.466666667
30,9,23.483333333
31,9,23.5
32,9,23.516666667
33,9,23.533333333
34,9,23.55
35,9,23.566666667
36,9,23.583333333
37,9,23.6
38,9,23.616666667
39,9,23.633333333
40,9,23.65
41,9,23.666666667
42,9,23.683333333
43,9,23.7
44,9,23.716666667
45,9,23.733333333
46,9,23.75
47,9,23.766666667
48,9,23.783333333
49,9,23.8
50,9,23.816666667
51,9,23.833333333
52,9,23.85
53,9,23.866666667
54,9,23.883333333
55,9,23.9
56,9,23.916666667
57,9,23.933333333
58,9,23.95
59,9,23.966666667
60,9,23.983333333
61,9,24
62,9,24.016666667
63,9,24.033333333
64,9,24.05
65,9,24.066666667
66,9,24.083333333
67,9,24.1
68,9,24.116666667
69,9,24.133333333
70,9,24.15
71,9,24.166666667
72,9,24.183333333
73,9,24.2
74,9,24.216666667
75,9,24.233333333
76,9,24.25
77,9,24.266666667
78,9,24.283333333
79,9,24.3
80,9,24.316666667
81,9,24.333333333
82,9,24.35
83,9,24.366666667
84,9,24.383333333
85,9,24.4
86,9,24.416666667
87,9,24.433333333
88,9,24.45
89,9,24.466666667
90,9,24.483333333
91,9,24.5
92,9,24.516666667
93,9,24.533333333
94,9,24.55
95,9,24.566666667
96,9,24.583333333
97,9,24.6
98,9,24.616666667
99,9,24.633333333
100,9,24.65
101,9,24.666666667
102,9,24.683333333
103,9,24.7
104,9,24.716666667
105,9,24.733333333
106,9,24.75
107,9,24.766666667
108,9,24.783333333
109,9,24.8
110,9,24.816666667
111,9,24.833333333
112,9,24.85
113,9,24.866666667
114,9,24.883333333
115,9,24.9
116,9,24.916666667
117,9,24.933333333
118,9,24.95
119,9,24.966666667
120,9,24.983333333
1,10,25
2,10,25.016666667
3,10,25.033333333
4,10,25.05
5,10,25.066666667
6,10,25.083333333
7,10,25.1
8,10,25.116666667
9,10,25.133333333
10,10,25.15
11,10,25.166666667
12,10,25.183333333
13,10,25.2
14,10,25.216666667
15,10,25.233333333
16,10,25.25
17,10,25.266666667
18,10,25.283333333
19,10,25.3
20,10,25.316666667
21,10,25.333333333
22,10,25.35
23,10,25.366666667
24,10,25.383333333
25,10,25.4
26,10,25.416666667
27,10,25.433333333
28,10,25.45
29,10,25.466666667
30,10,25.483333333
31,10,25.5
32,10,25.516666667
33,10,25.533333333
34,10,25.55
35,10,25.566666667
36,10,25.583333333
37,10,25.6
38,10,25.616666667
39,10,25.633333333
40,10,25.65
41,10,25.666666667
42,10,25.683333333
43,10,25.7
44,10,25.716666667
45,10,25.733333333
46,10,25.75
47,10,25.766666667
48,10,25.783333333
49,10,25.8
50,10,25.816666667
51,10,25.833333333
52,10,25.85
53,10,25.866666667
54,10,25.883333333
55,10,25.9
56,10,25.916666667
57,10,25.933333333
58,10,25.95
59,10,25.966666667
60,10,25.983333333
61,10,26
62,10,26.016666667
63,10,26.033333333
64,10,26.05
65,10,26.066666667
66,10,26.083333333
67,10,26.1
68,10,26.116666667
69,10,26.133333333
70,10,26.15
71,10,26.166666667
72,10,26.183333333
73,10,26.2
74,10,26.216666667
75,10,26.233333333
76,10,26.25
77,10,26.266666667
78,10,26.283333333
79,10,26.3
80,10,26.316666667
81,10,26.333333333
82,10,26.35
83,10,26.366666667
84,10,26.383333333
85,10,26.4
86,10,26.416666667
87,10,26.433333333
88,10,26.45
89,10,26.466666667
90,10,26.483333333
91,10,26.5
92,10,26.516666667
93,10,26.533333333
94,10,26.55
95,10,26.566666667
96,10,26.583333333
97,10,26.6
98,10,26.616666667
99,10,26.633333333
100,10,26.65
101,10,26.666666667
102,10,26.683333333
103,10,26.7
104,10,26.716666667
105,10,26.733333333
106,10,26.75
107,10,26.766666667
108,10,26.783333333
109,10,26.8
110,10,26.816666667
111,10,26.833333333
112,10,26.85
113,10,26.866666667
114,10,26.883333333
115,10,26.9
116,10,26.916666667
117,10,26.933333333
118,10,26.95
119,10,26.966666667
120,10,26.983333333
1,11,27
2,11,27.016666667
3,11,27.033333333
4,11,27.05
5,11,27.066666667
6,11,27.083333333
7,11,27.1
8,11,27.116666667
9,11,27.133333333
10,11,27.15
11,11,27.166666667
12,11,27.183333333
13,11,27.2
14,11,27.216666667
15,11,27.233333333
16,11,27.25
17,11,27.266666667
18,11,27.283333333
19,11,27.3
20,11,27.316666667
21,11,27.333333333
22,11,27.35
23,11,27.366666667
24,11,27.383333333
25,11,27.4
26,11,27.416666667
27,11,27.433333333
28,11,27.45
29,11,27.466666667
30,11,27.483333333
31,11,27.5
32,11,27.516666667
33,11,27.533333333
34,11,27.55
35,11,27.566666667
36,11,27.583333333
37,11,27.6
38,11,27.616666667
39,11,27.633333333
40,11,27.65
41,11,27.666666667
42,11,27.683333333
43,11,27.7
44,11,27.716666667
45,11,27.733333333
46,11,27.75
47,11,27.766666667
48,11,27.783333333
49,11,27.8
50,11,27.816666667
51,11,27.833333333
52,11,27.85
53,11,27.866666667
54,11,27.883333333
55,11,27.9
56,11,27.916666667
57,11,27.933333333
58,11,27.95
59,11,27.966666667
60,11,27.983333333
61,11,28
62,11,28.016666667
63,11,28.033333333
64,11,28.05
65,11,28.066666667
66,11,28.083333333
67,11,28.1
68,11,28.116666667
69,11,28.133333333
70,11,28.15
71,11,28.166666667
72,11,28.183333333
73,11,28.2
74,11,28.216666667
75,11,28.233333333
76,11,28.25
77,11,28.266666667
78,11,28.283333333
79,11,28.3
80,11,28.316666667
81,11,28.333333333
82,11,28.35
83,11,28.366666667
84,11,28.383333333
85,11,28.4
86,11,28.416666667
87,11,28.433333333
88,11,28.45
89,11,28.466666667
90,11,28.483333333
91,11,28.5
92,11,28.516666667
93,11,28.533333333
94,11,28.55
95,11,28.566666667
96,11,28.583333333
97,11,28.6
98,11,28.616666667
99,11,28.633333333
100,11,28.65
101,11,28.666666667
102,11,28.683333333
103,11,28.7
104,11,28.716666667
105,11,28.733333333
106,11,28.75
107,11,28.766666667
108,11,28.783333333
109,11,28.8
110,11,28.816666667
111,11,28.833333333
112,11,28.85
113,11,28.866666667
114,11,28.883333333
115,11,28.9
116,11,28.916666667
117,11,28.933333333
118,11,28.95
119,11,28.966666667
120,11,28.983333333
1,12,29
2,12,29.016666667
3,12,29.033333333
4,12,29.05
5,12,29.066666667
6,12,29.083333333
7,12,29.1
8,12,29.116666667
9,12,29.133333333
10,12,29.15
11,12,29.166666667
12,12,29.183333333
13,12,29.2
14,12,29.216666667
15,12,29.233333333
16,12,29.25
17,12,29.266666667
18,12,29.283333333
19,12,29.3
20,12,29.316666667
21,12,29.333333333
22,12,29.35
23,12,29.366666667
24,12,29.383333333
25,12,29.4
26,12,29.416666667
27,12,29.433333333
28,12,29.45
29,12,29.466666667
30,12,29.483333333
31,12,29.5
32,12,29.516666667
33,12,29.533333333
34,12,29.55
35,12,29.566666667
36,12,29.583333333
37,12,29.6
38,12,29.616666667
39,12,29.633333333
40,12,29.65
41,12,29.666666667
42,12,29.683333333
43,12,29.7
44,12,29.716666667
45,12,29.733333333
46,12,29.75
47,12,29.766666667
48,12,29.783333333
49,12,29.8
50,12,29.816666667
51,12,29.833333333
52,12,29.85
53,12,29.866666667
54,12,29.883333333
55,12,29.9
56,12,29.916666667
57,12,29.933333333
58,12,29.95
59,12,29.966666667
60,12,29.983333333
61,12,30
62,12,30.016666667
63,12,30.033333333
64,12,30.05
65,12,30.066666667
66,12,30.083333333
67,12,30.1
68,12,30.116666667
69,12,30.133333333
70,12,30.15
71,12,30.166666667
72,12,30.183333333
73,12,30.2
74,12,30.216666667
75,12,30.233333333
76,12,30.25
77,12,30.266666667
78,12,30.283333333
79,12,30.3
80,12,30.316666667
81,12,30.333333333
82,12,30.35
83,12,30.366666667
84,12,30.383333333
85,12,30.4
86,12,30.416666667
87,12,30.433333333
88,12,30.45
89,12,30.466666667
90,12,30.483333333
91,12,30.5
92,12,30.516666667
93,12,30.533333333
94,12,30.55
95,12,30.566666667
96,12,30.583333333
97,12,30.6
98,12,30.616666667
99,12,30.633333333
100,12,30.65
101,12,30.666666667
102,12,30.683333333
103,12,30.7
104,12,30.716666667
105,12,30.733333333
106,12,30.75
107,12,30.766666667
108,12,30.783333333
109,12,30.8
110,12,30.816666667
111,12,30.833333333
112,12,30.85
113,12,30.866666667
114,12,30.883333333
115,12,30.9
116,12,30.916666667
117,12,30.933333333
118,12,30.95
119,12,30.966666667
120,12,30.983333333
1,13,31
2,13,31.016666667
3,13,31.033333333
4,13,31.05
5,13,31.066666667
6,13,31.083333333
7,13,31.1
8,13,31.116666667
9,13,31.133333333
10,13,31.15
11,13,31.166666667
12,13,31.183333333
13,13,31.2
14,13,31.216666667
15,13,31.233333333
16,13,31.25
17,13,31.266666667
18,13,31.283333333
19,13,31.3
20,13,31.316666667
21,13,31.333333333
22,13,31.35
23,13,31.366666667
24,13,31.383333333
25,13,31.4
26,13,31.416666667
27,13,31.433333333
28,13,31.45
29,13,31.466666667
30,13,31.483333333
31,13,31.5
32,13,31.516666667
33,13,31.533333333
34,13,31.55
35,13,31.566666667
36,13,31.583333333
37,13,31.6
38,13,31.616666667
39,13,31.633333333
40,13,31.65
41,13,31.666666667
42,13,31.683333333
43,13,31.7
44,13,31.716666667
45,13,31.733333333
46,13,31.75
47,13,31.766666667
48,13,31.783333333
49,13,31.8
50,13,31.816666667
51,13,31.833333333
52,13,31.85
53,13,31.866666667
54,13,31.883333333
55,13,31.9
56,13,31.916666667
57,13,31.933333333
58,13,31.95
59,13,31.966666667
60,13,31.983333333
61,13,32
62,13,32.016666667
63,13,32.033333333
64,13,32.05
65,13,32.066666667
66,13,32.083333333
67,13,32.1
68,13,32.116666667
69,13,32.133333333
70,13,32.15
71,13,32.166666667
72,13,32.183333333
73,13,32.2
74,13,32.216666667
75,13,32.233333333
76,13,32.25
77,13,32.266666667
78,13,32.283333333
79,13,32.3
80,13,32.316666667
81,13,32.333333333
82,13,32.35
83,13,32.366666667
84,13,32.383333333
85,13,32.4
86,13,32.416666667
87,13,32.433333333
88,13,32.45
89,13,32.466666667
90,13,32.483333333
91,13,32.5
92,13,32.516666667
93,13,32.533333333
94,13,32.55
95,13,32.566666667
96,13,32.583333333
97,13,32.6
98,13,32.616666667
99,13,32.633333333
100,13,32.65
101,13,32.666666667
102,13,32.683333333
103,13,32.7
104,13,32.716666667
105,13,32.733333333
106,13,32.75
107,13,32.766666667
108,13,32.783333333
109,13,32.8
110,13,32.816666667
111,13,32.833333333
112,13,32.85
113,13,32.866666667
114,13,32.883333333
115,13,32.9
116,13,32.916666667
117,13,32.933333333
118,13,32.95
119,13,32.966666667
120,13,32.983333333
1,14,33
2,14,33.016666667
3,14,33.033333333
4,14,33.05
5,14,33.066666667
6,14,33.083333333
7,14,33.1
8,14,33.116666667
9,14,33.133333333
10,14,33.15
11,14,33.166666667
12,14,33.183333333
13,14,33.2
14,14,33.216666667
15,14,33.233333333
16,14,33.25
17,14,33.266666667
18,14,33.283333333
19,14,33.3
20,14,33.316666667
21,14,33.333333333
22,14,33.35
23,14,33.366666667
24,14,33.383333333
25,14,33.4
26,14,33.416666667
27,14,33.433333333
28,14,33.45
29,14,33.466666667
30,14,33.483333333
31,14,33.5
32,14,33.516666667
33,14,33.533333333
34,14,33.55
35,14,33.566666667
36,14,33.583333333
37,14,33.6
38,14,33.616666667
39,14,33.633333333
40,14,33.65
41,14,33.666666667
42,14,33.683333333
43,14,33.7
44,14,33.716666667
45,14,33.733333333
46,14,33.75
47,14,33.766666667
48,14,33.783333333
49,14,33.8
50,14,33.816666667
51,14,33.833333333
52,14,33.85
53,14,33.866666667
54,14,33.883333333
55,14,33.9
56,14,33.916666667
57,14,33.933333333
58,14,33.95
59,14,33.966666667
60,14,33.983333333
61,14,34
62,14,34.016666667
63,14,34.033333333
64,14,34.05
65,14,34.066666667
66,14,34.083333333
67,14,34.1
68,14,34.116666667
69,14,34.133333333
70,14,34.15
71,14,34.166666667
72,14,34.183333333
73,14,34.2
74,14,34.216666667
75,14,34.233333333
76,14,34.25
77,14,34.266666667
78,14,34.283333333
79,14,34.3
80,14,34.316666667
81,14,34.333333333
82,14,34.35
83,14,34.366666667
84,14,34.383333333
85,14,34.4
86,14,34.416666667
87,14,34.433333333
88,14,34.45
89,14,34.466666667
90,14,34.483333333
91,14,34.5
92,14,34.516666667
93,14,34.533333333
94,14,34.55
95,14,34.566666667
96,14,34.583333333
97,14,34.6
98,14,34.616666667
99,14,34.633333333
100,14,34.65
101,14,34.666666667
102,14,34.683333333
103,14,34.7
104,14,34.716666667
105,14,34.733333333
106,14,34.75
107,14,34.766666667
108,14,34.783333333
109,14,34.8
110,14,34.816666667
111,14,34.833333333
112,14,34.85
113,14,34.866666667
114,14,34.883333333
115,14,34.9
116,14,34.916666667
117,14,34.933333333
118,14,34.95
119,14,34.966666667
120,14,34.983333333
1,15,35
2,15,35.016666667
3,15,35.033333333
4,15,35.05
5,15,35.066666667
6,15,35.083333333
7,15,35.1
8,15,35.116666667
9,15,35.133333333
10,15,35.15
11,15,35.166666667
12,15,35.183333333
13,15,35.2
14,15,35.216666667
15,15,35.233333333
16,15,35.25
17,15,35.266666667
18,15,35.283333333
19,15,35.3
20,15,35.316666667
21,15,35.333333333
22,15,35.35
23,15,35.366666667
24,15,35.383333333
25,15,35.4
26,15,35.416666667
27,15,35.433333333
28,15,35.45
29,15,35.466666667
30,15,35.483333333
31,15,35.5
32,15,35.516666667
33,15,35.533333333
34,15,35.55
35,15,35.566666667
36,15,35.583333333
37,15,35.6
38,15,35.616666667
39,15,35.633333333
40,15,35.65
41,15,35.666666667
42,15,35.683333333
43,15,35.7
44,15,35.716666667
45,15,35.733333333
46,15,35.75
47,15,35.766666667
48,15,35.783333333
49,15,35.8
50,15,35.816666667
51,15,35.833333333
52,15,35.85
53,15,35.866666667
54,15,35.883333333
55,15,35.9
56,15,35.916666667
57,15,35.933333333
58,15,35.95
59,15,35.966666667
60,15,35.983333333
61,15,36
62,15,36.016666667
63,15,36.033333333
64,15,36.05
65,15,36.066666667
66,15,36.083333333
67,15,36.1
68,15,36.116666667
69,15,36.133333333
70,15,36.15
71,15,36.166666667
72,15,36.183333333
73,15,36.2
74,15,36.216666667
75,15,36.233333333
76,15,36.25
77,15,36.266666667
78,15,36.283333333
79,15,36.3
80,15,36.316666667
81,15,36.333333333
82,15,36.35
83,15,36.366666667
84,15,36.383333333
85,15,36.4
86,15,36.416666667
87,15,36.433333333
88,15,36.45
89,15,36.466666667
90,15,36.483333333
91,15,36.5
92,15,36.516666667
93,15,36.533333333
94,15,36.55
95,15,36.566666667
96,15,36.583333333
97,15,36.6
98,15,36.616666667
99,15,36.633333333
100,15,36.65
101,15,36.666666667
102,15,36.683333333
103,15,36.7
104,15,36.716666667
105,15,36.733333333
106,15,36.75
107,15,36.766666667
108,15,36.783333333
109,15,36.8
110,15,36.816666667
111,15,36.833333333
112,15,36.85
113,15,36.866666667
114,15,36.883333333
115,15,36.9
116,15,36.916666667
117,15,36.933333333
118,15,36.95
119,15,36.966666667
120,15,36.983333333
1,16,37
2,16,37.016666667
3,16,37.033333333
4,16,37.05
5,16,37.066666667
6,16,37.083333333
7,16,37.1
8,16,37.116666667
9,16,37.133333333
10,16,37.15
11,16,37.166666667
12,16,37.183333333
13,16,37.2
14,16,37.216666667
15,16,37.233333333
16,16,37.25
17,16,37.266666667
18,16,37.283333333
19,16,37.3
20,16,37.316666667
21,16,37.333333333
22,16,37.35
23,16,37.366666667
24,16,37.383333333
25,16,37.4
26,16,37.416666667
27,16,37.433333333
28,16,37.45
29,16,37.466666667
30,16,37.483333333
31,16,37.5
32,16,37.516666667
33,16,37.533333333
34,16,37.55
35,16,37.566666667
36,16,37.583333333
37,16,37.6
38,16,37.616666667
39,16,37.633333333
40,16,37.65
41,16,37.666666667
42,16,37.683333333
43,16,37.7
44,16,37.716666667
45,16,37.733333333
46,16,37.75
47,16,37.766666667
48,16,37.783333333
49,16,37.8
50,16,37.816666667
51,16,37.833333333
52,16,37.85
53,16,37.866666667
54,16,37.883333333
55,16,37.9
56,16,37.916666667
57,16,37.933333333
58,16,37.95
59,16,37.966666667
60,16,37.983333333
61,16,38
62,16,38.016666667
63,16,38.033333333
64,16,38.05
65,16,38.066666667
66,16,38.083333333
67,16,38.1
68,16,38.116666667
69,16,38.133333333
70,16,38.15
71,16,38.166666667
72,16,38.183333333
73,16,38.2
74,16,38.216666667
75,16,38.233333333
76,16,38.25
77,16,38.266666667
78,16,38.283333333
79,16,38.3
80,16,38.316666667
81,16,38.333333333
82,16,38.35
83,16,38.366666667
84,16,38.383333333
85,16,38.4
86,16,38.416666667
87,16,38.433333333
88,16,38.45
89,16,38.466666667
90,16,38.483333333
91,16,38.5
92,16,38.516666667
93,16,38.533333333
94,16,38.55
95,16,38.566666667
96,16,38.583333333
97,16,38.6
98,16,38.616666667
99,16,38.633333333
100,16,38.65
101,16,38.666666667
102,16,38.683333333
103,16,38.7
104,16,38.716666667
105,16,38.733333333
106,16,38.75
107,16,38.766666667
108,16,38.783333333
109,16,38.8
110,16,38.816666667
111,16,38.833333333
112,16,38.85
113,16,38.866666667
114,16,38.883333333
115,16,38.9
116,16,38.916666667
117,16,38.933333333
118,16,38.95
119,16,38.966666667
120,16,38.983333333
1,17,39
2,17,39.016666667
3,17,39.033333333
4,17,39.05
5,17,39.066666667
6,17,39.083333333
7,17,39.1
8,17,39.116666667
9,17,39.133333333
10,17,39.15
11,17,39.166666667
12,17,39.183333333
13,17,39.2
14,17,39.216666667
15,17,39.233333333
16,17,39.25
17,17,39.266666667
18,17,39.283333333
19,17,39.3
20,17,39.316666667
21,17,39.333333333
22,17,39.35
23,17,39.366666667
24,17,39.383333333
25,17,39.4
26,17,39.416666667
27,17,39.433333333
28,17,39.45
29,17,39.466666667
30,17,39.483333333
31,17,39.5
32,17,39.516666667
33,17,39.533333333
34,17,39.55
35,17,39.566666667
36,17,39.583333333
37,17,39.6
38,17,39.616666667
39,17,39.633333333
40,17,39.65
41,17,39.666666667
42,17,39.683333333
43,17,39.7
44,17,39.716666667
45,17,39.733333333
46,17,39.75
47,17,39.766666667
48,17,39.783333333
49,17,39.8
50,17,39.816666667
51,17,39.833333333
52,17,39.85
53,17,39.866666667
54,17,39.883333333
55,17,39.9
56,17,39.916666667
57,17,39.933333333
58,17,39.95
59,17,39.966666667
60,17,39.983333333
61,17,40
62,17,40.016666667
63,17,40.033333333
64,17,40.05
65,17,40.066666667
66,17,40.083333333
67,17,40.1
68,17,40.116666667
69,17,40.133333333
70,17,40.15
71,17,40.166666667
72,17,40.183333333
73,17,40.2
74,17,40.216666667
75,17,40.233333333
76,17,40.25
77,17,40.266666667
78,17,40.283333333
79,17,40.3
80,17,40.316666667
81,17,40.333333333
82,17,40.35
83,17,40.366666667
84,17,40.383333333
85,17,40.4
86,17,40.416666667
87,17,40.433333333
88,17,40.45
89,17,40.466666667
90,17,40.483333333
91,17,40.5
92,17,40.516666667
93,17,40.533333333
94,17,40.55
95,17,40.566666667
96,17,40.583333333
97,17,40.6
98,17,40.616666667
99,17,40.633333333
100,17,40.65
101,17,40.666666667
102,17,40.683333333
103,17,40.7
104,17,40.716666667
105,17,40.733333333
106,17,40.75
107,17,40.766666667
108,17,40.783333333
109,17,40.8
110,17,40.816666667
111,17,40.833333333
112,17,40.85
113,17,40.866666667
114,17,40.883333333
115,17,40.9
116,17,40.916666667
117,17,40.933333333
118,17,40.95
119,17,40.966666667
120,17,40.983333333
1,18,41
2,18,41.016666667
3,18,41.033333333
4,18,41.05
5,18,41.066666667
6,18,41.083333333
7,18,41.1
8,18,41.116666667
9,18,41.133333333
10,18,41.15
11,18,41.166666667
12,18,41.183333333
13,18,41.2
14,18,41.216666667
15,18,41.233333333
16,18,41.25
17,18,41.266666667
18,18,41.283333333
19,18,41.3
20,18,41.316666667
21,18,41.333333333
22,18,41.35
23,18,41.366666667
24,18,41.383333333
25,18,41.4
26,18,41.416666667
27,18,41.433333333
28,18,41.45
29,18,41.466666667
30,18,41.483333333
31,18,41.5
32,18,41.516666667
33,18,41.533333333
34,18,41.55
35,18,41.566666667
36,18,41.583333333
37,18,41.6
38,18,41.616666667
39,18,41.633333333
40,18,41.65
41,18,41.666666667
42,18,41.683333333
43,18,41.7
44,18,41.716666667
45,18,41.733333333
46,18,41.75
47,18,41.766666667
48,18,41.783333333
49,18,41.8
50,18,41.816666667
51,18,41.833333333
52,18,41.85
53,18,41.866666667
54,18,41.883333333
55,18,41.9
56,18,41.916666667
57,18,41.933333333
58,18,41.95
59,18,41.966666667
60,18,41.983333333
61,18,42
62,18,42.016666667
63,18,42.033333333
64,18,42.05
65,18,42.066666667
66,18,42.083333333
67,18,42.1
68,18,42.116666667
69,18,42.133333333
70,18,42.15
71,18,42.166666667
72,18,42.183333333
73,18,42.2
74,18,42.216666667
75,18,42.233333333
76,18,42.25
77,18,42.266666667
78,18,42.283333333
79,18,42.3
80,18,42.316666667
81,18,42.333333333
82,18,42.35
83,18,42.366666667
84,18,42.383333333
85,18,42.4
86,18,42.416666667
87,18,42.433333333
88,18,42.45
89,18,42.466666667
90,18,42.483333333
91,18,42.5
92,18,42.516666667
93,18,42.533333333
94,18,42.55
95,18,42.566666667
96,18,42.583333333
97,18,42.6
98,18,42.616666667
99,18,42.633333333
100,18,42.65
101,18,42.666666667
102,18,42.683333333
103,18,42.7
104,18,42.716666667
105,18,42.733333333
106,18,42.75
107,18,42.766666667
108,18,42.783333333
109,18,42.8
110,18,42.816666667
111,18,42.833333333
112,18,42.85
113,18,42.866666667
114,18,42.883333333
115,18,42.9
116,18,42.916666667
117,18,42.933333333
118,18,42.95
119,18,42.966666667
120,18,42.983333333
1,19,43
2,19,43.016666667
3,19,43.033333333
4,19,43.05
5,19,43.066666667
6,19,43.083333333
7,19,43.1
8,19,43.116666667
9,19,43.133333333
10,19,43.15
11,19,43.166666667
12,19,43.183333333
13,19,43.2
14,19,43.216666667
15,19,43.233333333
16,19,43.25
17,19,43.266666667
18,19,43.283333333
19,19,43.3
20,19,43.316666667
21,19,43.333333333
22,19,43.35
23,19,43.366666667
24,19,43.383333333
25,19,43.4
26,19,43.416666667
27,19,43.433333333
28,19,43.45
29,19,43.466666667
30,19,43.483333333
31,19,43.5
32,19,43.516666667
33,19,43.533333333
34,19,43.55
35,19,43.566666667
36,19,43.583333333
37,19,43.6
38,19,43.616666667
39,19,43.633333333
40,19,43.65
41,19,43.666666667
42,19,43.683333333
43,19,43.7
44,19,43.716666667
45,19,43.733333333
46,19,43.75
47,19,43.766666667
48,19,43.783333333
49,19,43.8
50,19,43.816666667
51,19,43.833333333
52,19,43.85
53,19,43.866666667
54,19,43.883333333
55,19,43.9
56,19,43.916666667
57,19,43.933333333
58,19,43.95
59,19,43.966666667
60,19,43.983333333
61,19,44
62,19,44.016666667
63,19,44.033333333
64,19,44.05
65,19,44.066666667
66,19,44.083333333
67,19,44.1
68,19,44.116666667
69,19,44.133333333
70,19,44.15
71,19,44.166666667
72,19,44.183333333
73,19,44.2
74,19,44.216666667
75,19,44.233333333
76,19,44.25
77,19,44.266666667
78,19,44.283333333
79,19,44.3
80,19,44.316666667
81,19,44.333333333
82,19,44.35
83,19,44.366666667
84,19,44.383333333
85,19,44.4
86,19,44.416666667
87,19,44.433333333
88,19,44.45
89,19,44.466666667
90,19,44.483333333
91,19,44.5
92,19,44.516666667
93,19,44.533333333
94,19,44.55
95,19,44.566666667
96,19,44.583333333
97,19,44.6
98,19,44.616666667
99,19,44.633333333
100,19,44.65
101,19,44.666666667
102,19,44.683333333
103,19,44.7
104,19,44.716666667
105,19,44.733333333
106,19,44.75
107,19,44.766666667
108,19,44.783333333
109,19,44.8
110,19,44.816666667
111,19,44.833333333
112,19,44.85
113,19,44.866666667
114,19,44.883333333
115,19,44.9
116,19,44.916666667
117,19,44.933333333
118,19,44.95
119,19,44.966666667
120,19,44.983333333
1,20,45
2,20,45.016666667
3,20,45.033333333
4,20,45.05
5,20,45.066666667
6,20,45.083333333
7,20,45.1
8,20,45.116666667
9,20,45.133333333
10,20,45.15
11,20,45.166666667
12,20,45.183333333
13,20,45.2
14,20,45.216666667
15,20,45.233333333
16,20,45.25
17,20,45.266666667
18,20,45.283333333
19,20,45.3
20,20,45.316666667
21,20,45.333333333
22,20,45.35
23,20,45.366666667
24,20,45.383333333
25,20,45.4
26,20,45.416666667
27,20,45.433333333
28,20,45.45
29,20,45.466666667
30,20,45.483333333
31,20,45.5
32,20,45.516666667
33,20,45.533333333
34,20,45.55
35,20,45.566666667
36,20,45.583333333
37,20,45.6
38,20,45.616666667
39,20,45.633333333
40,20,45.65
41,20,45.666666667
42,20,45.683333333
43,20,45.7
44,20,45.716666667
45,20,45.733333333
46,20,45.75
47,20,45.766666667
48,20,45.783333333
49,20,45.8
50,20,45.816666667
51,20,45.833333333
52,20,45.85
53,20,45.866666667
54,20,45.883333333
55,20,45.9
56,20,45.916666667
57,20,45.933333333
58,20,45.95
59,20,45.966666667
60,20,45.983333333
61,20,46
62,20,46.016666667
63,20,46.033333333
64,20,46.05
65,20,46.066666667
66,20,46.083333333
67,20,46.1
68,20,46.116666667
69,20,46.133333333
70,20,46.15
71,20,46.166666667
72,20,46.183333333
73,20,46.2
74,20,46.216666667
75,20,46.233333333
76,20,46.25
77,20,46.266666667
78,20,46.283333333
79,20,46.3
80,20,46.316666667
81,20,46.333333333
82,20,46.35
83,20,46.366666667
84,20,46.383333333
85,20,46.4
86,20,46.416666667
87,20,46.433333333
88,20,46.45
89,20,46.466666667
90,20,46.483333333
91,20,46.5
92,20,46.516666667
93,20,46.533333333
94,20,46.55
95,20,46.566666667
96,20,46.583333333
97,20,46.6
98,20,46.616666667
99,20,46.633333333
100,20,46.65
101,20,46.666666667
102,20,46.683333333
103,20,46.7
104,20,46.716666667
105,20,46.733333333
106,20,46.75
107,20,46.766666667
108,20,46.783333333
109,20,46.8
110,20,46.816666667
111,20,46.833333333
112,20,46.85
113,20,46.866666667
114,20,46.883333333
115,20,46.9
116,20,46.916666667
117,20,46.933333333
118,20,46.95
119,20,46.966666667
120,20,46.983333333
1,21,47
2,21,47.016666667
3,21,47.033333333
4,21,47.05
5,21,47.066666667
6,21,47.083333333
7,21,47.1
8,21,47.116666667
9,21,47.133333333
10,21,47.15
11,21,47.166666667
12,21,47.183333333
13,21,47.2
14,21,47.216666667
15,21,47.233333333
16,21,47.25
17,21,47.266666667
18,21,47.283333333
19,21,47.3
20,21,47.316666667
21,21,47.333333333
22,21,47.35
23,21,47.366666667
24,21,47.383333333
25,21,47.4
26,21,47.416666667
27,21,47.433333333
28,21,47.45
29,21,47.466666667
30,21,47.483333333
31,21,47.5
32,21,47.516666667
33,21,47.533333333
34,21,47.55
35,21,47.566666667
36,21,47.583333333
37,21,47.6
38,21,47.616666667
39,21,47.633333333
40,21,47.65
41,21,47.666666667
42,21,47.683333333
43,21,47.7
44,21,47.716666667
45,21,47.733333333
46,21,47.75
47,21,47.766666667
48,21,47.783333333
49,21,47.8
50,21,47.816666667
51,21,47.833333333
52,21,47.85
53,21,47.866666667
54,21,47.883333333
55,21,47.9
56,21,47.916666667
57,21,47.933333333
58,21,47.95
59,21,47.966666667
60,21,47.983333333
61,21,48
62,21,48.016666667
63,21,48.033333333
64,21,48.05
65,21,48.066666667
66,21,48.083333333
67,21,48.1
68,21,48.116666667
69,21,48.133333333
70,21,48.15
71,21,48.166666667
72,21,48.183333333
73,21,48.2
74,21,48.216666667
75,21,48.233333333
76,21,48.25
77,21,48.266666667
78,21,48.283333333
79,21,48.3
80,21,48.316666667
81,21,48.333333333
82,21,48.35
83,21,48.366666667
84,21,48.383333333
85,21,48.4
86,21,48.416666667
87,21,48.433333333
88,21,48.45
89,21,48.466666667
90,21,48.483333333
91,21,48.5
92,21,48.516666667
93,21,48.533333333
94,21,48.55
95,21,48.566666667
96,21,48.583333333
97,21,48.6
98,21,48.616666667
99,21,48.633333333
100,21,48.65
101,21,48.666666667
102,21,48.683333333
103,21,48.7
104,21,48.716666667
105,21,48.733333333
106,21,48.75
107,21,48.766666667
108,21,48.783333333
109,21,48.8
110,21,48.816666667
111,21,48.833333333
112,21,48.85
113,21,48.866666667
114,21,48.883333333
115,21,48.9
116,21,48.916666667
117,21,48.933333333
118,21,48.95
119,21,48.966666667
120,21,48.983333333
1,22,49
2,22,49.016666667
3,22,49.033333333
4,22,49.05
5,22,49.066666667
6,22,49.083333333
7,22,49.1
8,22,49.116666667
9,22,49.133333333
10,22,49.15
11,22,49.166666667
12,22,49.183333333
13,22,49.2
14,22,49.216666667
15,22,49.233333333
16,22,49.25
17,22,49.266666667
18,22,49.283333333
19,22,49.3
20,22,49.316666667
21,22,49.333333333
22,22,49.35
23,22,49.366666667
24,22,49.383333333
25,22,49.4
26,22,49.416666667
27,22,49.433333333
28,22,49.45
29,22,49.466666667
30,22,49.483333333
31,22,49.5
32,22,49.516666667
33,22,49.533333333
34,22,49.55
35,22,49.566666667
36,22,49.583333333
37,22,49.6
38,22,49.616666667
39,22,49.633333333
40,22,49.65
41,22,49.666666667
42,22,49.683333333
43,22,49.7
44,22,49.716666667
45,22,49.733333333
46,22,49.75
47,22,49.766666667
48,22,49.783333333
49,22,49.8
50,22,49.816666667
51,22,49.833333333
52,22,49.85
53,22,49.866666667
54,22,49.883333333
55,22,49.9
56,22,49.916666667
57,22,49.933333333
58,22,49.95
59,22,49.966666667
60,22,49.983333333
61,22,50
62,22,50.016666667
63,22,50.033333333
64,22,50.05
65,22,50.066666667
66,22,50.083333333
67,22,50.1
68,22,50.116666667
69,22,50.133333333
70,22,50.15
71,22,50.166666667
72,22,50.183333333
73,22,50.2
74,22,50.216666667
75,22,50.233333333
76,22,50.25
77,22,50.266666667
78,22,50.283333333
79,22,50.3
80,22,50.316666667
81,22,50.333333333
82,22,50.35
83,22,50.366666667
84,22,50.383333333
85,22,50.4
86,22,50.416666667
87,22,50.433333333
88,22,50.45
89,22,50.466666667
90,22,50.483333333
91,22,50.5
92,22,50.516666667
93,22,50.533333333
94,22,50.55
95,22,50.566666667
96,22,50.583333333
97,22,50.6
98,22,50.616666667
99,22,50.633333333
100,22,50.65
101,22,50.666666667
102,22,50.683333333
103,22,50.7
104,22,50.716666667
105,22,50.733333333
106,22,50.75
107,22,50.766666667
108,22,50.783333333
109,22,50.8
110,22,50.816666667
111,22,50.833333333
112,22,50.85
113,22,50.866666667
114,22,50.883333333
115,22,50.9
116,22,50.916666667
117,22,50.933333333
118,22,50.95
119,22,50.966666667
120,22,50.983333333
1,23,51
2,23,51.016666667
3,23,51.033333333
4,23,51.05
5,23,51.066666667
6,23,51.083333333
7,23,51.1
8,23,51.116666667
9,23,51.133333333
10,23,51.15
11,23,51.166666667
12,23,51.183333333
13,23,51.2
14,23,51.216666667
15,23,51.233333333
16,23,51.25
17,23,51.266666667
18,23,51.283333333
19,23,51.3
20,23,51.316666667
21,23,51.333333333
22,23,51.35
23,23,51.366666667
24,23,51.383333333
25,23,51.4
26,23,51.416666667
27,23,51.433333333
28,23,51.45
29,23,51.466666667
30,23,51.483333333
31,23,51.5
32,23,51.516666667
33,23,51.533333333
34,23,51.55
35,23,51.566666667
36,23,51.583333333
37,23,51.6
38,23,51.616666667
39,23,51.633333333
40,23,51.65
41,23,51.666666667
42,23,51.683333333
43,23,51.7
44,23,51.716666667
45,23,51.733333333
46,23,51.75
47,23,51.766666667
48,23,51.783333333
49,23,51.8
50,23,51.816666667
51,23,51.833333333
52,23,51.85
53,23,51.866666667
54,23,51.883333333
55,23,51.9
56,23,51.916666667
57,23,51.933333333
58,23,51.95
59,23,51.966666667
60,23,51.983333333
61,23,52
62,23,52.016666667
63,23,52.033333333
64,23,52.05
65,23,52.066666667
66,23,52.083333333
67,23,52.1
68,23,52.116666667
69,23,52.133333333
70,23,52.15
71,23,52.166666667
72,23,52.183333333
73,23,52.2
74,23,52.216666667
75,23,52.233333333
76,23,52.25
77,23,52.266666667
78,23,52.283333333
79,23,52.3
80,23,52.316666667
81,23,52.333333333
82,23,52.35
83,23,52.366666667
84,23,52.383333333
85,23,52.4
86,23,52.416666667
87,23,52.433333333
88,23,52.45
89,23,52.466666667
90,23,52.483333333
91,23,52.5
92,23,52.516666667
93,23,52.533333333
94,23,52.55
95,23,52.566666667
96,23,52.583333333
97,23,52.6
98,23,52.616666667
99,23,52.633333333
100,23,52.65
101,23,52.666666667
102,23,52.683333333
103,23,52.7
104,23,52.716666667
105,23,52.733333333
106,23,52.75
107,23,52.766666667
108,23,52.783333333
109,23,52.8
110,23,52.816666667
111,23,52.833333333
112,23,52.85
113,23,52.866666667
114,23,52.883333333
115,23,52.9
116,23,52.916666667
117,23,52.933333333
118,23,52.95
119,23,52.966666667
120,23,52.983333333
1,24,53
2,24,53.016666667
3,24,53.033333333
4,24,53.05
5,24,53.066666667
6,24,53.083333333
7,24,53.1
8,24,53.116666667
9,24,53.133333333
10,24,53.15
11,24,53.166666667
12,24,53.183333333
13,24,53.2
14,24,53.216666667
15,24,53.233333333
16,24,53.25
17,24,53.266666667
18,24,53.283333333
19,24,53.3
20,24,53.316666667
21,24,53.333333333
22,24,53.35
23,24,53.366666667
24,24,53.383333333
25,24,53.4
26,24,53.416666667
27,24,53.433333333
28,24,53.45
29,24,53.466666667
30,24,53.483333333
31,24,53.5
32,24,53.516666667
33,24,53.533333333
34,24,53.55
35,24,53.566666667
36,24,53.583333333
37,24,53.6
38,24,53.616666667
39,24,53.633333333
40,24,53.65
41,24,53.666666667
42,24,53.683333333
43,24,53.7
44,24,53.716666667
45,24,53.733333333
46,24,53.75
47,24,53.766666667
48,24,53.783333333
49,24,53.8
50,24,53.816666667
51,24,53.833333333
52,24,53.85
53,24,53.866666667
54,24,53.883333333
55,24,53.9
56,24,53.916666667
57,24,53.933333333
58,24,53.95
59,24,53.966666667
60,24,53.983333333
61,24,54
62,24,54.016666667
63,24,54.033333333
64,24,54.05
65,24,54.066666667
66,24,54.083333333
67,24,54.1
68,24,54.116666667
69,24,54.133333333
70,24,54.15
71,24,54.166666667
72,24,54.183333333
73,24,54.2
74,24,54.216666667
75,24,54.233333333
76,24,54.25
77,24,54.266666667
78,24,54.283333333
79,24,54.3
80,24,54.316666667
81,24,54.333333333
82,24,54.35
83,24,54.366666667
84,24,54.383333333
85,24,54.4
86,24,54.416666667
87,24,54.433333333
88,24,54.45
89,24,54.466666667
90,24,54.483333333
91,24,54.5
92,24,54.516666667
93,24,54.533333333
94,24,54.55
95,24,54.566666667
96,24,54.583333333
97,24,54.6
98,24,54.616666667
99,24,54.633333333
100,24,54.65
101,24,54.666666667
102,24,54.683333333
103,24,54.7
104,24,54.716666667
105,24,54.733333333
106,24,54.75
107,24,54.766666667
108,24,54.783333333
109,24,54.8
110,24,54.816666667
111,24,54.833333333
112,24,54.85
113,24,54.866666667
114,24,54.883333333
115,24,54.9
116,24,54.916666667
117,24,54.933333333
118,24,54.95
119,24,54.966666667
120,24,54.983333333
1,25,55
2,25,55.016666667
3,25,55.033333333
4,25,55.05
5,25,55.066666667
6,25,55.083333333
7,25,55.1
8,25,55.116666667
9,25,55.133333333
10,25,55.15
11,25,55.166666667
12,25,55.183333333
13,25,55.2
14,25,55.216666667
15,25,55.233333333
16,25,55.25
17,25,55.266666667
18,25,55.283333333
19,25,55.3
20,25,55.316666667
21,25,55.333333333
22,25,55.35
23,25,55.366666667
24,25,55.383333333
25,25,55.4
26,25,55.416666667
27,25,55.433333333
28,25,55.45
29,25,55.466666667
30,25,55.483333333
31,25,55.5
32,25,55.516666667
33,25,55.533333333
34,25,55.55
35,25,55.566666667
36,25,55.583333333
37,25,55.6
38,25,55.616666667
39,25,55.633333333
40,25,55.65
41,25,55.666666667
42,25,55.683333333
43,25,55.7
44,25,55.716666667
45,25,55.733333333
46,25,55.75
47,25,55.766666667
48,25,55.783333333
49,25,55.8
50,25,55.816666667
51,25,55.833333333
52,25,55.85
53,25,55.866666667
54,25,55.883333333
55,25,55.9
56,25,55.916666667
57,25,55.933333333
58,25,55.95
59,25,55.966666667
60,25,55.983333333
61,25,56
62,25,56.016666667
63,25,56.033333333
64,25,56.05
65,25,56.066666667
66,25,56.083333333
67,25,56.1
68,25,56.116666667
69,25,56.133333333
70,25,56.15
71,25,56.166666667
72,25,56.183333333
73,25,56.2
74,25,56.216666667
75,25,56.233333333
76,25,56.25
77,25,56.266666667
78,25,56.283333333
79,25,56.3
80,25,56.316666667
81,25,56.333333333
82,25,56.35
83,25,56.366666667
84,25,56.383333333
85,25,56.4
86,25,56.416666667
87,25,56.433333333
88,25,56.45
89,25,56.466666667
90,25,56.483333333
91,25,56.5
92,25,56.516666667
93,25,56.533333333
94,25,56.55
95,25,56.566666667
96,25,56.583333333
97,25,56.6
98,25,56.616666667
99,25,56.633333333
100,25,56.65
101,25,56.666666667
102,25,56.683333333
103,25,56.7
104,25,56.716666667
105,25,56.733333333
106,25,56.75
107,25,56.766666667
108,25,56.783333333
109,25,56.8
110,25,56.816666667
111,25,56.833333333
112,25,56.85
113,25,56.866666667
114,25,56.883333333
115,25,56.9
116,25,56.916666667
117,25,56.933333333
118,25,56.95
119,25,56.966666667
120,25,56.983333333
1,26,57
2,26,57.016666667
3,26,57.033333333
4,26,57.05
5,26,57.066666667
6,26,57.083333333
7,26,57.1
8,26,57.116666667
9,26,57.133333333
10,26,57.15
11,26,57.166666667
12,26,57.183333333
13,26,57.2
14,26,57.216666667
15,26,57.233333333
16,26,57.25
17,26,57.266666667
18,26,57.283333333
19,26,57.3
20,26,57.316666667
21,26,57.333333333
22,26,57.35
23,26,57.366666667
24,26,57.383333333
25,26,57.4
26,26,57.416666667
27,26,57.433333333
28,26,57.45
29,26,57.466666667
30,26,57.483333333
31,26,57.5
32,26,57.516666667
33,26,57.533333333
34,26,57.55
35,26,57.566666667
36,26,57.583333333
37,26,57.6
38,26,57.616666667
39,26,57.633333333
40,26,57.65
41,26,57.666666667
42,26,57.683333333
43,26,57.7
44,26,57.716666667
45,26,57.733333333
46,26,57.75
47,26,57.766666667
48,26,57.783333333
49,26,57.8
50,26,57.816666667
51,26,57.833333333
52,26,57.85
53,26,57.866666667
54,26,57.883333333
55,26,57.9
56,26,57.916666667
57,26,57.933333333
58,26,57.95
59,26,57.966666667
60,26,57.983333333
61,26,58
62,26,58.016666667
63,26,58.033333333
64,26,58.05
65,26,58.066666667
66,26,58.083333333
67,26,58.1
68,26,58.116666667
69,26,58.133333333
70,26,58.15
71,26,58.166666667
72,26,58.183333333
73,26,58.2
74,26,58.216666667
75,26,58.233333333
76,26,58.25
77,26,58.266666667
78,26,58.283333333
79,26,58.3
80,26,58.316666667
81,26,58.333333333
82,26,58.35
83,26,58.366666667
84,26,58.383333333
85,26,58.4
86,26,58.416666667
87,26,58.433333333
88,26,58.45
89,26,58.466666667
90,26,58.483333333
91,26,58.5
92,26,58.516666667
93,26,58.533333333
94,26,58.55
95,26,58.566666667
96,26,58.583333333
97,26,58.6
98,26,58.616666667
99,26,58.633333333
100,26,58.65
101,26,58.666666667
102,26,58.683333333
103,26,58.7
104,26,58.716666667
105,26,58.733333333
106,26,58.75
107,26,58.766666667
108,26,58.783333333
109,26,58.8
110,26,58.816666667
111,26,58.833333333
112,26,58.85
113,26,58.866666667
114,26,58.883333333
115,26,58.9
116,26,58.916666667
117,26,58.933333333
118,26,58.95
119,26,58.966666667
120,26,58.983333333
1,27,59
2,27,59.016666667
3,27,59.033333333
4,27,59.05
5,27,59.066666667
6,27,59.083333333
7,27,59.1
8,27,59.116666667
9,27,59.133333333
10,27,59.15
11,27,59.166666667
12,27,59.183333333
13,27,59.2
14,27,59.216666667
15,27,59.233333333
16,27,59.25
17,27,59.266666667
18,27,59.283333333
19,27,59.3
20,27,59.316666667
21,27,59.333333333
22,27,59.35
23,27,59.366666667
24,27,59.383333333
25,27,59.4
26,27,59.416666667
27,27,59.433333333
28,27,59.45
29,27,59.466666667
30,27,59.483333333
31,27,59.5
32,27,59.516666667
33,27,59.533333333
34,27,59.55
35,27,59.566666667
36,27,59.583333333
37,27,59.6
38,27,59.616666667
39,27,59.633333333
40,27,59.65
41,27,59.666666667
42,27,59.683333333
43,27,59.7
44,27,59.716666667
45,27,59.733333333
46,27,59.75
47,27,59.766666667
48,27,59.783333333
49,27,59.8
50,27,59.816666667
51,27,59.833333333
52,27,59.85
53,27,59.866666667
54,27,59.883333333
55,27,59.9
56,27,59.916666667
57,27,59.933333333
58,27,59.95
59,27,59.966666667
60,27,59.983333333
61,27,60
62,27,60.016666667
63,27,60.033333333
64,27,60.05
65,27,60.066666667
66,27,60.083333333
67,27,60.1
68,27,60.116666667
69,27,60.133333333
70,27,60.15
71,27,60.166666667
72,27,60.183333333
73,27,60.2
74,27,60.216666667
75,27,60.233333333
76,27,60.25
77,27,60.266666667
78,27,60.283333333
79,27,60.3
80,27,60.316666667
81,27,60.333333333
82,27,60.35
83,27,60.366666667
84,27,60.383333333
85,27,60.4
86,27,60.416666667
87,27,60.433333333
88,27,60.45
89,27,60.466666667
90,27,60.483333333
91,27,60.5
92,27,60.516666667
93,27,60.533333333
94,27,60.55
95,27,60.566666667
96,27,60.583333333
97,27,60.6
98,27,60.616666667
99,27,60.633333333
100,27,60.65
101,27,60.666666667
102,27,60.683333333
103,27,60.7
104,27,60.716666667
105,27,60.733333333
106,27,60.75
107,27,60.766666667
108,27,60.783333333
109,27,60.8
110,27,60.816666667
111,27,60.833333333
112,27,60.85
113,27,60.866666667
114,27,60.883333333
115,27,60.9
116,27,60.916666667
117,27,60.933333333
118,27,60.95
119,27,60.966666667
120,27,60.983333333
1,28,61
2,28,61.016666667
3,28,61.033333333
4,28,61.05
5,28,61.066666667
6,28,61.083333333
7,28,61.1
8,28,61.116666667
9,28,61.133333333
10,28,61.15
11,28,61.166666667
12,28,61.183333333
13,28,61.2
14,28,61.216666667
15,28,61.233333333
16,28,61.25
17,28,61.266666667
18,28,61.283333333
19,28,61.3
20,28,61.316666667
21,28,61.333333333
22,28,61.35
23,28,61.366666667
24,28,61.383333333
25,28,61.4
26,28,61.416666667
27,28,61.433333333
28,28,61.45
29,28,61.466666667
30,28,61.483333333
31,28,61.5
32,28,61.516666667
33,28,61.533333333
34,28,61.55
35,28,61.566666667
36,28,61.583333333
37,28,61.6
38,28,61.616666667
39,28,61.633333333
40,28,61.65
41,28,61.666666667
42,28,61.683333333
43,28,61.7
44,28,61.716666667
45,28,61.733333333
46,28,61.75
47,28,61.766666667
48,28,61.783333333
49,28,61.8
50,28,61.816666667
51,28,61.833333333
52,28,61.85
53,28,61.866666667
54,28,61.883333333
55,28,61.9
56,28,61.916666667
57,28,61.933333333
58,28,61.95
59,28,61.966666667
60,28,61.983333333
61,28,62
62,28,62.016666667
63,28,62.033333333
64,28,62.05
65,28,62.066666667
66,28,62.083333333
67,28,62.1
68,28,62.116666667
69,28,62.133333333
70,28,62.15
71,28,62.166666667
72,28,62.183333333
73,28,62.2
74,28,62.216666667
75,28,62.233333333
76,28,62.25
77,28,62.266666667
78,28,62.283333333
79,28,62.3
80,28,62.316666667
81,28,62.333333333
82,28,62.35
83,28,62.366666667
84,28,62.383333333
85,28,62.4
86,28,62.416666667
87,28,62.433333333
88,28,62.45
89,28,62.466666667
90,28,62.483333333
91,28,62.5
92,28,62.516666667
93,28,62.533333333
94,28,62.55
95,28,62.566666667
96,28,62.583333333
97,28,62.6
98,28,62.616666667
99,28,62.633333333
100,28,62.65
101,28,62.666666667
102,28,62.683333333
103,28,62.7
104,28,62.716666667
105,28,62.733333333
106,28,62.75
107,28,62.766666667
108,28,62.783333333
109,28,62.8
110,28,62.816666667
111,28,62.833333333
112,28,62.85
113,28,62.866666667
114,28,62.883333333
115,28,62.9
116,28,62.916666667
117,28,62.933333333
118,28,62.95
119,28,62.966666667
120,28,62.983333333
1,29,63
2,29,63.016666667
3,29,63.033333333
4,29,63.05
5,29,63.066666667
6,29,63.083333333
7,29,63.1
8,29,63.116666667
9,29,63.133333333
10,29,63.15
11,29,63.166666667
12,29,63.183333333
13,29,63.2
14,29,63.216666667
15,29,63.233333333
16,29,63.25
17,29,63.266666667
18,29,63.283333333
19,29,63.3
20,29,63.316666667
21,29,63.333333333
22,29,63.35
23,29,63.366666667
24,29,63.383333333
25,29,63.4
26,29,63.416666667
27,29,63.433333333
28,29,63.45
29,29,63.466666667
30,29,63.483333333
31,29,63.5
32,29,63.516666667
33,29,63.533333333
34,29,63.55
35,29,63.566666667
36,29,63.583333333
37,29,63.6
38,29,63.616666667
39,29,63.633333333
40,29,63.65
41,29,63.666666667
42,29,63.683333333
43,29,63.7
44,29,63.716666667
45,29,63.733333333
46,29,63.75
47,29,63.766666667
48,29,63.783333333
49,29,63.8
50,29,63.816666667
51,29,63.833333333
52,29,63.85
53,29,63.866666667
54,29,63.883333333
55,29,63.9
56,29,63.916666667
57,29,63.933333333
58,29,63.95
59,29,63.966666667
60,29,63.983333333
61,29,64
62,29,64.016666667
63,29,64.033333333
64,29,64.05
65,29,64.066666667
66,29,64.083333333
67,29,64.1
68,29,64.116666667
69,29,64.133333333
70,29,64.15
71,29,64.166666667
72,29,64.183333333
73,29,64.2
74,29,64.216666667
75,29,64.233333333
76,29,64.25
77,29,64.266666667
78,29,64.283333333
79,29,64.3
80,29,64.316666667
81,29,64.333333333
82,29,64.35
83,29,64.366666667
84,29,64.383333333
85,29,64.4
86,29,64.416666667
87,29,64.433333333
88,29,64.45
89,29,64.466666667
90,29,64.483333333
91,29,64.5
92,29,64.516666667
93,29,64.533333333
94,29,64.55
95,29,64.566666667
96,29,64.583333333
97,29,64.6
98,29,64.616666667
99,29,64.633333333
100,29,64.65
101,29,64.666666667
102,29,64.683333333
103,29,64.7
104,29,64.716666667
105,29,64.733333333
106,29,64.75
107,29,64.766666667
108,29,64.783333333
109,29,64.8
110,29,64.816666667
111,29,64.833333333
112,29,64.85
113,29,64.866666667
114,29,64.883333333
115,29,64.9
116,29,64.916666667
117,29,64.933333333
118,29,64.95
119,29,64.966666667
120,29,64.983333333
1,30,65
2,30,65.016666667
3,30,65.033333333
4,30,65.05
5,30,65.066666667
6,30,65.083333333
7,30,65.1
8,30,65.116666667
9,30,65.133333333
10,30,65.15
11,30,65.166666667
12,30,65.183333333
13,30,65.2
14,30,65.216666667
15,30,65.233333333
16,30,65.25
17,30,65.266666667
18,30,65.283333333
19,30,65.3
20,30,65.316666667
21,30,65.333333333
22,30,65.35
23,30,65.366666667
24,30,65.383333333
25,30,65.4
26,30,65.416666667
27,30,65.433333333
28,30,65.45
29,30,65.466666667
30,30,65.483333333
31,30,65.5
32,30,65.516666667
33,30,65.533333333
34,30,65.55
35,30,65.566666667
36,30,65.583333333
37,30,65.6
38,30,65.616666667
39,30,65.633333333
40,30,65.65
41,30,65.666666667
42,30,65.683333333
43,30,65.7
44,30,65.716666667
45,30,65.733333333
46,30,65.75
47,30,65.766666667
48,30,65.783333333
49,30,65.8
50,30,65.816666667
51,30,65.833333333
52,30,65.85
53,30,65.866666667
54,30,65.883333333
55,30,65.9
56,30,65.916666667
57,30,65.933333333
58,30,65.95
59,30,65.966666667
60,30,65.983333333
61,30,66
62,30,66.016666667
63,30,66.033333333
64,30,66.05
65,30,66.066666667
66,30,66.083333333
67,30,66.1
68,30,66.116666667
69,30,66.133333333
70,30,66.15
71,30,66.166666667
72,30,66.183333333
73,30,66.2
74,30,66.216666667
75,30,66.233333333
76,30,66.25
77,30,66.266666667
78,30,66.283333333
79,30,66.3
80,30,66.316666667
81,30,66.333333333
82,30,66.35
83,30,66.366666667
84,30,66.383333333
85,30,66.4
86,30,66.416666667
87,30,66.433333333
88,30,66.45
89,30,66.466666667
90,30,66.483333333
91,30,66.5
92,30,66.516666667
93,30,66.533333333
94,30,66.55
95,30,66.566666667
96,30,66.583333333
97,30,66.6
98,30,66.616666667
99,30,66.633333333
100,30,66.65
101,30,66.666666667
102,30,66.683333333
103,30,66.7
104,30,66.716666667
105,30,66.733333333
106,30,66.75
107,30,66.766666667
108,30,66.783333333
109,30,66.8
110,30,66.816666667
111,30,66.833333333
112,30,66.85
113,30,66.866666667
114,30,66.883333333
115,30,66.9
116,30,66.916666667
117,30,66.933333333
118,30,66.95
119,30,66.966666667
120,30,66.983333333
1,31,67
2,31,67.016666667
3,31,67.033333333
4,31,67.05
5,31,67.066666667
6,31,67.083333333
7,31,67.1
8,31,67.116666667
9,31,67.133333333
10,31,67.15
11,31,67.166666667
12,31,67.183333333
13,31,67.2
14,31,67.216666667
15,31,67.233333333
16,31,67.25
17,31,67.266666667
18,31,67.283333333
19,31,67.3
20,31,67.316666667
21,31,67.333333333
22,31,67.35
23,31,67.366666667
24,31,67.383333333
25,31,67.4
26,31,67.416666667
27,31,67.433333333
28,31,67.45
29,31,67.466666667
30,31,67.483333333
31,31,67.5
32,31,67.516666667
33,31,67.533333333
34,31,67.55
35,31,67.566666667
36,31,67.583333333
37,31,67.6
38,31,67.616666667
39,31,67.633333333
40,31,67.65
41,31,67.666666667
42,31,67.683333333
43,31,67.7
44,31,67.716666667
45,31,67.733333333
46,31,67.75
47,31,67.766666667
48,31,67.783333333
49,31,67.8
50,31,67.816666667
51,31,67.833333333
52,31,67.85
53,31,67.866666667
54,31,67.883333333
55,31,67.9
56,31,67.916666667
57,31,67.933333333
58,31,67.95
59,31,67.966666667
60,31,67.983333333
61,31,68
62,31,68.016666667
63,31,68.033333333
64,31,68.05
65,31,68.066666667
66,31,68.083333333
67,31,68.1
68,31,68.116666667
69,31,68.133333333
70,31,68.15
71,31,68.166666667
72,31,68.183333333
73,31,68.2
74,31,68.216666667
75,31,68.233333333
76,31,68.25
77,31,68.266666667
78,31,68.283333333
79,31,68.3
80,31,68.316666667
81,31,68.333333333
82,31,68.35
83,31,68.366666667
84,31,68.383333333
85,31,68.4
86,31,68.416666667
87,31,68.433333333
88,31,68.45
89,31,68.466666667
90,31,68.483333333
91,31,68.5
92,31,68.516666667
93,31,68.533333333
94,31,68.55
95,31,68.566666667
96,31,68.583333333
97,31,68.6
98,31,68.616666667
99,31,68.633333333
100,31,68.65
101,31,68.666666667
102,31,68.683333333
103,31,68.7
104,31,68.716666667
105,31,68.733333333
106,31,68.75
107,31,68.766666667
108,31,68.783333333
109,31,68.8
110,31,68.816666667
111,31,68.833333333
112,31,68.85
113,31,68.866666667
114,31,68.883333333
115,31,68.9
116,31,68.916666667
117,31,68.933333333
118,31,68.95
119,31,68.966666667
120,31,68.983333333
1,32,69
2,32,69.016666667
3,32,69.033333333
4,32,69.05
5,32,69.066666667
6,32,69.083333333
7,32,69.1
8,32,69.116666667
9,32,69.133333333
10,32,69.15
11,32,69.166666667
12,32,69.183333333
13,32,69.2
14,32,69.216666667
15,32,69.233333333
16,32,69.25
17,32,69.266666667
18,32,69.283333333
19,32,69.3
20,32,69.316666667
21,32,69.333333333
22,32,69.35
23,32,69.366666667
24,32,69.383333333
25,32,69.4
26,32,69.416666667
27,32,69.433333333
28,32,69.45
29,32,69.466666667
30,32,69.483333333
31,32,69.5
32,32,69.516666667
33,32,69.533333333
34,32,69.55
35,32,69.566666667
36,32,69.583333333
37,32,69.6
38,32,69.616666667
39,32,69.633333333
40,32,69.65
41,32,69.666666667
42,32,69.683333333
43,32,69.7
44,32,69.716666667
45,32,69.733333333
46,32,69.75
47,32,69.766666667
48,32,69.783333333
49,32,69.8
50,32,69.816666667
51,32,69.833333333
52,32,69.85
53,32,69.866666667
54,32,69.883333333
55,32,69.9
56,32,69.916666667
57,32,69.933333333
58,32,69.95
59,32,69.966666667
60,32,69.983333333
61,32,70
62,32,70.016666667
63,32,70.033333333
64,32,70.05
65,32,70.066666667
66,32,70.083333333
67,32,70.1
68,32,70.116666667
69,32,70.133333333
70,32,70.15
71,32,70.166666667
72,32,70.183333333
73,32,70.2
74,32,70.216666667
75,32,70.233333333
76,32,70.25
77,32,70.266666667
78,32,70.283333333
79,32,70.3
80,32,70.316666667
81,32,70.333333333
82,32,70.35
83,32,70.366666667
84,32,70.383333333
85,32,70.4
86,32,70.416666667
87,32,70.433333333
88,32,70.45
89,32,70.466666667
90,32,70.483333333
91,32,70.5
92,32,70.516666667
93,32,70.533333333
94,32,70.55
95,32,70.566666667
96,32,70.583333333
97,32,70.6
98,32,70.616666667
99,32,70.633333333
100,32,70.65
101,32,70.666666667
102,32,70.683333333
103,32,70.7
104,32,70.716666667
105,32,70.733333333
106,32,70.75
107,32,70.766666667
108,32,70.783333333
109,32,70.8
110,32,70.816666667
111,32,70.833333333
112,32,70.85
113,32,70.866666667
114,32,70.883333333
115,32,70.9
116,32,70.916666667
117,32,70.933333333
118,32,70.95
119,32,70.966666667
120,32,70.983333333
1,33,71
2,33,71.016666667
3,33,71.033333333
4,33,71.05
5,33,71.066666667
6,33,71.083333333
7,33,71.1
8,33,71.116666667
9,33,71.133333333
10,33,71.15
11,33,71.166666667
12,33,71.183333333
13,33,71.2
14,33,71.216666667
15,33,71.233333333
16,33,71.25
17,33,71.266666667
18,33,71.283333333
19,33,71.3
20,33,71.316666667
21,33,71.333333333
22,33,71.35
23,33,71.366666667
24,33,71.383333333
25,33,71.4
26,33,71.416666667
27,33,71.433333333
28,33,71.45
29,33,71.466666667
30,33,71.483333333
31,33,71.5
32,33,71.516666667
33,33,71.533333333
34,33,71.55
35,33,71.566666667
36,33,71.583333333
37,33,71.6
38,33,71.616666667
39,33,71.633333333
40,33,71.65
41,33,71.666666667
42,33,71.683333333
43,33,71.7
44,33,71.716666667
45,33,71.733333333
46,33,71.75
47,33,71.766666667
48,33,71.783333333
49,33,71.8
50,33,71.816666667
51,33,71.833333333
52,33,71.85
53,33,71.866666667
54,33,71.883333333
55,33,71.9
56,33,71.916666667
57,33,71.933333333
58,33,71.95
59,33,71.966666667
60,33,71.983333333
61,33,72
62,33,72.016666667
63,33,72.033333333
64,33,72.05
65,33,72.066666667
66,33,72.083333333
67,33,72.1
68,33,72.116666667
69,33,72.133333333
70,33,72.15
71,33,72.166666667
72,33,72.183333333
73,33,72.2
74,33,72.216666667
75,33,72.233333333
76,33,72.25
77,33,72.266666667
78,33,72.283333333
79,33,72.3
80,33,72.316666667
81,33,72.333333333
82,33,72.35
83,33,72.366666667
84,33,72.383333333
85,33,72.4
86,33,72.416666667
87,33,72.433333333
88,33,72.45
89,33,72.466666667
90,33,72.483333333
91,33,72.5
92,33,72.516666667
93,33,72.533333333
94,33,72.55
95,33,72.566666667
96,33,72.583333333
97,33,72.6
98,33,72.616666667
99,33,72.633333333
100,33,72.65
101,33,72.666666667
102,33,72.683333333
103,33,72.7
104,33,72.716666667
105,33,72.733333333
106,33,72.75
107,33,72.766666667
108,33,72.783333333
109,33,72.8
110,33,72.816666667
111,33,72.833333333
112,33,72.85
113,33,72.866666667
114,33,72.883333333
115,33,72.9
116,33,72.916666667
117,33,72.933333333
118,33,72.95
119,33,72.966666667
120,33,72.983333333
1,34,73
2,34,73.016666667
3,34,73.033333333
4,34,73.05
5,34,73.066666667
6,34,73.083333333
7,34,73.1
8,34,73.116666667
9,34,73.133333333
10,34,73.15
11,34,73.166666667
12,34,73.183333333
13,34,73.2
14,34,73.216666667
15,34,73.233333333
16,34,73.25
17,34,73.266666667
18,34,73.283333333
19,34,73.3
20,34,73.316666667
21,34,73.333333333
22,34,73.35
23,34,73.366666667
24,34,73.383333333
25,34,73.4
26,34,73.416666667
27,34,73.433333333
28,34,73.45
29,34,73.466666667
30,34,73.483333333
31,34,73.5
32,34,73.516666667
33,34,73.533333333
34,34,73.55
35,34,73.566666667
36,34,73.583333333
37,34,73.6
38,34,73.616666667
39,34,73.633333333
40,34,73.65
41,34,73.666666667
42,34,73.683333333
43,34,73.7
44,34,73.716666667
45,34,73.733333333
46,34,73.75
47,34,73.766666667
48,34,73.783333333
49,34,73.8
50,34,73.816666667
51,34,73.833333333
52,34,73.85
53,34,73.866666667
54,34,73.883333333
55,34,73.9
56,34,73.916666667
57,34,73.933333333
58,34,73.95
59,34,73.966666667
60,34,73.983333333
61,34,74
62,34,74.016666667
63,34,74.033333333
64,34,74.05
65,34,74.066666667
66,34,74.083333333
67,34,74.1
68,34,74.116666667
69,34,74.133333333
70,34,74.15
71,34,74.166666667
72,34,74.183333333
73,34,74.2
74,34,74.216666667
75,34,74.233333333
76,34,74.25
77,34,74.266666667
78,34,74.283333333
79,34,74.3
80,34,74.316666667
81,34,74.333333333
82,34,74.35
83,34,74.366666667
84,34,74.383333333
85,34,74.4
86,34,74.416666667
87,34,74.433333333
88,34,74.45
89,34,74.466666667
90,34,74.483333333
91,34,74.5
92,34,74.516666667
93,34,74.533333333
94,34,74.55
95,34,74.566666667
96,34,74.583333333
97,34,74.6
98,34,74.616666667
99,34,74.633333333
100,34,74.65
101,34,74.666666667
102,34,74.683333333
103,34,74.7
104,34,74.716666667
105,34,74.733333333
106,34,74.75
107,34,74.766666667
108,34,74.783333333
109,34,74.8
110,34,74.816666667
111,34,74.833333333
112,34,74.85
113,34,74.866666667
114,34,74.883333333
115,34,74.9
116,34,74.916666667
117,34,74.933333333
118,34,74.95
119,34,74.966666667
120,34,74.983333333
1,35,75
2,35,75.016666667
3,35,75.033333333
4,35,75.05
5,35,75.066666667
6,35,75.083333333
7,35,75.1
8,35,75.116666667
9,35,75.133333333
10,35,75.15
11,35,75.166666667
12,35,75.183333333
13,35,75.2
14,35,75.216666667
15,35,75.233333333
16,35,75.25
17,35,75.266666667
18,35,75.283333333
19,35,75.3
20,35,75.316666667
21,35,75.333333333
22,35,75.35
23,35,75.366666667
24,35,75.383333333
25,35,75.4
26,35,75.416666667
27,35,75.433333333
28,35,75.45
29,35,75.466666667
30,35,75.483333333
31,35,75.5
32,35,75.516666667
33,35,75.533333333
34,35,75.55
35,35,75.566666667
36,35,75.583333333
37,35,75.6
38,35,75.616666667
39,35,75.633333333
40,35,75.65
41,35,75.666666667
42,35,75.683333333
43,35,75.7
44,35,75.716666667
45,35,75.733333333
46,35,75.75
47,35,75.766666667
48,35,75.783333333
49,35,75.8
50,35,75.816666667
51,35,75.833333333
52,35,75.85
53,35,75.866666667
54,35,75.883333333
55,35,75.9
56,35,75.916666667
57,35,75.933333333
58,35,75.95
59,35,75.966666667
60,35,75.983333333
61,35,76
62,35,76.016666667
63,35,76.033333333
64,35,76.05
65,35,76.066666667
66,35,76.083333333
67,35,76.1
68,35,76.116666667
69,35,76.133333333
70,35,76.15
71,35,76.166666667
72,35,76.183333333
73,35,76.2
74,35,76.216666667
75,35,76.233333333
76,35,76.25
77,35,76.266666667
78,35,76.283333333
79,35,76.3
80,35,76.316666667
81,35,76.333333333
82,35,76.35
83,35,76.366666667
84,35,76.383333333
85,35,76.4
86,35,76.416666667
87,35,76.433333333
88,35,76.45
89,35,76.466666667
90,35,76.483333333
91,35,76.5
92,35,76.516666667
93,35,76.533333333
94,35,76.55
95,35,76.566666667
96,35,76.583333333
97,35,76.6
98,35,76.616666667
99,35,76.633333333
100,35,76.65
101,35,76.666666667
102,35,76.683333333
103,35,76.7
104,35,76.716666667
105,35,76.733333333
106,35,76.75
107,35,76.766666667
108,35,76.783333333
109,35,76.8
110,35,76.816666667
111,35,76.833333333
112,35,76.85
113,35,76.866666667
114,35,76.883333333
115,35,76.9
116,35,76.916666667
117,35,76.933333333
118,35,76.95
119,35,76.966666667
120,35,76.983333333
1,36,77
2,36,77.016666667
3,36,77.033333333
4,36,77.05
5,36,77.066666667
6,36,77.083333333
7,36,77.1
8,36,77.116666667
9,36,77.133333333
10,36,77.15
11,36,77.166666667
12,36,77.183333333
13,36,77.2
14,36,77.216666667
15,36,77.233333333
16,36,77.25
17,36,77.266666667
18,36,77.283333333
19,36,77.3
20,36,77.316666667
21,36,77.333333333
22,36,77.35
23,36,77.366666667
24,36,77.383333333
25,36,77.4
26,36,77.416666667
27,36,77.433333333
28,36,77.45
29,36,77.466666667
30,36,77.483333333
31,36,77.5
32,36,77.516666667
33,36,77.533333333
34,36,77.55
35,36,77.566666667
36,36,77.583333333
37,36,77.6
38,36,77.616666667
39,36,77.633333333
40,36,77.65
41,36,77.666666667
42,36,77.683333333
43,36,77.7
44,36,77.716666667
45,36,77.733333333
46,36,77.75
47,36,77.766666667
48,36,77.783333333
49,36,77.8
50,36,77.816666667
51,36,77.833333333
52,36,77.85
53,36,77.866666667
54,36,77.883333333
55,36,77.9
56,36,77.916666667
57,36,77.933333333
58,36,77.95
59,36,77.966666667
60,36,77.983333333
61,36,78
62,36,78.016666667
63,36,78.033333333
64,36,78.05
65,36,78.066666667
66,36,78.083333333
67,36,78.1
68,36,78.116666667
69,36,78.133333333
70,36,78.15
71,36,78.166666667
72,36,78.183333333
73,36,78.2
74,36,78.216666667
75,36,78.233333333
76,36,78.25
77,36,78.266666667
78,36,78.283333333
79,36,78.3
80,36,78.316666667
81,36,78.333333333
82,36,78.35
83,36,78.366666667
84,36,78.383333333
85,36,78.4
86,36,78.416666667
87,36,78.433333333
88,36,78.45
89,36,78.466666667
90,36,78.483333333
91,36,78.5
92,36,78.516666667
93,36,78.533333333
94,36,78.55
95,36,78.566666667
96,36,78.583333333
97,36,78.6
98,36,78.616666667
99,36,78.633333333
100,36,78.65
101,36,78.666666667
102,36,78.683333333
103,36,78.7
104,36,78.716666667
105,36,78.733333333
106,36,78.75
107,36,78.766666667
108,36,78.783333333
109,36,78.8
110,36,78.816666667
111,36,78.833333333
112,36,78.85
113,36,78.866666667
114,36,78.883333333
115,36,78.9
116,36,78.916666667
117,36,78.933333333
118,36,78.95
119,36,78.966666667
120,36,78.983333333
1,37,79
2,37,79.016666667
3,37,79.033333333
4,37,79.05
5,37,79.066666667
6,37,79.083333333
7,37,79.1
8,37,79.116666667
9,37,79.133333333
10,37,79.15
11,37,79.166666667
12,37,79.183333333
13,37,79.2
14,37,79.216666667
15,37,79.233333333
16,37,79.25
17,37,79.266666667
18,37,79.283333333
19,37,79.3
20,37,79.316666667
21,37,79.333333333
22,37,79.35
23,37,79.366666667
24,37,79.383333333
25,37,79.4
26,37,79.416666667
27,37,79.433333333
28,37,79.45
29,37,79.466666667
30,37,79.483333333
31,37,79.5
32,37,79.516666667
33,37,79.533333333
34,37,79.55
35,37,79.566666667
36,37,79.583333333
37,37,79.6
38,37,79.616666667
39,37,79.633333333
40,37,79.65
41,37,79.666666667
42,37,79.683333333
43,37,79.7
44,37,79.716666667
45,37,79.733333333
46,37,79.75
47,37,79.766666667
48,37,79.783333333
49,37,79.8
50,37,79.816666667
51,37,79.833333333
52,37,79.85
53,37,79.866666667
54,37,79.883333333
55,37,79.9
56,37,79.916666667
57,37,79.933333333
58,37,79.95
59,37,79.966666667
60,37,79.983333333
61,37,80
62,37,80.016666667
63,37,80.033333333
64,37,80.05
65,37,80.066666667
66,37,80.083333333
67,37,80.1
68,37,80.116666667
69,37,80.133333333
70,37,80.15
71,37,80.166666667
72,37,80.183333333
73,37,80.2
74,37,80.216666667
75,37,80.233333333
76,37,80.25
77,37,80.266666667
78,37,80.283333333
79,37,80.3
80,37,80.316666667
81,37,80.333333333
82,37,80.35
83,37,80.366666667
84,37,80.383333333
85,37,80.4
86,37,80.416666667
87,37,80.433333333
88,37,80.45
89,37,80.466666667
90,37,80.483333333
91,37,80.5
92,37,80.516666667
93,37,80.533333333
94,37,80.55
95,37,80.566666667
96,37,80.583333333
97,37,80.6
98,37,80.616666667
99,37,80.633333333
100,37,80.65
101,37,80.666666667
102,37,80.683333333
103,37,80.7
104,37,80.716666667
105,37,80.733333333
106,37,80.75
107,37,80.766666667
108,37,80.783333333
109,37,80.8
110,37,80.816666667
111,37,80.833333333
112,37,80.85
113,37,80.866666667
114,37,80.883333333
115,37,80.9
116,37,80.916666667
117,37,80.933333333
118,37,80.95
119,37,80.966666667
120,37,80.983333333
1,38,81
2,38,81.016666667
3,38,81.033333333
4,38,81.05
5,38,81.066666667
6,38,81.083333333
7,38,81.1
8,38,81.116666667
9,38,81.133333333
10,38,81.15
11,38,81.166666667
12,38,81.183333333
13,38,81.2
14,38,81.216666667
15,38,81.233333333
16,38,81.25
17,38,81.266666667
18,38,81.283333333
19,38,81.3
20,38,81.316666667
21,38,81.333333333
22,38,81.35
23,38,81.366666667
24,38,81.383333333
25,38,81.4
26,38,81.416666667
27,38,81.433333333
28,38,81.45
29,38,81.466666667
30,38,81.483333333
31,38,81.5
32,38,81.516666667
33,38,81.533333333
34,38,81.55
35,38,81.566666667
36,38,81.583333333
37,38,81.6
38,38,81.616666667
39,38,81.633333333
40,38,81.65
41,38,81.666666667
42,38,81.683333333
43,38,81.7
44,38,81.716666667
45,38,81.733333333
46,38,81.75
47,38,81.766666667
48,38,81.783333333
49,38,81.8
50,38,81.816666667
51,38,81.833333333
52,38,81.85
53,38,81.866666667
54,38,81.883333333
55,38,81.9
56,38,81.916666667
57,38,81.933333333
58,38,81.95
59,38,81.966666667
60,38,81.983333333
61,38,82
62,38,82.016666667
63,38,82.033333333
64,38,82.05
65,38,82.066666667
66,38,82.083333333
67,38,82.1
68,38,82.116666667
69,38,82.133333333
70,38,82.15
71,38,82.166666667
72,38,82.183333333
73,38,82.2
74,38,82.216666667
75,38,82.233333333
76,38,82.25
77,38,82.266666667
78,38,82.283333333
79,38,82.3
80,38,82.316666667
81,38,82.333333333
82,38,82.35
83,38,82.366666667
84,38,82.383333333
85,38,82.4
86,38,82.416666667
87,38,82.433333333
88,38,82.45
89,38,82.466666667
90,38,82.483333333
91,38,82.5
92,38,82.516666667
93,38,82.533333333
94,38,82.55
95,38,82.566666667
96,38,82.583333333
97,38,82.6
98,38,82.616666667
99,38,82.633333333
100,38,82.65
101,38,82.666666667
102,38,82.683333333
103,38,82.7
104,38,82.716666667
105,38,82.733333333
106,38,82.75
107,38,82.766666667
108,38,82.783333333
109,38,82.8
110,38,82.816666667
111,38,82.833333333
112,38,82.85
113,38,82.866666667
114,38,82.883333333
115,38,82.9
116,38,82.916666667
117,38,82.933333333
118,38,82.95
119,38,82.966666667
120,38,82.983333333
1,39,83
2,39,83.016666667
3,39,83.033333333
4,39,83.05
5,39,83.066666667
6,39,83.083333333
7,39,83.1
8,39,83.116666667
9,39,83.133333333
10,39,83.15
11,39,83.166666667
12,39,83.183333333
13,39,83.2
14,39,83.216666667
15,39,83.233333333
16,39,83.25
17,39,83.266666667
18,39,83.283333333
19,39,83.3
20,39,83.316666667
21,39,83.333333333
22,39,83.35
23,39,83.366666667
24,39,83.383333333
25,39,83.4
26,39,83.416666667
27,39,83.433333333
28,39,83.45
29,39,83.466666667
30,39,83.483333333
31,39,83.5
32,39,83.516666667
33,39,83.533333333
34,39,83.55
35,39,83.566666667
36,39,83.583333333
37,39,83.6
38,39,83.616666667
39,39,83.633333333
40,39,83.65
41,39,83.666666667
42,39,83.683333333
43,39,83.7
44,39,83.716666667
45,39,83.733333333
46,39,83.75
47,39,83.766666667
48,39,83.783333333
49,39,83.8
50,39,83.816666667
51,39,83.833333333
52,39,83.85
53,39,83.866666667
54,39,83.883333333
55,39,83.9
56,39,83.916666667
57,39,83.933333333
58,39,83.95
59,39,83.966666667
60,39,83.983333333
61,39,84
62,39,84.016666667
63,39,84.033333333
64,39,84.05
65,39,84.066666667
66,39,84.083333333
67,39,84.1
68,39,84.116666667
69,39,84.133333333
70,39,84.15
71,39,84.166666667
72,39,84.183333333
73,39,84.2
74,39,84.216666667
75,39,84.233333333
76,39,84.25
77,39,84.266666667
78,39,84.283333333
79,39,84.3
80,39,84.316666667
81,39,84.333333333
82,39,84.35
83,39,84.366666667
84,39,84.383333333
85,39,84.4
86,39,84.416666667
87,39,84.433333333
88,39,84.45
89,39,84.466666667
90,39,84.483333333
91,39,84.5
92,39,84.516666667
93,39,84.533333333
94,39,84.55
95,39,84.566666667
96,39,84.583333333
97,39,84.6
98,39,84.616666667
99,39,84.633333333
100,39,84.65
101,39,84.666666667
102,39,84.683333333
103,39,84.7
104,39,84.716666667
105,39,84.733333333
106,39,84.75
107,39,84.766666667
108,39,84.783333333
109,39,84.8
110,39,84.816666667
111,39,84.833333333
112,39,84.85
113,39,84.866666667
114,39,84.883333333
115,39,84.9
116,39,84.916666667
117,39,84.933333333
118,39,84.95
119,39,84.966666667
120,39,84.983333333
1,40,85
2,40,85.016666667
3,40,85.033333333
4,40,85.05
5,40,85.066666667
6,40,85.083333333
7,40,85.1
8,40,85.116666667
9,40,85.133333333
10,40,85.15
11,40,85.166666667
12,40,85.183333333
13,40,85.2
14,40,85.216666667
15,40,85.233333333
16,40,85.25
17,40,85.266666667
18,40,85.283333333
19,40,85.3
20,40,85.316666667
21,40,85.333333333
22,40,85.35
23,40,85.366666667
24,40,85.383333333
25,40,85.4
26,40,85.416666667
27,40,85.433333333
28,40,85.45
29,40,85.466666667
30,40,85.483333333
31,40,85.5
32,40,85.516666667
33,40,85.533333333
34,40,85.55
35,40,85.566666667
36,40,85.583333333
37,40,85.6
38,40,85.616666667
39,40,85.633333333
40,40,85.65
41,40,85.666666667
42,40,85.683333333
43,40,85.7
44,40,85.716666667
45,40,85.733333333
46,40,85.75
47,40,85.766666667
48,40,85.783333333
49,40,85.8
50,40,85.816666667
51,40,85.833333333
52,40,85.85
53,40,85.866666667
54,40,85.883333333
55,40,85.9
56,40,85.916666667
57,40,85.933333333
58,40,85.95
59,40,85.966666667
60,40,85.983333333
61,40,86
62,40,86.016666667
63,40,86.033333333
64,40,86.05
65,40,86.066666667
66,40,86.083333333
67,40,86.1
68,40,86.116666667
69,40,86.133333333
70,40,86.15
71,40,86.166666667
72,40,86.183333333
73,40,86.2
74,40,86.216666667
75,40,86.233333333
76,40,86.25
77,40,86.266666667
78,40,86.283333333
79,40,86.3
80,40,86.316666667
81,40,86.333333333
82,40,86.35
83,40,86.366666667
84,40,86.383333333
85,40,86.4
86,40,86.416666667
87,40,86.433333333
88,40,86.45
89,40,86.466666667
90,40,86.483333333
91,40,86.5
92,40,86.516666667
93,40,86.533333333
94,40,86.55
95,40,86.566666667
96,40,86.583333333
97,40,86.6
98,40,86.616666667
99,40,86.633333333
100,40,86.65
101,40,86.666666667
102,40,86.683333333
103,40,86.7
104,40,86.716666667
105,40,86.733333333
106,40,86.75
107,40,86.766666667
108,40,86.783333333
109,40,86.8
110,40,86.816666667
111,40,86.833333333
112,40,86.85
113,40,86.866666667
114,40,86.883333333
115,40,86.9
116,40,86.916666667
117,40,86.933333333
118,40,86.95
119,40,86.966666667
120,40,86.983333333
1,41,87
2,41,87.016666667
3,41,87.033333333
4,41,87.05
5,41,87.066666667
6,41,87.083333333
7,41,87.1
8,41,87.116666667
9,41,87.133333333
10,41,87.15
11,41,87.166666667
12,41,87.183333333
13,41,87.2
14,41,87.216666667
15,41,87.233333333
16,41,87.25
17,41,87.266666667
18,41,87.283333333
19,41,87.3
20,41,87.316666667
21,41,87.333333333
22,41,87.35
23,41,87.366666667
24,41,87.383333333
25,41,87.4
26,41,87.416666667
27,41,87.433333333
28,41,87.45
29,41,87.466666667
30,41,87.483333333
31,41,87.5
32,41,87.516666667
33,41,87.533333333
34,41,87.55
35,41,87.566666667
36,41,87.583333333
37,41,87.6
38,41,87.616666667
39,41,87.633333333
40,41,87.65
41,41,87.666666667
42,41,87.683333333
43,41,87.7
44,41,87.716666667
45,41,87.733333333
46,41,87.75
47,41,87.766666667
48,41,87.783333333
49,41,87.8
50,41,87.816666667
51,41,87.833333333
52,41,87.85
53,41,87.866666667
54,41,87.883333333
55,41,87.9
56,41,87.916666667
57,41,87.933333333
58,41,87.95
59,41,87.966666667
60,41,87.983333333
61,41,88
62,41,88.016666667
63,41,88.033333333
64,41,88.05
65,41,88.066666667
66,41,88.083333333
67,41,88.1
68,41,88.116666667
69,41,88.133333333
70,41,88.15
71,41,88.166666667
72,41,88.183333333
73,41,88.2
74,41,88.216666667
75,41,88.233333333
76,41,88.25
77,41,88.266666667
78,41,88.283333333
79,41,88.3
80,41,88.316666667
81,41,88.333333333
82,41,88.35
83,41,88.366666667
84,41,88.383333333
85,41,88.4
86,41,88.416666667
87,41,88.433333333
88,41,88.45
89,41,88.466666667
90,41,88.483333333
91,41,88.5
92,41,88.516666667
93,41,88.533333333
94,41,88.55
95,41,88.566666667
96,41,88.583333333
97,41,88.6
98,41,88.616666667
99,41,88.633333333
100,41,88.65
101,41,88.666666667
102,41,88.683333333
103,41,88.7
104,41,88.716666667
105,41,88.733333333
106,41,88.75
107,41,88.766666667
108,41,88.783333333
109,41,88.8
110,41,88.816666667
111,41,88.833333333
112,41,88.85
113,41,88.866666667
114,41,88.883333333
115,41,88.9
116,41,88.916666667
117,41,88.933333333
118,41,88.95
119,41,88.966666667
120,41,88.983333333
1,42,89
2,42,89.016666667
3,42,89.033333333
4,42,89.05
5,42,89.066666667
6,42,89.083333333
7,42,89.1
8,42,89.116666667
9,42,89.133333333
10,42,89.15
11,42,89.166666667
12,42,89.183333333
13,42,89.2
14,42,89.216666667
15,42,89.233333333
16,42,89.25
17,42,89.266666667
18,42,89.283333333
19,42,89.3
20,42,89.316666667
21,42,89.333333333
22,42,89.35
23,42,89.366666667
24,42,89.383333333
25,42,89.4
26,42,89.416666667
27,42,89.433333333
28,42,89.45
29,42,89.466666667
30,42,89.483333333
31,42,89.5
32,42,89.516666667
33,42,89.533333333
34,42,89.55
35,42,89.566666667
36,42,89.583333333
37,42,89.6
38,42,89.616666667
39,42,89.633333333
40,42,89.65
41,42,89.666666667
42,42,89.683333333
43,42,89.7
44,42,89.716666667
45,42,89.733333333
46,42,89.75
47,42,89.766666667
48,42,89.783333333
49,42,89.8
50,42,89.816666667
51,42,89.833333333
52,42,89.85
53,42,89.866666667
54,42,89.883333333
55,42,89.9
56,42,89.916666667
57,42,89.933333333
58,42,89.95
59,42,89.966666667
60,42,89.983333333
61,42,90
62,42,90.016666667
63,42,90.033333333
64,42,90.05
65,42,90.066666667
66,42,90.083333333
67,42,90.1
68,42,90.116666667
69,42,90.133333333
70,42,90.15
71,42,90.166666667
72,42,90.183333333
73,42,90.2
74,42,90.216666667
75,42,90.233333333
76,42,90.25
77,42,90.266666667
78,42,90.283333333
79,42,90.3
80,42,90.316666667
81,42,90.333333333
82,42,90.35
83,42,90.366666667
84,42,90.383333333
85,42,90.4
86,42,90.416666667
87,42,90.433333333
88,42,90.45
89,42,90.466666667
90,42,90.483333333
91,42,90.5
92,42,90.516666667
93,42,90.533333333
94,42,90.55
95,42,90.566666667
96,42,90.583333333
97,42,90.6
98,42,90.616666667
99,42,90.633333333
100,42,90.65
101,42,90.666666667
102,42,90.683333333
103,42,90.7
104,42,90.716666667
105,42,90.733333333
106,42,90.75
107,42,90.766666667
108,42,90.783333333
109,42,90.8
110,42,90.816666667
111,42,90.833333333
112,42,90.85
113,42,90.866666667
114,42,90.883333333
115,42,90.9
116,42,90.916666667
117,42,90.933333333
118,42,90.95
119,42,90.966666667
120,42,90.983333333
1,43,91
2,43,91.016666667
3,43,91.033333333
4,43,91.05
5,43,91.066666667
6,43,91.083333333
7,43,91.1
8,43,91.116666667
9,43,91.133333333
10,43,91.15
11,43,91.166666667
12,43,91.183333333
13,43,91.2
14,43,91.216666667
15,43,91.233333333
16,43,91.25
17,43,91.266666667
18,43,91.283333333
19,43,91.3
20,43,91.316666667
21,43,91.333333333
22,43,91.35
23,43,91.366666667
24,43,91.383333333
25,43,91.4
26,43,91.416666667
27,43,91.433333333
28,43,91.45
29,43,91.466666667
30,43,91.483333333
31,43,91.5
32,43,91.516666667
33,43,91.533333333
34,43,91.55
35,43,91.566666667
36,43,91.583333333
37,43,91.6
38,43,91.616666667
39,43,91.633333333
40,43,91.65
41,43,91.666666667
42,43,91.683333333
43,43,91.7
44,43,91.716666667
45,43,91.733333333
46,43,91.75
47,43,91.766666667
48,43,91.783333333
49,43,91.8
50,43,91.816666667
51,43,91.833333333
52,43,91.85
53,43,91.866666667
54,43,91.883333333
55,43,91.9
56,43,91.916666667
57,43,91.933333333
58,43,91.95
59,43,91.966666667
60,43,91.983333333
61,43,92
62,43,92.016666667
63,43,92.033333333
64,43,92.05
65,43,92.066666667
66,43,92.083333333
67,43,92.1
68,43,92.116666667
69,43,92.133333333
70,43,92.15
71,43,92.166666667
72,43,92.183333333
73,43,92.2
74,43,92.216666667
75,43,92.233333333
76,43,92.25
77,43,92.266666667
78,43,92.283333333
79,43,92.3
80,43,92.316666667
81,43,92.333333333
82,43,92.35
83,43,92.366666667
84,43,92.383333333
85,43,92.4
86,43,92.416666667
87,43,92.433333333
88,43,92.45
89,43,92.466666667
90,43,92.483333333
91,43,92.5
92,43,92.516666667
93,43,92.533333333
94,43,92.55
95,43,92.566666667
96,43,92.583333333
97,43,92.6
98,43,92.616666667
99,43,92.633333333
100,43,92.65
101,43,92.666666667
102,43,92.683333333
103,43,92.7
104,43,92.716666667
105,43,92.733333333
106,43,92.75
107,43,92.766666667
108,43,92.783333333
109,43,92.8
110,43,92.816666667
111,43,92.833333333
112,43,92.85
113,43,92.866666667
114,43,92.883333333
115,43,92.9
116,43,92.916666667
117,43,92.933333333
118,43,92.95
119,43,92.966666667
120,43,92.983333333
1,44,93
2,44,93.016666667
3,44,93.033333333
4,44,93.05
5,44,93.066666667
6,44,93.083333333
7,44,93.1
8,44,93.116666667
9,44,93.133333333
10,44,93.15
11,44,93.166666667
12,44,93.183333333
13,44,93.2
14,44,93.216666667
15,44,93.233333333
16,44,93.25
17,44,93.266666667
18,44,93.283333333
19,44,93.3
20,44,93.316666667
21,44,93.333333333
22,44,93.35
23,44,93.366666667
24,44,93.383333333
25,44,93.4
26,44,93.416666667
27,44,93.433333333
28,44,93.45
29,44,93.466666667
30,44,93.483333333
31,44,93.5
32,44,93.516666667
33,44,93.533333333
34,44,93.55
35,44,93.566666667
36,44,93.583333333
37,44,93.6
38,44,93.616666667
39,44,93.633333333
40,44,93.65
41,44,93.666666667
42,44,93.683333333
43,44,93.7
44,44,93.716666667
45,44,93.733333333
46,44,93.75
47,44,93.766666667
48,44,93.783333333
49,44,93.8
50,44,93.816666667
51,44,93.833333333
52,44,93.85
53,44,93.866666667
54,44,93.883333333
55,44,93.9
56,44,93.916666667
57,44,93.933333333
58,44,93.95
59,44,93.966666667
60,44,93.983333333
61,44,94
62,44,94.016666667
63,44,94.033333333
64,44,94.05
65,44,94.066666667
66,44,94.083333333
67,44,94.1
68,44,94.116666667
69,44,94.133333333
70,44,94.15
71,44,94.166666667
72,44,94.183333333
73,44,94.2
74,44,94.216666667
75,44,94.233333333
76,44,94.25
77,44,94.266666667
78,44,94.283333333
79,44,94.3
80,44,94.316666667
81,44,94.333333333
82,44,94.35
83,44,94.366666667
84,44,94.383333333
85,44,94.4
86,44,94.416666667
87,44,94.433333333
88,44,94.45
89,44,94.466666667
90,44,94.483333333
91,44,94.5
92,44,94.516666667
93,44,94.533333333
94,44,94.55
95,44,94.566666667
96,44,94.583333333
97,44,94.6
98,44,94.616666667
99,44,94.633333333
100,44,94.65
101,44,94.666666667
102,44,94.683333333
103,44,94.7
104,44,94.716666667
105,44,94.733333333
106,44,94.75
107,44,94.766666667
108,44,94.783333333
109,44,94.8
110,44,94.816666667
111,44,94.833333333
112,44,94.85
113,44,94.866666667
114,44,94.883333333
115,44,94.9
116,44,94.916666667
117,44,94.933333333
118,44,94.95
119,44,94.966666667
120,44,94.983333333
1,45,95
2,45,95.016666667
3,45,95.033333333
4,45,95.05
5,45,95.066666667
6,45,95.083333333
7,45,95.1
8,45,95.116666667
9,45,95.133333333
10,45,95.15
11,45,95.166666667
12,45,95.183333333
13,45,95.2
14,45,95.216666667
15,45,95.233333333
16,45,95.25
17,45,95.266666667
18,45,95.283333333
19,45,95.3
20,45,95.316666667
21,45,95.333333333
22,45,95.35
23,45,95.366666667
24,45,95.383333333
25,45,95.4
26,45,95.416666667
27,45,95.433333333
28,45,95.45
29,45,95.466666667
30,45,95.483333333
31,45,95.5
32,45,95.516666667
33,45,95.533333333
34,45,95.55
35,45,95.566666667
36,45,95.583333333
37,45,95.6
38,45,95.616666667
39,45,95.633333333
40,45,95.65
41,45,95.666666667
42,45,95.683333333
43,45,95.7
44,45,95.716666667
45,45,95.733333333
46,45,95.75
47,45,95.766666667
48,45,95.783333333
49,45,95.8
50,45,95.816666667
51,45,95.833333333
52,45,95.85
53,45,95.866666667
54,45,95.883333333
55,45,95.9
56,45,95.916666667
57,45,95.933333333
58,45,95.95
59,45,95.966666667
60,45,95.983333333
61,45,96
62,45,96.016666667
63,45,96.033333333
64,45,96.05
65,45,96.066666667
66,45,96.083333333
67,45,96.1
68,45,96.116666667
69,45,96.133333333
70,45,96.15
71,45,96.166666667
72,45,96.183333333
73,45,96.2
74,45,96.216666667
75,45,96.233333333
76,45,96.25
77,45,96.266666667
78,45,96.283333333
79,45,96.3
80,45,96.316666667
81,45,96.333333333
82,45,96.35
83,45,96.366666667
84,45,96.383333333
85,45,96.4
86,45,96.416666667
87,45,96.433333333
88,45,96.45
89,45,96.466666667
90,45,96.483333333
91,45,96.5
92,45,96.516666667
93,45,96.533333333
94,45,96.55
95,45,96.566666667
96,45,96.583333333
97,45,96.6
98,45,96.616666667
99,45,96.633333333
100,45,96.65
101,45,96.666666667
102,45,96.683333333
103,45,96.7
104,45,96.716666667
105,45,96.733333333
106,45,96.75
107,45,96.766666667
108,45,96.783333333
109,45,96.8
110,45,96.816666667
111,45,96.833333333
112,45,96.85
113,45,96.866666667
114,45,96.883333333
115,45,96.9
116,45,96.916666667
117,45,96.933333333
118,45,96.95
119,45,96.966666667
120,45,96.983333333
1,46,97
2,46,97.016666667
3,46,97.033333333
4,46,97.05
5,46,97.066666667
6,46,97.083333333
7,46,97.1
8,46,97.116666667
9,46,97.133333333
10,46,97.15
11,46,97.166666667
12,46,97.183333333
13,46,97.2
14,46,97.216666667
15,46,97.233333333
16,46,97.25
17,46,97.266666667
18,46,97.283333333
19,46,97.3
20,46,97.316666667
21,46,97.333333333
22,46,97.35
23,46,97.366666667
24,46,97.383333333
25,46,97.4
26,46,97.416666667
27,46,97.433333333
28,46,97.45
29,46,97.466666667
30,46,97.483333333
31,46,97.5
32,46,97.516666667
33,46,97.533333333
34,46,97.55
35,46,97.566666667
36,46,97.583333333
37,46,97.6
38,46,97.616666667
39,46,97.633333333
40,46,97.65
41,46,97.666666667
42,46,97.683333333
43,46,97.7
44,46,97.716666667
45,46,97.733333333
46,46,97.75
47,46,97.766666667
48,46,97.783333333
49,46,97.8
50,46,97.816666667
51,46,97.833333333
52,46,97.85
53,46,97.866666667
54,46,97.883333333
55,46,97.9
56,46,97.916666667
57,46,97.933333333
58,46,97.95
59,46,97.966666667
60,46,97.983333333
61,46,98
62,46,98.016666667
63,46,98.033333333
64,46,98.05
65,46,98.066666667
66,46,98.083333333
67,46,98.1
68,46,98.116666667
69,46,98.133333333
70,46,98.15
71,46,98.166666667
72,46,98.183333333
73,46,98.2
74,46,98.216666667
75,46,98.233333333
76,46,98.25
77,46,98.266666667
78,46,98.283333333
79,46,98.3
80,46,98.316666667
81,46,98.333333333
82,46,98.35
83,46,98.366666667
84,46,98.383333333
85,46,98.4
86,46,98.416666667
87,46,98.433333333
88,46,98.45
89,46,98.466666667
90,46,98.483333333
91,46,98.5
92,46,98.516666667
93,46,98.533333333
94,46,98.55
95,46,98.566666667
96,46,98.583333333
97,46,98.6
98,46,98.616666667
99,46,98.633333333
100,46,98.65
101,46,98.666666667
102,46,98.683333333
103,46,98.7
104,46,98.716666667
105,46,98.733333333
106,46,98.75
107,46,98.766666667
108,46,98.783333333
109,46,98.8
110,46,98.816666667
111,46,98.833333333
112,46,98.85
113,46,98.866666667
114,46,98.883333333
115,46,98.9
116,46,98.916666667
117,46,98.933333333
118,46,98.95
119,46,98.966666667
120,46,98.983333333
1,47,99
2,47,99.016666667
3,47,99.033333333
4,47,99.05
5,47,99.066666667
6,47,99.083333333
7,47,99.1
8,47,99.116666667
9,47,99.133333333
10,47,99.15
11,47,99.166666667
12,47,99.183333333
13,47,99.2
14,47,99.216666667
15,47,99.233333333
16,47,99.25
17,47,99.266666667
18,47,99.283333333
19,47,99.3
20,47,99.316666667
21,47,99.333333333
22,47,99.35
23,47,99.366666667
24,47,99.383333333
25,47,99.4
26,47,99.416666667
27,47,99.433333333
28,47,99.45
29,47,99.466666667
30,47,99.483333333
31,47,99.5
32,47,99.516666667
33,47,99.533333333
34,47,99.55
35,47,99.566666667
36,47,99.583333333
37,47,99.6
38,47,99.616666667
39,47,99.633333333
40,47,99.65
41,47,99.666666667
42,47,99.683333333
43,47,99.7
44,47,99.716666667
45,47,99.733333333
46,47,99.75
47,47,99.766666667
48,47,99.783333333
49,47,99.8
50,47,99.816666667
51,47,99.833333333
52,47,99.85
53,47,99.866666667
54,47,99.883333333
55,47,99.9
56,47,99.916666667
57,47,99.933333333
58,47,99.95
59,47,99.966666667
60,47,99.983333333
61,47,100
62,47,100.016666667
63,47,100.033333333
64,47,100.05
65,47,100.066666667
66,47,100.083333333
67,47,100.1
68,47,100.116666667
69,47,100.133333333
70,47,100.15
71,47,100.166666667
72,47,100.183333333
73,47,100.2
74,47,100.216666667
75,47,100.233333333
76,47,100.25
77,47,100.266666667
78,47,100.283333333
79,47,100.3
80,47,100.316666667
81,47,100.333333333
82,47,100.35
83,47,100.366666667
84,47,100.383333333
85,47,100.4
86,47,100.416666667
87,47,100.433333333
88,47,100.45
89,47,100.466666667
90,47,100.483333333
91,47,100.5
92,47,100.516666667
93,47,100.533333333
94,47,100.55
95,47,100.566666667
96,47,100.583333333
97,47,100.6
98,47,100.616666667
99,47,100.633333333
100,47,100.65
101,47,100.666666667
102,47,100.683333333
103,47,100.7
104,47,100.716666667
105,47,100.733333333
106,47,100.75
107,47,100.766666667
108,47,100.783333333
109,47,100.8
110,47,100.816666667
111,47,100.833333333
112,47,100.85
113,47,100.866666667
114,47,100.883333333
115,47,100.9
116,47,100.916666667
117,47,100.933333333
118,47,100.95
119,47,100.966666667
120,47,100.983333333
1,48,101
2,48,101.016666667
3,48,101.033333333
4,48,101.05
5,48,101.066666667
6,48,101.083333333
7,48,101.1
8,48,101.116666667
9,48,101.133333333
10,48,101.15
11,48,101.166666667
12,48,101.183333333
13,48,101.2
14,48,101.216666667
15,48,101.233333333
16,48,101.25
17,48,101.266666667
18,48,101.283333333
19,48,101.3
20,48,101.316666667
21,48,101.333333333
22,48,101.35
23,48,101.366666667
24,48,101.383333333
25,48,101.4
26,48,101.416666667
27,48,101.433333333
28,48,101.45
29,48,101.466666667
30,48,101.483333333
31,48,101.5
32,48,101.516666667
33,48,101.533333333
34,48,101.55
35,48,101.566666667
36,48,101.583333333
37,48,101.6
38,48,101.616666667
39,48,101.633333333
40,48,101.65
41,48,101.666666667
42,48,101.683333333
43,48,101.7
44,48,101.716666667
45,48,101.733333333
46,48,101.75
47,48,101.766666667
48,48,101.783333333
49,48,101.8
50,48,101.816666667
51,48,101.833333333
52,48,101.85
53,48,101.866666667
54,48,101.883333333
55,48,101.9
56,48,101.916666667
57,48,101.933333333
58,48,101.95
59,48,101.966666667
60,48,101.983333333
61,48,102
62,48,102.016666667
63,48,102.033333333
64,48,102.05
65,48,102.066666667
66,48,102.083333333
67,48,102.1
68,48,102.116666667
69,48,102.133333333
70,48,102.15
71,48,102.166666667
72,48,102.183333333
73,48,102.2
74,48,102.216666667
75,48,102.233333333
76,48,102.25
77,48,102.266666667
78,48,102.283333333
79,48,102.3
80,48,102.316666667
81,48,102.333333333
82,48,102.35
83,48,102.366666667
84,48,102.383333333
85,48,102.4
86,48,102.416666667
87,48,102.433333333
88,48,102.45
89,48,102.466666667
90,48,102.483333333
91,48,102.5
92,48,102.516666667
93,48,102.533333333
94,48,102.55
95,48,102.566666667
96,48,102.583333333
97,48,102.6
98,48,102.616666667
99,48,102.633333333
100,48,102.65
101,48,102.666666667
102,48,102.683333333
103,48,102.7
104,48,102.716666667
105,48,102.733333333
106,48,102.75
107,48,102.766666667
108,48,102.783333333
109,48,102.8
110,48,102.816666667
111,48,102.833333333
112,48,102.85
113,48,102.866666667
114,48,102.883333333
115,48,102.9
116,48,102.916666667
117,48,102.933333333
118,48,102.95
119,48,102.966666667
120,48,102.983333333
1,49,103
2,49,103.016666667
3,49,103.033333333
4,49,103.05
5,49,103.066666667
6,49,103.083333333
7,49,103.1
8,49,103.116666667
9,49,103.133333333
10,49,103.15
11,49,103.166666667
12,49,103.183333333
13,49,103.2
14,49,103.216666667
15,49,103.233333333
16,49,103.25
17,49,103.266666667
18,49,103.283333333
19,49,103.3
20,49,103.316666667
21,49,103.333333333
22,49,103.35
23,49,103.366666667
24,49,103.383333333
25,49,103.4
26,49,103.416666667
27,49,103.433333333
28,49,103.45
29,49,103.466666667
30,49,103.483333333
31,49,103.5
32,49,103.516666667
33,49,103.533333333
34,49,103.55
35,49,103.566666667
36,49,103.583333333
37,49,103.6
38,49,103.616666667
39,49,103.633333333
40,49,103.65
41,49,103.666666667
42,49,103.683333333
43,49,103.7
44,49,103.716666667
45,49,103.733333333
46,49,103.75
47,49,103.766666667
48,49,103.783333333
49,49,103.8
50,49,103.816666667
51,49,103.833333333
52,49,103.85
53,49,103.866666667
54,49,103.883333333
55,49,103.9
56,49,103.916666667
57,49,103.933333333
58,49,103.95
59,49,103.966666667
60,49,103.983333333
61,49,104
62,49,104.016666667
63,49,104.033333333
64,49,104.05
65,49,104.066666667
66,49,104.083333333
67,49,104.1
68,49,104.116666667
69,49,104.133333333
70,49,104.15
71,49,104.166666667
72,49,104.183333333
73,49,104.2
74,49,104.216666667
75,49,104.233333333
76,49,104.25
77,49,104.266666667
78,49,104.283333333
79,49,104.3
80,49,104.316666667
81,49,104.333333333
82,49,104.35
83,49,104.366666667
84,49,104.383333333
85,49,104.4
86,49,104.416666667
87,49,104.433333333
88,49,104.45
89,49,104.466666667
90,49,104.483333333
91,49,104.5
92,49,104.516666667
93,49,104.533333333
94,49,104.55
95,49,104.566666667
96,49,104.583333333
97,49,104.6
98,49,104.616666667
99,49,104.633333333
100,49,104.65
101,49,104.666666667
102,49,104.683333333
103,49,104.7
104,49,104.716666667
105,49,104.733333333
106,49,104.75
107,49,104.766666667
108,49,104.783333333
109,49,104.8
110,49,104.816666667
111,49,104.833333333
112,49,104.85
113,49,104.866666667
114,49,104.883333333
115,49,104.9
116,49,104.916666667
117,49,104.933333333
118,49,104.95
119,49,104.966666667
120,49,104.983333333
1,50,105
2,50,105.016666667
3,50,105.033333333
4,50,105.05
5,50,105.066666667
6,50,105.083333333
7,50,105.1
8,50,105.116666667
9,50,105.133333333
10,50,105.15
11,50,105.166666667
12,50,105.183333333
13,50,105.2
14,50,105.216666667
15,50,105.233333333
16,50,105.25
17,50,105.266666667
18,50,105.283333333
19,50,105.3
20,50,105.316666667
21,50,105.333333333
22,50,105.35
23,50,105.366666667
24,50,105.383333333
25,50,105.4
26,50,105.416666667
27,50,105.433333333
28,50,105.45
29,50,105.466666667
30,50,105.483333333
31,50,105.5
32,50,105.516666667
33,50,105.533333333
34,50,105.55
35,50,105.566666667
36,50,105.583333333
37,50,105.6
38,50,105.616666667
39,50,105.633333333
40,50,105.65
41,50,105.666666667
42,50,105.683333333
43,50,105.7
44,50,105.716666667
45,50,105.733333333
46,50,105.75
47,50,105.766666667
48,50,105.783333333
49,50,105.8
50,50,105.816666667
51,50,105.833333333
52,50,105.85
53,50,105.866666667
54,50,105.883333333
55,50,105.9
56,50,105.916666667
57,50,105.933333333
58,50,105.95
59,50,105.966666667
60,50,105.983333333
61,50,106
62,50,106.016666667
63,50,106.033333333
64,50,106.05
65,50,106.066666667
66,50,106.083333333
67,50,106.1
68,50,106.116666667
69,50,106.133333333
70,50,106.15
71,50,106.166666667
72,50,106.183333333
73,50,106.2
74,50,106.216666667
75,50,106.233333333
76,50,106.25
77,50,106.266666667
78,50,106.283333333
79,50,106.3
80,50,106.316666667
81,50,106.333333333
82,50,106.35
83,50,106.366666667
84,50,106.383333333
85,50,106.4
86,50,106.416666667
87,50,106.433333333
88,50,106.45
89,50,106.466666667
90,50,106.483333333
91,50,106.5
92,50,106.516666667
93,50,106.533333333
94,50,106.55
95,50,106.566666667
96,50,106.583333333
97,50,106.6
98,50,106.616666667
99,50,106.633333333
100,50,106.65
101,50,106.666666667
102,50,106.683333333
103,50,106.7
104,50,106.716666667
105,50,106.733333333
106,50,106.75
107,50,106.766666667
108,50,106.783333333
109,50,106.8
110,50,106.816666667
111,50,106.833333333
112,50,106.85
113,50,106.866666667
114,50,106.883333333
115,50,106.9
116,50,106.916666667
117,50,106.933333333
118,50,106.95
119,50,106.966666667
120,50,106.983333333
1,51,107
2,51,107.016666667
3,51,107.033333333
4,51,107.05
5,51,107.066666667
6,51,107.083333333
7,51,107.1
8,51,107.116666667
9,51,107.133333333
10,51,107.15
11,51,107.166666667
12,51,107.183333333
13,51,107.2
14,51,107.216666667
15,51,107.233333333
16,51,107.25
17,51,107.266666667
18,51,107.283333333
19,51,107.3
20,51,107.316666667
21,51,107.333333333
22,51,107.35
23,51,107.366666667
24,51,107.383333333
25,51,107.4
26,51,107.416666667
27,51,107.433333333
28,51,107.45
29,51,107.466666667
30,51,107.483333333
31,51,107.5
32,51,107.516666667
33,51,107.533333333
34,51,107.55
35,51,107.566666667
36,51,107.583333333
37,51,107.6
38,51,107.616666667
39,51,107.633333333
40,51,107.65
41,51,107.666666667
42,51,107.683333333
43,51,107.7
44,51,107.716666667
45,51,107.733333333
46,51,107.75
47,51,107.766666667
48,51,107.783333333
49,51,107.8
50,51,107.816666667
51,51,107.833333333
52,51,107.85
53,51,107.866666667
54,51,107.883333333
55,51,107.9
56,51,107.916666667
57,51,107.933333333
58,51,107.95
59,51,107.966666667
60,51,107.983333333
61,51,108
62,51,108.016666667
63,51,108.033333333
64,51,108.05
65,51,108.066666667
66,51,108.083333333
67,51,108.1
68,51,108.116666667
69,51,108.133333333
70,51,108.15
71,51,108.166666667
72,51,108.183333333
73,51,108.2
74,51,108.216666667
75,51,108.233333333
76,51,108.25
77,51,108.266666667
78,51,108.283333333
79,51,108.3
80,51,108.316666667
81,51,108.333333333
82,51,108.35
83,51,108.366666667
84,51,108.383333333
85,51,108.4
86,51,108.416666667
87,51,108.433333333
88,51,108.45
89,51,108.466666667
90,51,108.483333333
91,51,108.5
92,51,108.516666667
93,51,108.533333333
94,51,108.55
95,51,108.566666667
96,51,108.583333333
97,51,108.6
98,51,108.616666667
99,51,108.633333333
100,51,108.65
101,51,108.666666667
102,51,108.683333333
103,51,108.7
104,51,108.716666667
105,51,108.733333333
106,51,108.75
107,51,108.766666667
108,51,108.783333333
109,51,108.8
110,51,108.816666667
111,51,108.833333333
112,51,108.85
113,51,108.866666667
114,51,108.883333333
115,51,108.9
116,51,108.916666667
117,51,108.933333333
118,51,108.95
119,51,108.966666667
120,51,108.983333333
1,52,109
2,52,109.016666667
3,52,109.033333333
4,52,109.05
5,52,109.066666667
6,52,109.083333333
7,52,109.1
8,52,109.116666667
9,52,109.133333333
10,52,109.15
11,52,109.166666667
12,52,109.183333333
13,52,109.2
14,52,109.216666667
15,52,109.233333333
16,52,109.25
17,52,109.266666667
18,52,109.283333333
19,52,109.3
20,52,109.316666667
21,52,109.333333333
22,52,109.35
23,52,109.366666667
24,52,109.383333333
25,52,109.4
26,52,109.416666667
27,52,109.433333333
28,52,109.45
29,52,109.466666667
30,52,109.483333333
31,52,109.5
32,52,109.516666667
33,52,109.533333333
34,52,109.55
35,52,109.566666667
36,52,109.583333333
37,52,109.6
38,52,109.616666667
39,52,109.633333333
40,52,109.65
41,52,109.666666667
42,52,109.683333333
43,52,109.7
44,52,109.716666667
45,52,109.733333333
46,52,109.75
47,52,109.766666667
48,52,109.783333333
49,52,109.8
50,52,109.816666667
51,52,109.833333333
52,52,109.85
53,52,109.866666667
54,52,109.883333333
55,52,109.9
56,52,109.916666667
57,52,109.933333333
58,52,109.95
59,52,109.966666667
60,52,109.983333333
61,52,110
62,52,110.016666667
63,52,110.033333333
64,52,110.05
65,52,110.066666667
66,52,110.083333333
67,52,110.1
68,52,110.116666667
69,52,110.133333333
70,52,110.15
71,52,110.166666667
72,52,110.183333333
73,52,110.2
74,52,110.216666667
75,52,110.233333333
76,52,110.25
77,52,110.266666667
78,52,110.283333333
79,52,110.3
80,52,110.316666667
81,52,110.333333333
82,52,110.35
83,52,110.366666667
84,52,110.383333333
85,52,110.4
86,52,110.416666667
87,52,110.433333333
88,52,110.45
89,52,110.466666667
90,52,110.483333333
91,52,110.5
92,52,110.516666667
93,52,110.533333333
94,52,110.55
95,52,110.566666667
96,52,110.583333333
97,52,110.6
98,52,110.616666667
99,52,110.633333333
100,52,110.65
101,52,110.666666667
102,52,110.683333333
103,52,110.7
104,52,110.716666667
105,52,110.733333333
106,52,110.75
107,52,110.766666667
108,52,110.783333333
109,52,110.8
110,52,110.816666667
111,52,110.833333333
112,52,110.85
113,52,110.866666667
114,52,110.883333333
115,52,110.9
116,52,110.916666667
117,52,110.933333333
118,52,110.95
119,52,110.966666667
120,52,110.983333333
1,53,111
2,53,111.016666667
3,53,111.033333333
4,53,111.05
5,53,111.066666667
6,53,111.083333333
7,53,111.1
8,53,111.116666667
9,53,111.133333333
10,53,111.15
11,53,111.166666667
12,53,111.183333333
13,53,111.2
14,53,111.216666667
15,53,111.233333333
16,53,111.25
17,53,111.266666667
18,53,111.283333333
19,53,111.3
20,53,111.316666667
21,53,111.333333333
22,53,111.35
23,53,111.366666667
24,53,111.383333333
25,53,111.4
26,53,111.416666667
27,53,111.433333333
28,53,111.45
29,53,111.466666667
30,53,111.483333333
31,53,111.5
32,53,111.516666667
33,53,111.533333333
34,53,111.55
35,53,111.566666667
36,53,111.583333333
37,53,111.6
38,53,111.616666667
39,53,111.633333333
40,53,111.65
41,53,111.666666667
42,53,111.683333333
43,53,111.7
44,53,111.716666667
45,53,111.733333333
46,53,111.75
47,53,111.766666667
48,53,111.783333333
49,53,111.8
50,53,111.816666667
51,53,111.833333333
52,53,111.85
53,53,111.866666667
54,53,111.883333333
55,53,111.9
56,53,111.916666667
57,53,111.933333333
58,53,111.95
59,53,111.966666667
60,53,111.983333333
61,53,112
62,53,112.016666667
63,53,112.033333333
64,53,112.05
65,53,112.066666667
66,53,112.083333333
67,53,112.1
68,53,112.116666667
69,53,112.133333333
70,53,112.15
71,53,112.166666667
72,53,112.183333333
73,53,112.2
74,53,112.216666667
75,53,112.233333333
76,53,112.25
77,53,112.266666667
78,53,112.283333333
79,53,112.3
80,53,112.316666667
81,53,112.333333333
82,53,112.35
83,53,112.366666667
84,53,112.383333333
85,53,112.4
86,53,112.416666667
87,53,112.433333333
88,53,112.45
89,53,112.466666667
90,53,112.483333333
91,53,112.5
92,53,112.516666667
93,53,112.533333333
94,53,112.55
95,53,112.566666667
96,53,112.583333333
97,53,112.6
98,53,112.616666667
99,53,112.633333333
100,53,112.65
101,53,112.666666667
102,53,112.683333333
103,53,112.7
104,53,112.716666667
105,53,112.733333333
106,53,112.75
107,53,112.766666667
108,53,112.783333333
109,53,112.8
110,53,112.816666667
111,53,112.833333333
112,53,112.85
113,53,112.866666667
114,53,112.883333333
115,53,112.9
116,53,112.916666667
117,53,112.933333333
118,53,112.95
119,53,112.966666667
120,53,112.983333333
1,54,113
2,54,113.016666667
3,54,113.033333333
4,54,113.05
5,54,113.066666667
6,54,113.083333333
7,54,113.1
8,54,113.116666667
9,54,113.133333333
10,54,113.15
11,54,113.166666667
12,54,113.183333333
13,54,113.2
14,54,113.216666667
15,54,113.233333333
16,54,113.25
17,54,113.266666667
18,54,113.283333333
19,54,113.3
20,54,113.316666667
21,54,113.333333333
22,54,113.35
23,54,113.366666667
24,54,113.383333333
25,54,113.4
26,54,113.416666667
27,54,113.433333333
28,54,113.45
29,54,113.466666667
30,54,113.483333333
31,54,113.5
32,54,113.516666667
33,54,113.533333333
34,54,113.55
35,54,113.566666667
36,54,113.583333333
37,54,113.6
38,54,113.616666667
39,54,113.633333333
40,54,113.65
41,54,113.666666667
42,54,113.683333333
43,54,113.7
44,54,113.716666667
45,54,113.733333333
46,54,113.75
47,54,113.766666667
48,54,113.783333333
49,54,113.8
50,54,113.816666667
51,54,113.833333333
52,54,113.85
53,54,113.866666667
54,54,113.883333333
55,54,113.9
56,54,113.916666667
57,54,113.933333333
58,54,113.95
59,54,113.966666667
60,54,113.983333333
61,54,114
62,54,114.016666667
63,54,114.033333333
64,54,114.05
65,54,114.066666667
66,54,114.083333333
67,54,114.1
68,54,114.116666667
69,54,114.133333333
70,54,114.15
71,54,114.166666667
72,54,114.183333333
73,54,114.2
74,54,114.216666667
75,54,114.233333333
76,54,114.25
77,54,114.266666667
78,54,114.283333333
79,54,114.3
80,54,114.316666667
81,54,114.333333333
82,54,114.35
83,54,114.366666667
84,54,114.383333333
85,54,114.4
86,54,114.416666667
87,54,114.433333333
88,54,114.45
89,54,114.466666667
90,54,114.483333333
91,54,114.5
92,54,114.516666667
93,54,114.533333333
94,54,114.55
95,54,114.566666667
96,54,114.583333333
97,54,114.6
98,54,114.616666667
99,54,114.633333333
100,54,114.65
101,54,114.666666667
102,54,114.683333333
103,54,114.7
104,54,114.716666667
105,54,114.733333333
106,54,114.75
107,54,114.766666667
108,54,114.783333333
109,54,114.8
110,54,114.816666667
111,54,114.833333333
112,54,114.85
113,54,114.866666667
114,54,114.883333333
115,54,114.9
116,54,114.916666667
117,54,114.933333333
118,54,114.95
119,54,114.966666667
120,54,114.983333333
1,55,115
2,55,115.016666667
3,55,115.033333333
4,55,115.05
5,55,115.066666667
6,55,115.083333333
7,55,115.1
8,55,115.116666667
9,55,115.133333333
10,55,115.15
11,55,115.166666667
12,55,115.183333333
13,55,115.2
14,55,115.216666667
15,55,115.233333333
16,55,115.25
17,55,115.266666667
18,55,115.283333333
19,55,115.3
20,55,115.316666667
21,55,115.333333333
22,55,115.35
23,55,115.366666667
24,55,115.383333333
25,55,115.4
26,55,115.416666667
27,55,115.433333333
28,55,115.45
29,55,115.466666667
30,55,115.483333333
31,55,115.5
32,55,115.516666667
33,55,115.533333333
34,55,115.55
35,55,115.566666667
36,55,115.583333333
37,55,115.6
38,55,115.616666667
39,55,115.633333333
40,55,115.65
41,55,115.666666667
42,55,115.683333333
43,55,115.7
44,55,115.716666667
45,55,115.733333333
46,55,115.75
47,55,115.766666667
48,55,115.783333333
49,55,115.8
50,55,115.816666667
51,55,115.833333333
52,55,115.85
53,55,115.866666667
54,55,115.883333333
55,55,115.9
56,55,115.916666667
57,55,115.933333333
58,55,115.95
59,55,115.966666667
60,55,115.983333333
61,55,116
62,55,116.016666667
63,55,116.033333333
64,55,116.05
65,55,116.066666667
66,55,116.083333333
67,55,116.1
68,55,116.116666667
69,55,116.133333333
70,55,116.15
71,55,116.166666667
72,55,116.183333333
73,55,116.2
74,55,116.216666667
75,55,116.233333333
76,55,116.25
77,55,116.266666667
78,55,116.283333333
79,55,116.3
80,55,116.316666667
81,55,116.333333333
82,55,116.35
83,55,116.366666667
84,55,116.383333333
85,55,116.4
86,55,116.416666667
87,55,116.433333333
88,55,116.45
89,55,116.466666667
90,55,116.483333333
91,55,116.5
92,55,116.516666667
93,55,116.533333333
94,55,116.55
95,55,116.566666667
96,55,116.583333333
97,55,116.6
98,55,116.616666667
99,55,116.633333333
100,55,116.65
101,55,116.666666667
102,55,116.683333333
103,55,116.7
104,55,116.716666667
105,55,116.733333333
106,55,116.75
107,55,116.766666667
108,55,116.783333333
109,55,116.8
110,55,116.816666667
111,55,116.833333333
112,55,116.85
113,55,116.866666667
114,55,116.883333333
115,55,116.9
116,55,116.916666667
117,55,116.933333333
118,55,116.95
119,55,116.966666667
120,55,116.983333333
1,56,117
2,56,117.016666667
3,56,117.033333333
4,56,117.05
5,56,117.066666667
6,56,117.083333333
7,56,117.1
8,56,117.116666667
9,56,117.133333333
10,56,117.15
11,56,117.166666667
12,56,117.183333333
13,56,117.2
14,56,117.216666667
15,56,117.233333333
16,56,117.25
17,56,117.266666667
18,56,117.283333333
19,56,117.3
20,56,117.316666667
21,56,117.333333333
22,56,117.35
23,56,117.366666667
24,56,117.383333333
25,56,117.4
26,56,117.416666667
27,56,117.433333333
28,56,117.45
29,56,117.466666667
30,56,117.483333333
31,56,117.5
32,56,117.516666667
33,56,117.533333333
34,56,117.55
35,56,117.566666667
36,56,117.583333333
37,56,117.6
38,56,117.616666667
39,56,117.633333333
40,56,117.65
41,56,117.666666667
42,56,117.683333333
43,56,117.7
44,56,117.716666667
45,56,117.733333333
46,56,117.75
47,56,117.766666667
48,56,117.783333333
49,56,117.8
50,56,117.816666667
51,56,117.833333333
52,56,117.85
53,56,117.866666667
54,56,117.883333333
55,56,117.9
56,56,117.916666667
57,56,117.933333333
58,56,117.95
59,56,117.966666667
60,56,117.983333333
61,56,118
62,56,118.016666667
63,56,118.033333333
64,56,118.05
65,56,118.066666667
66,56,118.083333333
67,56,118.1
68,56,118.116666667
69,56,118.133333333
70,56,118.15
71,56,118.166666667
72,56,118.183333333
73,56,118.2
74,56,118.216666667
75,56,118.233333333
76,56,118.25
77,56,118.266666667
78,56,118.283333333
79,56,118.3
80,56,118.316666667
81,56,118.333333333
82,56,118.35
83,56,118.366666667
84,56,118.383333333
85,56,118.4
86,56,118.416666667
87,56,118.433333333
88,56,118.45
89,56,118.466666667
90,56,118.483333333
91,56,118.5
92,56,118.516666667
93,56,118.533333333
94,56,118.55
95,56,118.566666667
96,56,118.583333333
97,56,118.6
98,56,118.616666667
99,56,118.633333333
100,56,118.65
101,56,118.666666667
102,56,118.683333333
103,56,118.7
104,56,118.716666667
105,56,118.733333333
106,56,118.75
107,56,118.766666667
108,56,118.783333333
109,56,118.8
110,56,118.816666667
111,56,118.833333333
112,56,118.85
113,56,118.866666667
114,56,118.883333333
115,56,118.9
116,56,118.916666667
117,56,118.933333333
118,56,118.95
119,56,118.966666667
120,56,118.983333333
1,57,119
2,57,119.016666667
3,57,119.033333333
4,57,119.05
5,57,119.066666667
6,57,119.083333333
7,57,119.1
8,57,119.116666667
9,57,119.133333333
10,57,119.15
11,57,119.166666667
12,57,119.183333333
13,57,119.2
14,57,119.216666667
15,57,119.233333333
16,57,119.25
17,57,119.266666667
18,57,119.283333333
19,57,119.3
20,57,119.316666667
21,57,119.333333333
22,57,119.35
23,57,119.366666667
24,57,119.383333333
25,57,119.4
26,57,119.416666667
27,57,119.433333333
28,57,119.45
29,57,119.466666667
30,57,119.483333333
31,57,119.5
32,57,119.516666667
33,57,119.533333333
34,57,119.55
35,57,119.566666667
36,57,119.583333333
37,57,119.6
38,57,119.616666667
39,57,119.633333333
40,57,119.65
41,57,119.666666667
42,57,119.683333333
43,57,119.7
44,57,119.716666667
45,57,119.733333333
46,57,119.75
47,57,119.766666667
48,57,119.783333333
49,57,119.8
50,57,119.816666667
51,57,119.833333333
52,57,119.85
53,57,119.866666667
54,57,119.883333333
55,57,119.9
56,57,119.916666667
57,57,119.933333333
58,57,119.95
59,57,119.966666667
60,57,119.983333333
61,57,120
62,57,120.016666667
63,57,120.033333333
64,57,120.05
65,57,120.066666667
66,57,120.083333333
67,57,120.1
68,57,120.116666667
69,57,120.133333333
70,57,120.15
71,57,120.166666667
72,57,120.183333333
73,57,120.2
74,57,120.216666667
75,57,120.233333333
76,57,120.25
77,57,120.266666667
78,57,120.283333333
79,57,120.3
80,57,120.316666667
81,57,120.333333333
82,57,120.35
83,57,120.366666667
84,57,120.383333333
85,57,120.4
86,57,120.416666667
87,57,120.433333333
88,57,120.45
89,57,120.466666667
90,57,120.483333333
91,57,120.5
92,57,120.516666667
93,57,120.533333333
94,57,120.55
95,57,120.566666667
96,57,120.583333333
97,57,120.6
98,57,120.616666667
99,57,120.633333333
100,57,120.65
101,57,120.666666667
102,57,120.683333333
103,57,120.7
104,57,120.716666667
105,57,120.733333333
106,57,120.75
107,57,120.766666667
108,57,120.783333333
109,57,120.8
110,57,120.816666667
111,57,120.833333333
112,57,120.85
113,57,120.866666667
114,57,120.883333333
115,57,120.9
116,57,120.916666667
117,57,120.933333333
118,57,120.95
119,57,120.966666667
120,57,120.983333333
1,58,121
2,58,121.016666667
3,58,121.033333333
4,58,121.05
5,58,121.066666667
6,58,121.083333333
7,58,121.1
8,58,121.116666667
9,58,121.133333333
10,58,121.15
11,58,121.166666667
12,58,121.183333333
13,58,121.2
14,58,121.216666667
15,58,121.233333333
16,58,121.25
17,58,121.266666667
18,58,121.283333333
19,58,121.3
20,58,121.316666667
21,58,121.333333333
22,58,121.35
23,58,121.366666667
24,58,121.383333333
25,58,121.4
26,58,121.416666667
27,58,121.433333333
28,58,121.45
29,58,121.466666667
30,58,121.483333333
31,58,121.5
32,58,121.516666667
33,58,121.533333333
34,58,121.55
35,58,121.566666667
36,58,121.583333333
37,58,121.6
38,58,121.616666667
39,58,121.633333333
40,58,121.65
41,58,121.666666667
42,58,121.683333333
43,58,121.7
44,58,121.716666667
45,58,121.733333333
46,58,121.75
47,58,121.766666667
48,58,121.783333333
49,58,121.8
50,58,121.816666667
51,58,121.833333333
52,58,121.85
53,58,121.866666667
54,58,121.883333333
55,58,121.9
56,58,121.916666667
57,58,121.933333333
58,58,121.95
59,58,121.966666667
60,58,121.983333333
61,58,122
62,58,122.016666667
63,58,122.033333333
64,58,122.05
65,58,122.066666667
66,58,122.083333333
67,58,122.1
68,58,122.116666667
69,58,122.133333333
70,58,122.15
71,58,122.166666667
72,58,122.183333333
73,58,122.2
74,58,122.216666667
75,58,122.233333333
76,58,122.25
77,58,122.266666667
78,58,122.283333333
79,58,122.3
80,58,122.316666667
81,58,122.333333333
82,58,122.35
83,58,122.366666667
84,58,122.383333333
85,58,122.4
86,58,122.416666667
87,58,122.433333333
88,58,122.45
89,58,122.466666667
90,58,122.483333333
91,58,122.5
92,58,122.516666667
93,58,122.533333333
94,58,122.55
95,58,122.566666667
96,58,122.583333333
97,58,122.6
98,58,122.616666667
99,58,122.633333333
100,58,122.65
101,58,122.666666667
102,58,122.683333333
103,58,122.7
104,58,122.716666667
105,58,122.733333333
106,58,122.75
107,58,122.766666667
108,58,122.783333333
109,58,122.8
110,58,122.816666667
111,58,122.833333333
112,58,122.85
113,58,122.866666667
114,58,122.883333333
115,58,122.9
116,58,122.916666667
117,58,122.933333333
118,58,122.95
119,58,122.966666667
120,58,122.983333333
1,59,123
2,59,123.016666667
3,59,123.033333333
4,59,123.05
5,59,123.066666667
6,59,123.083333333
7,59,123.1
8,59,123.116666667
9,59,123.133333333
10,59,123.15
11,59,123.166666667
12,59,123.183333333
13,59,123.2
14,59,123.216666667
15,59,123.233333333
16,59,123.25
17,59,123.266666667
18,59,123.283333333
19,59,123.3
20,59,123.316666667
21,59,123.333333333
22,59,123.35
23,59,123.366666667
24,59,123.383333333
25,59,123.4
26,59,123.416666667
27,59,123.433333333
28,59,123.45
29,59,123.466666667
30,59,123.483333333
31,59,123.5
32,59,123.516666667
33,59,123.533333333
34,59,123.55
35,59,123.566666667
36,59,123.583333333
37,59,123.6
38,59,123.616666667
39,59,123.633333333
40,59,123.65
41,59,123.666666667
42,59,123.683333333
43,59,123.7
44,59,123.716666667
45,59,123.733333333
46,59,123.75
47,59,123.766666667
48,59,123.783333333
49,59,123.8
50,59,123.816666667
51,59,123.833333333
52,59,123.85
53,59,123.866666667
54,59,123.883333333
55,59,123.9
56,59,123.916666667
57,59,123.933333333
58,59,123.95
59,59,123.966666667
60,59,123.983333333
61,59,124
62,59,124.016666667
63,59,124.033333333
64,59,124.05
65,59,124.066666667
66,59,124.083333333
67,59,124.1
68,59,124.116666667
69,59,124.133333333
70,59,124.15
71,59,124.166666667
72,59,124.183333333
73,59,124.2
74,59,124.216666667
75,59,124.233333333
76,59,124.25
77,59,124.266666667
78,59,124.283333333
79,59,124.3
80,59,124.316666667
81,59,124.333333333
82,59,124.35
83,59,124.366666667
84,59,124.383333333
85,59,124.4
86,59,124.416666667
87,59,124.433333333
88,59,124.45
89,59,124.466666667
90,59,124.483333333
91,59,124.5
92,59,124.516666667
93,59,124.533333333
94,59,124.55
95,59,124.566666667
96,59,124.583333333
97,59,124.6
98,59,124.616666667
99,59,124.633333333
100,59,124.65
101,59,124.666666667
102,59,124.683333333
103,59,124.7
104,59,124.716666667
105,59,124.733333333
106,59,124.75
107,59,124.766666667
108,59,124.783333333
109,59,124.8
110,59,124.816666667
111,59,124.833333333
112,59,124.85
113,59,124.866666667
114,59,124.883333333
115,59,124.9
116,59,124.916666667
117,59,124.933333333
118,59,124.95
119,59,124.966666667
120,59,124.983333333
1,60,125
2,60,125.016666667
3,60,125.033333333
4,60,125.05
5,60,125.066666667
6,60,125.083333333
7,60,125.1
8,60,125.116666667
9,60,125.133333333
10,60,125.15
11,60,125.166666667
12,60,125.183333333
13,60,125.2
14,60,125.216666667
15,60,125.233333333
16,60,125.25
17,60,125.266666667
18,60,125.283333333
19,60,125.3
20,60,125.316666667
21,60,125.333333333
22,60,125.35
23,60,125.366666667
24,60,125.383333333
25,60,125.4
26,60,125.416666667
27,60,125.433333333
28,60,125.45
29,60,125.466666667
30,60,125.483333333
31,60,125.5
32,60,125.516666667
33,60,125.533333333
34,60,125.55
35,60,125.566666667
36,60,125.583333333
37,60,125.6
38,60,125.616666667
39,60,125.633333333
40,60,125.65
41,60,125.666666667
42,60,125.683333333
43,60,125.7
44,60,125.716666667
45,60,125.733333333
46,60,125.75
47,60,125.766666667
48,60,125.783333333
49,60,125.8
50,60,125.816666667
51,60,125.833333333
52,60,125.85
53,60,125.866666667
54,60,125.883333333
55,60,125.9
56,60,125.916666667
57,60,125.933333333
58,60,125.95
59,60,125.966666667
60,60,125.983333333
61,60,126
62,60,126.016666667
63,60,126.033333333
64,60,126.05
65,60,126.066666667
66,60,126.083333333
67,60,126.1
68,60,126.116666667
69,60,126.133333333
70,60,126.15
71,60,126.166666667
72,60,126.183333333
73,60,126.2
74,60,126.216666667
75,60,126.233333333
76,60,126.25
77,60,126.266666667
78,60,126.283333333
79,60,126.3
80,60,126.316666667
81,60,126.333333333
82,60,126.35
83,60,126.366666667
84,60,126.383333333
85,60,126.4
86,60,126.416666667
87,60,126.433333333
88,60,126.45
89,60,126.466666667
90,60,126.483333333
91,60,126.5
92,60,126.516666667
93,60,126.533333333
94,60,126.55
95,60,126.566666667
96,60,126.583333333
97,60,126.6
98,60,126.616666667
99,60,126.633333333
100,60,126.65
101,60,126.666666667
102,60,126.683333333
103,60,126.7
104,60,126.716666667
105,60,126.733333333
106,60,126.75
107,60,126.766666667
108,60,126.783333333
109,60,126.8
110,60,126.816666667
111,60,126.833333333
112,60,126.85
113,60,126.866666667
114,60,126.883333333
115,60,126.9
116,60,126.916666667
117,60,126.933333333
118,60,126.95
119,60,126.966666667
120,60,126.983333333
1,61,127
2,61,127.016666667
3,61,127.033333333
4,61,127.05
5,61,127.066666667
6,61,127.083333333
7,61,127.1
8,61,127.116666667
9,61,127.133333333
10,61,127.15
11,61,127.166666667
12,61,127.183333333
13,61,127.2
14,61,127.216666667
15,61,127.233333333
16,61,127.25
17,61,127.266666667
18,61,127.283333333
19,61,127.3
20,61,127.316666667
21,61,127.333333333
22,61,127.35
23,61,127.366666667
24,61,127.383333333
25,61,127.4
26,61,127.416666667
27,61,127.433333333
28,61,127.45
29,61,127.466666667
30,61,127.483333333
31,61,127.5
32,61,127.516666667
33,61,127.533333333
34,61,127.55
35,61,127.566666667
36,61,127.583333333
37,61,127.6
38,61,127.616666667
39,61,127.633333333
40,61,127.65
41,61,127.666666667
42,61,127.683333333
43,61,127.7
44,61,127.716666667
45,61,127.733333333
46,61,127.75
47,61,127.766666667
48,61,127.783333333
49,61,127.8
50,61,127.816666667
51,61,127.833333333
52,61,127.85
53,61,127.866666667
54,61,127.883333333
55,61,127.9
56,61,127.916666667
57,61,127.933333333
58,61,127.95
59,61,127.966666667
60,61,127.983333333
61,61,128
62,61,128.016666667
63,61,128.033333333
64,61,128.05
65,61,128.066666667
66,61,128.083333333
67,61,128.1
68,61,128.116666667
69,61,128.133333333
70,61,128.15
71,61,128.166666667
72,61,128.183333333
73,61,128.2
74,61,128.216666667
75,61,128.233333333
76,61,128.25
77,61,128.266666667
78,61,128.283333333
79,61,128.3
80,61,128.316666667
81,61,128.333333333
82,61,128.35
83,61,128.366666667
84,61,128.383333333
85,61,128.4
86,61,128.416666667
87,61,128.433333333
88,61,128.45
89,61,128.466666667
90,61,128.483333333
91,61,128.5
92,61,128.516666667
93,61,128.533333333
94,61,128.55
95,61,128.566666667
96,61,128.583333333
97,61,128.6
98,61,128.616666667
99,61,128.633333333
100,61,128.65
101,61,128.666666667
102,61,128.683333333
103,61,128.7
104,61,128.716666667
105,61,128.733333333
106,61,128.75
107,61,128.766666667
108,61,128.783333333
109,61,128.8
110,61,128.816666667
111,61,128.833333333
112,61,128.85
113,61,128.866666667
114,61,128.883333333
115,61,128.9
116,61,128.916666667
117,61,128.933333333
118,61,128.95
119,61,128.966666667
120,61,128.983333333
1,62,129
2,62,129.016666667
3,62,129.033333333
4,62,129.05
5,62,129.066666667
6,62,129.083333333
7,62,129.1
8,62,129.116666667
9,62,129.133333333
10,62,129.15
11,62,129.166666667
12,62,129.183333333
13,62,129.2
14,62,129.216666667
15,62,129.233333333
16,62,129.25
17,62,129.266666667
18,62,129.283333333
19,62,129.3
20,62,129.316666667
21,62,129.333333333
22,62,129.35
23,62,129.366666667
24,62,129.383333333
25,62,129.4
26,62,129.416666667
27,62,129.433333333
28,62,129.45
29,62,129.466666667
30,62,129.483333333
31,62,129.5
32,62,129.516666667
33,62,129.533333333
34,62,129.55
35,62,129.566666667
36,62,129.583333333
37,62,129.6
38,62,129.616666667
39,62,129.633333333
40,62,129.65
41,62,129.666666667
42,62,129.683333333
43,62,129.7
44,62,129.716666667
45,62,129.733333333
46,62,129.75
47,62,129.766666667
48,62,129.783333333
49,62,129.8
50,62,129.816666667
51,62,129.833333333
52,62,129.85
53,62,129.866666667
54,62,129.883333333
55,62,129.9
56,62,129.916666667
57,62,129.933333333
58,62,129.95
59,62,129.966666667
60,62,129.983333333
61,62,130
62,62,130.016666667
63,62,130.033333333
64,62,130.05
65,62,130.066666667
66,62,130.083333333
67,62,130.1
68,62,130.116666667
69,62,130.133333333
70,62,130.15
71,62,130.166666667
72,62,130.183333333
73,62,130.2
74,62,130.216666667
75,62,130.233333333
76,62,130.25
77,62,130.266666667
78,62,130.283333333
79,62,130.3
80,62,130.316666667
81,62,130.333333333
82,62,130.35
83,62,130.366666667
84,62,130.383333333
85,62,130.4
86,62,130.416666667
87,62,130.433333333
88,62,130.45
89,62,130.466666667
90,62,130.483333333
91,62,130.5
92,62,130.516666667
93,62,130.533333333
94,62,130.55
95,62,130.566666667
96,62,130.583333333
97,62,130.6
98,62,130.616666667
99,62,130.633333333
100,62,130.65
101,62,130.666666667
102,62,130.683333333
103,62,130.7
104,62,130.716666667
105,62,130.733333333
106,62,130.75
107,62,130.766666667
108,62,130.783333333
109,62,130.8
110,62,130.816666667
111,62,130.833333333
112,62,130.85
113,62,130.866666667
114,62,130.883333333
115,62,130.9
116,62,130.916666667
117,62,130.933333333
118,62,130.95
119,62,130.966666667
120,62,130.983333333
1,63,131
2,63,131.016666667
3,63,131.033333333
4,63,131.05
5,63,131.066666667
6,63,131.083333333
7,63,131.1
8,63,131.116666667
9,63,131.133333333
10,63,131.15
11,63,131.166666667
12,63,131.183333333
13,63,131.2
14,63,131.216666667
15,63,131.233333333
16,63,131.25
17,63,131.266666667
18,63,131.283333333
19,63,131.3
20,63,131.316666667
21,63,131.333333333
22,63,131.35
23,63,131.366666667
24,63,131.383333333
25,63,131.4
26,63,131.416666667
27,63,131.433333333
28,63,131.45
29,63,131.466666667
30,63,131.483333333
31,63,131.5
32,63,131.516666667
33,63,131.533333333
34,63,131.55
35,63,131.566666667
36,63,131.583333333
37,63,131.6
38,63,131.616666667
39,63,131.633333333
40,63,131.65
41,63,131.666666667
42,63,131.683333333
43,63,131.7
44,63,131.716666667
45,63,131.733333333
46,63,131.75
47,63,131.766666667
48,63,131.783333333
49,63,131.8
50,63,131.816666667
51,63,131.833333333
52,63,131.85
53,63,131.866666667
54,63,131.883333333
55,63,131.9
56,63,131.916666667
57,63,131.933333333
58,63,131.95
59,63,131.966666667
60,63,131.983333333
61,63,132
62,63,132.016666667
63,63,132.033333333
64,63,132.05
65,63,132.066666667
66,63,132.083333333
67,63,132.1
68,63,132.116666667
69,63,132.133333333
70,63,132.15
71,63,132.166666667
72,63,132.183333333
73,63,132.2
74,63,132.216666667
75,63,132.233333333
76,63,132.25
77,63,132.266666667
78,63,132.283333333
79,63,132.3
80,63,132.316666667
81,63,132.333333333
82,63,132.35
83,63,132.366666667
84,63,132.383333333
85,63,132.4
86,63,132.416666667
87,63,132.433333333
88,63,132.45
89,63,132.466666667
90,63,132.483333333
91,63,132.5
92,63,132.516666667
93,63,132.533333333
94,63,132.55
95,63,132.566666667
96,63,132.583333333
97,63,132.6
98,63,132.616666667
99,63,132.633333333
100,63,132.65
101,63,132.666666667
102,63,132.683333333
103,63,132.7
104,63,132.716666667
105,63,132.733333333
106,63,132.75
107,63,132.766666667
108,63,132.783333333
109,63,132.8
110,63,132.816666667
111,63,132.833333333
112,63,132.85
113,63,132.866666667
114,63,132.883333333
115,63,132.9
116,63,132.916666667
117,63,132.933333333
118,63,132.95
119,63,132.966666667
120,63,132.983333333
1,64,133
2,64,133.016666667
3,64,133.033333333
4,64,133.05
5,64,133.066666667
6,64,133.083333333
7,64,133.1
8,64,133.116666667
9,64,133.133333333
10,64,133.15
11,64,133.166666667
12,64,133.183333333
13,64,133.2
14,64,133.216666667
15,64,133.233333333
16,64,133.25
17,64,133.266666667
18,64,133.283333333
19,64,133.3
20,64,133.316666667
21,64,133.333333333
22,64,133.35
23,64,133.366666667
24,64,133.383333333
25,64,133.4
26,64,133.416666667
27,64,133.433333333
28,64,133.45
29,64,133.466666667
30,64,133.483333333
31,64,133.5
32,64,133.516666667
33,64,133.533333333
34,64,133.55
35,64,133.566666667
36,64,133.583333333
37,64,133.6
38,64,133.616666667
39,64,133.633333333
40,64,133.65
41,64,133.666666667
42,64,133.683333333
43,64,133.7
44,64,133.716666667
45,64,133.733333333
46,64,133.75
47,64,133.766666667
48,64,133.783333333
49,64,133.8
50,64,133.816666667
51,64,133.833333333
52,64,133.85
53,64,133.866666667
54,64,133.883333333
55,64,133.9
56,64,133.916666667
57,64,133.933333333
58,64,133.95
59,64,133.966666667
60,64,133.983333333
61,64,134
62,64,134.016666667
63,64,134.033333333
64,64,134.05
65,64,134.066666667
66,64,134.083333333
67,64,134.1
68,64,134.116666667
69,64,134.133333333
70,64,134.15
71,64,134.166666667
72,64,134.183333333
73,64,134.2
74,64,134.216666667
75,64,134.233333333
76,64,134.25
77,64,134.266666667
78,64,134.283333333
79,64,134.3
80,64,134.316666667
81,64,134.333333333
82,64,134.35
83,64,134.366666667
84,64,134.383333333
85,64,134.4
86,64,134.416666667
87,64,134.433333333
88,64,134.45
89,64,134.466666667
90,64,134.483333333
91,64,134.5
92,64,134.516666667
93,64,134.533333333
94,64,134.55
95,64,134.566666667
96,64,134.583333333
97,64,134.6
98,64,134.616666667
99,64,134.633333333
100,64,134.65
101,64,134.666666667
102,64,134.683333333
103,64,134.7
104,64,134.716666667
105,64,134.733333333
106,64,134.75
107,64,134.766666667
108,64,134.783333333
109,64,134.8
110,64,134.816666667
111,64,134.833333333
112,64,134.85
113,64,134.866666667
114,64,134.883333333
115,64,134.9
116,64,134.916666667
117,64,134.933333333
118,64,134.95
119,64,134.966666667
120,64,134.983333333
1,65,135
2,65,135.016666667
3,65,135.033333333
4,65,135.05
5,65,135.066666667
6,65,135.083333333
7,65,135.1
8,65,135.116666667
9,65,135.133333333
10,65,135.15
11,65,135.166666667
12,65,135.183333333
13,65,135.2
14,65,135.216666667
15,65,135.233333333
16,65,135.25
17,65,135.266666667
18,65,135.283333333
19,65,135.3
20,65,135.316666667
21,65,135.333333333
22,65,135.35
23,65,135.366666667
24,65,135.383333333
25,65,135.4
26,65,135.416666667
27,65,135.433333333
28,65,135.45
29,65,135.466666667
30,65,135.483333333
31,65,135.5
32,65,135.516666667
33,65,135.533333333
34,65,135.55
35,65,135.566666667
36,65,135.583333333
37,65,135.6
38,65,135.616666667
39,65,135.633333333
40,65,135.65
41,65,135.666666667
42,65,135.683333333
43,65,135.7
44,65,135.716666667
45,65,135.733333333
46,65,135.75
47,65,135.766666667
48,65,135.783333333
49,65,135.8
50,65,135.816666667
51,65,135.833333333
52,65,135.85
53,65,135.866666667
54,65,135.883333333
55,65,135.9
56,65,135.916666667
57,65,135.933333333
58,65,135.95
59,65,135.966666667
60,65,135.983333333
61,65,136
62,65,136.016666667
63,65,136.033333333
64,65,136.05
65,65,136.066666667
66,65,136.083333333
67,65,136.1
68,65,136.116666667
69,65,136.133333333
70,65,136.15
71,65,136.166666667
72,65,136.183333333
73,65,136.2
74,65,136.216666667
75,65,136.233333333
76,65,136.25
77,65,136.266666667
78,65,136.283333333
79,65,136.3
80,65,136.316666667
81,65,136.333333333
82,65,136.35
83,65,136.366666667
84,65,136.383333333
85,65,136.4
86,65,136.416666667
87,65,136.433333333
88,65,136.45
89,65,136.466666667
90,65,136.483333333
91,65,136.5
92,65,136.516666667
93,65,136.533333333
94,65,136.55
95,65,136.566666667
96,65,136.583333333
97,65,136.6
98,65,136.616666667
99,65,136.633333333
100,65,136.65
101,65,136.666666667
102,65,136.683333333
103,65,136.7
104,65,136.716666667
105,65,136.733333333
106,65,136.75
107,65,136.766666667
108,65,136.783333333
109,65,136.8
110,65,136.816666667
111,65,136.833333333
112,65,136.85
113,65,136.866666667
114,65,136.883333333
115,65,136.9
116,65,136.916666667
117,65,136.933333333
118,65,136.95
119,65,136.966666667
120,65,136.983333333
1,66,137
2,66,137.016666667
3,66,137.033333333
4,66,137.05
5,66,137.066666667
6,66,137.083333333
7,66,137.1
8,66,137.116666667
9,66,137.133333333
10,66,137.15
11,66,137.166666667
12,66,137.183333333
13,66,137.2
14,66,137.216666667
15,66,137.233333333
16,66,137.25
17,66,137.266666667
18,66,137.283333333
19,66,137.3
20,66,137.316666667
21,66,137.333333333
22,66,137.35
23,66,137.366666667
24,66,137.383333333
25,66,137.4
26,66,137.416666667
27,66,137.433333333
28,66,137.45
29,66,137.466666667
30,66,137.483333333
31,66,137.5
32,66,137.516666667
33,66,137.533333333
34,66,137.55
35,66,137.566666667
36,66,137.583333333
37,66,137.6
38,66,137.616666667
39,66,137.633333333
40,66,137.65
41,66,137.666666667
42,66,137.683333333
43,66,137.7
44,66,137.716666667
45,66,137.733333333
46,66,137.75
47,66,137.766666667
48,66,137.783333333
49,66,137.8
50,66,137.816666667
51,66,137.833333333
52,66,137.85
53,66,137.866666667
54,66,137.883333333
55,66,137.9
56,66,137.916666667
57,66,137.933333333
58,66,137.95
59,66,137.966666667
60,66,137.983333333
61,66,138
62,66,138.016666667
63,66,138.033333333
64,66,138.05
65,66,138.066666667
66,66,138.083333333
67,66,138.1
68,66,138.116666667
69,66,138.133333333
70,66,138.15
71,66,138.166666667
72,66,138.183333333
73,66,138.2
74,66,138.216666667
75,66,138.233333333
76,66,138.25
77,66,138.266666667
78,66,138.283333333
79,66,138.3
80,66,138.316666667
81,66,138.333333333
82,66,138.35
83,66,138.366666667
84,66,138.383333333
85,66,138.4
86,66,138.416666667
87,66,138.433333333
88,66,138.45
89,66,138.466666667
90,66,138.483333333
91,66,138.5
92,66,138.516666667
93,66,138.533333333
94,66,138.55
95,66,138.566666667
96,66,138.583333333
97,66,138.6
98,66,138.616666667
99,66,138.633333333
100,66,138.65
101,66,138.666666667
102,66,138.683333333
103,66,138.7
104,66,138.716666667
105,66,138.733333333
106,66,138.75
107,66,138.766666667
108,66,138.783333333
109,66,138.8
110,66,138.816666667
111,66,138.833333333
112,66,138.85
113,66,138.866666667
114,66,138.883333333
115,66,138.9
116,66,138.916666667
117,66,138.933333333
118,66,138.95
119,66,138.966666667
120,66,138.983333333
1,67,139
2,67,139.016666667
3,67,139.033333333
4,67,139.05
5,67,139.066666667
6,67,139.083333333
7,67,139.1
8,67,139.116666667
9,67,139.133333333
10,67,139.15
11,67,139.166666667
12,67,139.183333333
13,67,139.2
14,67,139.216666667
15,67,139.233333333
16,67,139.25
17,67,139.266666667
18,67,139.283333333
19,67,139.3
20,67,139.316666667
21,67,139.333333333
22,67,139.35
23,67,139.366666667
24,67,139.383333333
25,67,139.4
26,67,139.416666667
27,67,139.433333333
28,67,139.45
29,67,139.466666667
30,67,139.483333333
31,67,139.5
32,67,139.516666667
33,67,139.533333333
34,67,139.55
35,67,139.566666667
36,67,139.583333333
37,67,139.6
38,67,139.616666667
39,67,139.633333333
40,67,139.65
41,67,139.666666667
42,67,139.683333333
43,67,139.7
44,67,139.716666667
45,67,139.733333333
46,67,139.75
47,67,139.766666667
48,67,139.783333333
49,67,139.8
50,67,139.816666667
51,67,139.833333333
52,67,139.85
53,67,139.866666667
54,67,139.883333333
55,67,139.9
56,67,139.916666667
57,67,139.933333333
58,67,139.95
59,67,139.966666667
60,67,139.983333333
61,67,140
62,67,140.016666667
63,67,140.033333333
64,67,140.05
65,67,140.066666667
66,67,140.083333333
67,67,140.1
68,67,140.116666667
69,67,140.133333333
70,67,140.15
71,67,140.166666667
72,67,140.183333333
73,67,140.2
74,67,140.216666667
75,67,140.233333333
76,67,140.25
77,67,140.266666667
78,67,140.283333333
79,67,140.3
80,67,140.316666667
81,67,140.333333333
82,67,140.35
83,67,140.366666667
84,67,140.383333333
85,67,140.4
86,67,140.416666667
87,67,140.433333333
88,67,140.45
89,67,140.466666667
90,67,140.483333333
91,67,140.5
92,67,140.516666667
93,67,140.533333333
94,67,140.55
95,67,140.566666667
96,67,140.583333333
97,67,140.6
98,67,140.616666667
99,67,140.633333333
100,67,140.65
101,67,140.666666667
102,67,140.683333333
103,67,140.7
104,67,140.716666667
105,67,140.733333333
106,67,140.75
107,67,140.766666667
108,67,140.783333333
109,67,140.8
110,67,140.816666667
111,67,140.833333333
112,67,140.85
113,67,140.866666667
114,67,140.883333333
115,67,140.9
116,67,140.916666667
117,67,140.933333333
118,67,140.95
119,67,140.966666667
120,67,140.983333333
1,68,141
2,68,141.016666667
3,68,141.033333333
4,68,141.05
5,68,141.066666667
6,68,141.083333333
7,68,141.1
8,68,141.116666667
9,68,141.133333333
10,68,141.15
11,68,141.166666667
12,68,141.183333333
13,68,141.2
14,68,141.216666667
15,68,141.233333333
16,68,141.25
17,68,141.266666667
18,68,141.283333333
19,68,141.3
20,68,141.316666667
21,68,141.333333333
22,68,141.35
23,68,141.366666667
24,68,141.383333333
25,68,141.4
26,68,141.416666667
27,68,141.433333333
28,68,141.45
29,68,141.466666667
30,68,141.483333333
31,68,141.5
32,68,141.516666667
33,68,141.533333333
34,68,141.55
35,68,141.566666667
36,68,141.583333333
37,68,141.6
38,68,141.616666667
39,68,141.633333333
40,68,141.65
41,68,141.666666667
42,68,141.683333333
43,68,141.7
44,68,141.716666667
45,68,141.733333333
46,68,141.75
47,68,141.766666667
48,68,141.783333333
49,68,141.8
50,68,141.816666667
51,68,141.833333333
52,68,141.85
53,68,141.866666667
54,68,141.883333333
55,68,141.9
56,68,141.916666667
57,68,141.933333333
58,68,141.95
59,68,141.966666667
60,68,141.983333333
61,68,142
62,68,142.016666667
63,68,142.033333333
64,68,142.05
65,68,142.066666667
66,68,142.083333333
67,68,142.1
68,68,142.116666667
69,68,142.133333333
70,68,142.15
71,68,142.166666667
72,68,142.183333333
73,68,142.2
74,68,142.216666667
75,68,142.233333333
76,68,142.25
77,68,142.266666667
78,68,142.283333333
79,68,142.3
80,68,142.316666667
81,68,142.333333333
82,68,142.35
83,68,142.366666667
84,68,142.383333333
85,68,142.4
86,68,142.416666667
87,68,142.433333333
88,68,142.45
89,68,142.466666667
90,68,142.483333333
91,68,142.5
92,68,142.516666667
93,68,142.533333333
94,68,142.55
95,68,142.566666667
96,68,142.583333333
97,68,142.6
98,68,142.616666667
99,68,142.633333333
100,68,142.65
101,68,142.666666667
102,68,142.683333333
103,68,142.7
104,68,142.716666667
105,68,142.733333333
106,68,142.75
107,68,142.766666667
108,68,142.783333333
109,68,142.8
110,68,142.816666667
111,68,142.833333333
112,68,142.85
113,68,142.866666667
114,68,142.883333333
115,68,142.9
116,68,142.916666667
117,68,142.933333333
118,68,142.95
119,68,142.966666667
120,68,142.983333333
1,69,143
2,69,143.016666667
3,69,143.033333333
4,69,143.05
5,69,143.066666667
6,69,143.083333333
7,69,143.1
8,69,143.116666667
9,69,143.133333333
10,69,143.15
11,69,143.166666667
12,69,143.183333333
13,69,143.2
14,69,143.216666667
15,69,143.233333333
16,69,143.25
17,69,143.266666667
18,69,143.283333333
19,69,143.3
20,69,143.316666667
21,69,143.333333333
22,69,143.35
23,69,143.366666667
24,69,143.383333333
25,69,143.4
26,69,143.416666667
27,69,143.433333333
28,69,143.45
29,69,143.466666667
30,69,143.483333333
31,69,143.5
32,69,143.516666667
33,69,143.533333333
34,69,143.55
35,69,143.566666667
36,69,143.583333333
37,69,143.6
38,69,143.616666667
39,69,143.633333333
40,69,143.65
41,69,143.666666667
42,69,143.683333333
43,69,143.7
44,69,143.716666667
45,69,143.733333333
46,69,143.75
47,69,143.766666667
48,69,143.783333333
49,69,143.8
50,69,143.816666667
51,69,143.833333333
52,69,143.85
53,69,143.866666667
54,69,143.883333333
55,69,143.9
56,69,143.916666667
57,69,143.933333333
58,69,143.95
59,69,143.966666667
60,69,143.983333333
61,69,144
62,69,144.016666667
63,69,144.033333333
64,69,144.05
65,69,144.066666667
66,69,144.083333333
67,69,144.1
68,69,144.116666667
69,69,144.133333333
70,69,144.15
71,69,144.166666667
72,69,144.183333333
73,69,144.2
74,69,144.216666667
75,69,144.233333333
76,69,144.25
77,69,144.266666667
78,69,144.283333333
79,69,144.3
80,69,144.316666667
81,69,144.333333333
82,69,144.35
83,69,144.366666667
84,69,144.383333333
85,69,144.4
86,69,144.416666667
87,69,144.433333333
88,69,144.45
89,69,144.466666667
90,69,144.483333333
91,69,144.5
92,69,144.516666667
93,69,144.533333333
94,69,144.55
95,69,144.566666667
96,69,144.583333333
97,69,144.6
98,69,144.616666667
99,69,144.633333333
100,69,144.65
101,69,144.666666667
102,69,144.683333333
103,69,144.7
104,69,144.716666667
105,69,144.733333333
106,69,144.75
107,69,144.766666667
108,69,144.783333333
109,69,144.8
110,69,144.816666667
111,69,144.833333333
112,69,144.85
113,69,144.866666667
114,69,144.883333333
115,69,144.9
116,69,144.916666667
117,69,144.933333333
118,69,144.95
119,69,144.966666667
120,69,144.983333333
1,70,145
2,70,145.016666667
3,70,145.033333333
4,70,145.05
5,70,145.066666667
6,70,145.083333333
7,70,145.1
8,70,145.116666667
9,70,145.133333333
10,70,145.15
11,70,145.166666667
12,70,145.183333333
13,70,145.2
14,70,145.216666667
15,70,145.233333333
16,70,145.25
17,70,145.266666667
18,70,145.283333333
19,70,145.3
20,70,145.316666667
21,70,145.333333333
22,70,145.35
23,70,145.366666667
24,70,145.383333333
25,70,145.4
26,70,145.416666667
27,70,145.433333333
28,70,145.45
29,70,145.466666667
30,70,145.483333333
31,70,145.5
32,70,145.516666667
33,70,145.533333333
34,70,145.55
35,70,145.566666667
36,70,145.583333333
37,70,145.6
38,70,145.616666667
39,70,145.633333333
40,70,145.65
41,70,145.666666667
42,70,145.683333333
43,70,145.7
44,70,145.716666667
45,70,145.733333333
46,70,145.75
47,70,145.766666667
48,70,145.783333333
49,70,145.8
50,70,145.816666667
51,70,145.833333333
52,70,145.85
53,70,145.866666667
54,70,145.883333333
55,70,145.9
56,70,145.916666667
57,70,145.933333333
58,70,145.95
59,70,145.966666667
60,70,145.983333333
61,70,146
62,70,146.016666667
63,70,146.033333333
64,70,146.05
65,70,146.066666667
66,70,146.083333333
67,70,146.1
68,70,146.116666667
69,70,146.133333333
70,70,146.15
71,70,146.166666667
72,70,146.183333333
73,70,146.2
74,70,146.216666667
75,70,146.233333333
76,70,146.25
77,70,146.266666667
78,70,146.283333333
79,70,146.3
80,70,146.316666667
81,70,146.333333333
82,70,146.35
83,70,146.366666667
84,70,146.383333333
85,70,146.4
86,70,146.416666667
87,70,146.433333333
88,70,146.45
89,70,146.466666667
90,70,146.483333333
91,70,146.5
92,70,146.516666667
93,70,146.533333333
94,70,146.55
95,70,146.566666667
96,70,146.583333333
97,70,146.6
98,70,146.616666667
99,70,146.633333333
100,70,146.65
101,70,146.666666667
102,70,146.683333333
103,70,146.7
104,70,146.716666667
105,70,146.733333333
106,70,146.75
107,70,146.766666667
108,70,146.783333333
109,70,146.8
110,70,146.816666667
111,70,146.833333333
112,70,146.85
113,70,146.866666667
114,70,146.883333333
115,70,146.9
116,70,146.916666667
117,70,146.933333333
118,70,146.95
119,70,146.966666667
120,70,146.983333333
1,71,147
2,71,147.016666667
3,71,147.033333333
4,71,147.05
5,71,147.066666667
6,71,147.083333333
7,71,147.1
8,71,147.116666667
9,71,147.133333333
10,71,147.15
11,71,147.166666667
12,71,147.183333333
13,71,147.2
14,71,147.216666667
15,71,147.233333333
16,71,147.25
17,71,147.266666667
18,71,147.283333333
19,71,147.3
20,71,147.316666667
21,71,147.333333333
22,71,147.35
23,71,147.366666667
24,71,147.383333333
25,71,147.4
26,71,147.416666667
27,71,147.433333333
28,71,147.45
29,71,147.466666667
30,71,147.483333333
31,71,147.5
32,71,147.516666667
33,71,147.533333333
34,71,147.55
35,71,147.566666667
36,71,147.583333333
37,71,147.6
38,71,147.616666667
39,71,147.633333333
40,71,147.65
41,71,147.666666667
42,71,147.683333333
43,71,147.7
44,71,147.716666667
45,71,147.733333333
46,71,147.75
47,71,147.766666667
48,71,147.783333333
49,71,147.8
50,71,147.816666667
51,71,147.833333333
52,71,147.85
53,71,147.866666667
54,71,147.883333333
55,71,147.9
56,71,147.916666667
57,71,147.933333333
58,71,147.95
59,71,147.966666667
60,71,147.983333333
61,71,148
62,71,148.016666667
63,71,148.033333333
64,71,148.05
65,71,148.066666667
66,71,148.083333333
67,71,148.1
68,71,148.116666667
69,71,148.133333333
70,71,148.15
71,71,148.166666667
72,71,148.183333333
73,71,148.2
74,71,148.216666667
75,71,148.233333333
76,71,148.25
77,71,148.266666667
78,71,148.283333333
79,71,148.3
80,71,148.316666667
81,71,148.333333333
82,71,148.35
83,71,148.366666667
84,71,148.383333333
85,71,148.4
86,71,148.416666667
87,71,148.433333333
88,71,148.45
89,71,148.466666667
90,71,148.483333333
91,71,148.5
92,71,148.516666667
93,71,148.533333333
94,71,148.55
95,71,148.566666667
96,71,148.583333333
97,71,148.6
98,71,148.616666667
99,71,148.633333333
100,71,148.65
101,71,148.666666667
102,71,148.683333333
103,71,148.7
104,71,148.716666667
105,71,148.733333333
106,71,148.75
107,71,148.766666667
108,71,148.783333333
109,71,148.8
110,71,148.816666667
111,71,148.833333333
112,71,148.85
113,71,148.866666667
114,71,148.883333333
115,71,148.9
116,71,148.916666667
117,71,148.933333333
118,71,148.95
119,71,148.966666667
120,71,148.983333333
1,72,149
2,72,149.016666667
3,72,149.033333333
4,72,149.05
5,72,149.066666667
6,72,149.083333333
7,72,149.1
8,72,149.116666667
9,72,149.133333333
10,72,149.15
11,72,149.166666667
12,72,149.183333333
13,72,149.2
14,72,149.216666667
15,72,149.233333333
16,72,149.25
17,72,149.266666667
18,72,149.283333333
19,72,149.3
20,72,149.316666667
21,72,149.333333333
22,72,149.35
23,72,149.366666667
24,72,149.383333333
25,72,149.4
26,72,149.416666667
27,72,149.433333333
28,72,149.45
29,72,149.466666667
30,72,149.483333333
31,72,149.5
32,72,149.516666667
33,72,149.533333333
34,72,149.55
35,72,149.566666667
36,72,149.583333333
37,72,149.6
38,72,149.616666667
39,72,149.633333333
40,72,149.65
41,72,149.666666667
42,72,149.683333333
43,72,149.7
44,72,149.716666667
45,72,149.733333333
46,72,149.75
47,72,149.766666667
48,72,149.783333333
49,72,149.8
50,72,149.816666667
51,72,149.833333333
52,72,149.85
53,72,149.866666667
54,72,149.883333333
55,72,149.9
56,72,149.916666667
57,72,149.933333333
58,72,149.95
59,72,149.966666667
60,72,149.983333333
61,72,150
62,72,150.016666667
63,72,150.033333333
64,72,150.05
65,72,150.066666667
66,72,150.083333333
67,72,150.1
68,72,150.116666667
69,72,150.133333333
70,72,150.15
71,72,150.166666667
72,72,150.183333333
73,72,150.2
74,72,150.216666667
75,72,150.233333333
76,72,150.25
77,72,150.266666667
78,72,150.283333333
79,72,150.3
80,72,150.316666667
81,72,150.333333333
82,72,150.35
83,72,150.366666667
84,72,150.383333333
85,72,150.4
86,72,150.416666667
87,72,150.433333333
88,72,150.45
89,72,150.466666667
90,72,150.483333333
91,72,150.5
92,72,150.516666667
93,72,150.533333333
94,72,150.55
95,72,150.566666667
96,72,150.583333333
97,72,150.6
98,72,150.616666667
99,72,150.633333333
100,72,150.65
101,72,150.666666667
102,72,150.683333333
103,72,150.7
104,72,150.716666667
105,72,150.733333333
106,72,150.75
107,72,150.766666667
108,72,150.783333333
109,72,150.8
110,72,150.816666667
111,72,150.833333333
112,72,150.85
113,72,150.866666667
114,72,150.883333333
115,72,150.9
116,72,150.916666667
117,72,150.933333333
118,72,150.95
119,72,150.966666667
120,72,150.983333333
1,73,151
2,73,151.016666667
3,73,151.033333333
4,73,151.05
5,73,151.066666667
6,73,151.083333333
7,73,151.1
8,73,151.116666667
9,73,151.133333333
10,73,151.15
11,73,151.166666667
12,73,151.183333333
13,73,151.2
14,73,151.216666667
15,73,151.233333333
16,73,151.25
17,73,151.266666667
18,73,151.283333333
19,73,151.3
20,73,151.316666667
21,73,151.333333333
22,73,151.35
23,73,151.366666667
24,73,151.383333333
25,73,151.4
26,73,151.416666667
27,73,151.433333333
28,73,151.45
29,73,151.466666667
30,73,151.483333333
31,73,151.5
32,73,151.516666667
33,73,151.533333333
34,73,151.55
35,73,151.566666667
36,73,151.583333333
37,73,151.6
38,73,151.616666667
39,73,151.633333333
40,73,151.65
41,73,151.666666667
42,73,151.683333333
43,73,151.7
44,73,151.716666667
45,73,151.733333333
46,73,151.75
47,73,151.766666667
48,73,151.783333333
49,73,151.8
50,73,151.816666667
51,73,151.833333333
52,73,151.85
53,73,151.866666667
54,73,151.883333333
55,73,151.9
56,73,151.916666667
57,73,151.933333333
58,73,151.95
59,73,151.966666667
60,73,151.983333333
61,73,152
62,73,152.016666667
63,73,152.033333333
64,73,152.05
65,73,152.066666667
66,73,152.083333333
67,73,152.1
68,73,152.116666667
69,73,152.133333333
70,73,152.15
71,73,152.166666667
72,73,152.183333333
73,73,152.2
74,73,152.216666667
75,73,152.233333333
76,73,152.25
77,73,152.266666667
78,73,152.283333333
79,73,152.3
80,73,152.316666667
81,73,152.333333333
82,73,152.35
83,73,152.366666667
84,73,152.383333333
85,73,152.4
86,73,152.416666667
87,73,152.433333333
88,73,152.45
89,73,152.466666667
90,73,152.483333333
91,73,152.5
92,73,152.516666667
93,73,152.533333333
94,73,152.55
95,73,152.566666667
96,73,152.583333333
97,73,152.6
98,73,152.616666667
99,73,152.633333333
100,73,152.65
101,73,152.666666667
102,73,152.683333333
103,73,152.7
104,73,152.716666667
105,73,152.733333333
106,73,152.75
107,73,152.766666667
108,73,152.783333333
109,73,152.8
110,73,152.816666667
111,73,152.833333333
112,73,152.85
113,73,152.866666667
114,73,152.883333333
115,73,152.9
116,73,152.916666667
117,73,152.933333333
118,73,152.95
119,73,152.966666667
120,73,152.983333333
1,74,153
2,74,153.016666667
3,74,153.033333333
4,74,153.05
5,74,153.066666667
6,74,153.083333333
7,74,153.1
8,74,153.116666667
9,74,153.133333333
10,74,153.15
11,74,153.166666667
12,74,153.183333333
13,74,153.2
14,74,153.216666667
15,74,153.233333333
16,74,153.25
17,74,153.266666667
18,74,153.283333333
19,74,153.3
20,74,153.316666667
21,74,153.333333333
22,74,153.35
23,74,153.366666667
24,74,153.383333333
25,74,153.4
26,74,153.416666667
27,74,153.433333333
28,74,153.45
29,74,153.466666667
30,74,153.483333333
31,74,153.5
32,74,153.516666667
33,74,153.533333333
34,74,153.55
35,74,153.566666667
36,74,153.583333333
37,74,153.6
38,74,153.616666667
39,74,153.633333333
40,74,153.65
41,74,153.666666667
42,74,153.683333333
43,74,153.7
44,74,153.716666667
45,74,153.733333333
46,74,153.75
47,74,153.766666667
48,74,153.783333333
49,74,153.8
50,74,153.816666667
51,74,153.833333333
52,74,153.85
53,74,153.866666667
54,74,153.883333333
55,74,153.9
56,74,153.916666667
57,74,153.933333333
58,74,153.95
59,74,153.966666667
60,74,153.983333333
61,74,154
62,74,154.016666667
63,74,154.033333333
64,74,154.05
65,74,154.066666667
66,74,154.083333333
67,74,154.1
68,74,154.116666667
69,74,154.133333333
70,74,154.15
71,74,154.166666667
72,74,154.183333333
73,74,154.2
74,74,154.216666667
75,74,154.233333333
76,74,154.25
77,74,154.266666667
78,74,154.283333333
79,74,154.3
80,74,154.316666667
81,74,154.333333333
82,74,154.35
83,74,154.366666667
84,74,154.383333333
85,74,154.4
86,74,154.416666667
87,74,154.433333333
88,74,154.45
89,74,154.466666667
90,74,154.483333333
91,74,154.5
92,74,154.516666667
93,74,154.533333333
94,74,154.55
95,74,154.566666667
96,74,154.583333333
97,74,154.6
98,74,154.616666667
99,74,154.633333333
100,74,154.65
101,74,154.666666667
102,74,154.683333333
103,74,154.7
104,74,154.716666667
105,74,154.733333333
106,74,154.75
107,74,154.766666667
108,74,154.783333333
109,74,154.8
110,74,154.816666667
111,74,154.833333333
112,74,154.85
113,74,154.866666667
114,74,154.883333333
115,74,154.9
116,74,154.916666667
117,74,154.933333333
118,74,154.95
119,74,154.966666667
120,74,154.983333333
1,75,155
2,75,155.016666667
3,75,155.033333333
4,75,155.05
5,75,155.066666667
6,75,155.083333333
7,75,155.1
8,75,155.116666667
9,75,155.133333333
10,75,155.15
11,75,155.166666667
12,75,155.183333333
13,75,155.2
14,75,155.216666667
15,75,155.233333333
16,75,155.25
17,75,155.266666667
18,75,155.283333333
19,75,155.3
20,75,155.316666667
21,75,155.333333333
22,75,155.35
23,75,155.366666667
24,75,155.383333333
25,75,155.4
26,75,155.416666667
27,75,155.433333333
28,75,155.45
29,75,155.466666667
30,75,155.483333333
31,75,155.5
32,75,155.516666667
33,75,155.533333333
34,75,155.55
35,75,155.566666667
36,75,155.583333333
37,75,155.6
38,75,155.616666667
39,75,155.633333333
40,75,155.65
41,75,155.666666667
42,75,155.683333333
43,75,155.7
44,75,155.716666667
45,75,155.733333333
46,75,155.75
47,75,155.766666667
48,75,155.783333333
49,75,155.8
50,75,155.816666667
51,75,155.833333333
52,75,155.85
53,75,155.866666667
54,75,155.883333333
55,75,155.9
56,75,155.916666667
57,75,155.933333333
58,75,155.95
59,75,155.966666667
60,75,155.983333333
61,75,156
62,75,156.016666667
63,75,156.033333333
64,75,156.05
65,75,156.066666667
66,75,156.083333333
67,75,156.1
68,75,156.116666667
69,75,156.133333333
70,75,156.15
71,75,156.166666667
72,75,156.183333333
73,75,156.2
74,75,156.216666667
75,75,156.233333333
76,75,156.25
77,75,156.266666667
78,75,156.283333333
79,75,156.3
80,75,156.316666667
81,75,156.333333333
82,75,156.35
83,75,156.366666667
84,75,156.383333333
85,75,156.4
86,75,156.416666667
87,75,156.433333333
88,75,156.45
89,75,156.466666667
90,75,156.483333333
91,75,156.5
92,75,156.516666667
93,75,156.533333333
94,75,156.55
95,75,156.566666667
96,75,156.583333333
97,75,156.6
98,75,156.616666667
99,75,156.633333333
100,75,156.65
101,75,156.666666667
102,75,156.683333333
103,75,156.7
104,75,156.716666667
105,75,156.733333333
106,75,156.75
107,75,156.766666667
108,75,156.783333333
109,75,156.8
110,75,156.816666667
111,75,156.833333333
112,75,156.85
113,75,156.866666667
114,75,156.883333333
115,75,156.9
116,75,156.916666667
117,75,156.933333333
118,75,156.95
119,75,156.966666667
120,75,156.983333333
1,76,157
2,76,157.016666667
3,76,157.033333333
4,76,157.05
5,76,157.066666667
6,76,157.083333333
7,76,157.1
8,76,157.116666667
9,76,157.133333333
10,76,157.15
11,76,157.166666667
12,76,157.183333333
13,76,157.2
14,76,157.216666667
15,76,157.233333333
16,76,157.25
17,76,157.266666667
18,76,157.283333333
19,76,157.3
20,76,157.316666667
21,76,157.333333333
22,76,157.35
23,76,157.366666667
24,76,157.383333333
25,76,157.4
26,76,157.416666667
27,76,157.433333333
28,76,157.45
29,76,157.466666667
30,76,157.483333333
31,76,157.5
32,76,157.516666667
33,76,157.533333333
34,76,157.55
35,76,157.566666667
36,76,157.583333333
37,76,157.6
38,76,157.616666667
39,76,157.633333333
40,76,157.65
41,76,157.666666667
42,76,157.683333333
43,76,157.7
44,76,157.716666667
45,76,157.733333333
46,76,157.75
47,76,157.766666667
48,76,157.783333333
49,76,157.8
50,76,157.816666667
51,76,157.833333333
52,76,157.85
53,76,157.866666667
54,76,157.883333333
55,76,157.9
56,76,157.916666667
57,76,157.933333333
58,76,157.95
59,76,157.966666667
60,76,157.983333333
61,76,158
62,76,158.016666667
63,76,158.033333333
64,76,158.05
65,76,158.066666667
66,76,158.083333333
67,76,158.1
68,76,158.116666667
69,76,158.133333333
70,76,158.15
71,76,158.166666667
72,76,158.183333333
73,76,158.2
74,76,158.216666667
75,76,158.233333333
76,76,158.25
77,76,158.266666667
78,76,158.283333333
79,76,158.3
80,76,158.316666667
81,76,158.333333333
82,76,158.35
83,76,158.366666667
84,76,158.383333333
85,76,158.4
86,76,158.416666667
87,76,158.433333333
88,76,158.45
89,76,158.466666667
90,76,158.483333333
91,76,158.5
92,76,158.516666667
93,76,158.533333333
94,76,158.55
95,76,158.566666667
96,76,158.583333333
97,76,158.6
98,76,158.616666667
99,76,158.633333333
100,76,158.65
101,76,158.666666667
102,76,158.683333333
103,76,158.7
104,76,158.716666667
105,76,158.733333333
106,76,158.75
107,76,158.766666667
108,76,158.783333333
109,76,158.8
110,76,158.816666667
111,76,158.833333333
112,76,158.85
113,76,158.866666667
114,76,158.883333333
115,76,158.9
116,76,158.916666667
117,76,158.933333333
118,76,158.95
119,76,158.966666667
120,76,158.983333333
1,77,159
2,77,159.016666667
3,77,159.033333333
4,77,159.05
5,77,159.066666667
6,77,159.083333333
7,77,159.1
8,77,159.116666667
9,77,159.133333333
10,77,159.15
11,77,159.166666667
12,77,159.183333333
13,77,159.2
14,77,159.216666667
15,77,159.233333333
16,77,159.25
17,77,159.266666667
18,77,159.283333333
19,77,159.3
20,77,159.316666667
21,77,159.333333333
22,77,159.35
23,77,159.366666667
24,77,159.383333333
25,77,159.4
26,77,159.416666667
27,77,159.433333333
28,77,159.45
29,77,159.466666667
30,77,159.483333333
31,77,159.5
32,77,159.516666667
33,77,159.533333333
34,77,159.55
35,77,159.566666667
36,77,159.583333333
37,77,159.6
38,77,159.616666667
39,77,159.633333333
40,77,159.65
41,77,159.666666667
42,77,159.683333333
43,77,159.7
44,77,159.716666667
45,77,159.733333333
46,77,159.75
47,77,159.766666667
48,77,159.783333333
49,77,159.8
50,77,159.816666667
51,77,159.833333333
52,77,159.85
53,77,159.866666667
54,77,159.883333333
55,77,159.9
56,77,159.916666667
57,77,159.933333333
58,77,159.95
59,77,159.966666667
60,77,159.983333333
61,77,160
62,77,160.016666667
63,77,160.033333333
64,77,160.05
65,77,160.066666667
66,77,160.083333333
67,77,160.1
68,77,160.116666667
69,77,160.133333333
70,77,160.15
71,77,160.166666667
72,77,160.183333333
73,77,160.2
74,77,160.216666667
75,77,160.233333333
76,77,160.25
77,77,160.266666667
78,77,160.283333333
79,77,160.3
80,77,160.316666667
81,77,160.333333333
82,77,160.35
83,77,160.366666667
84,77,160.383333333
85,77,160.4
86,77,160.416666667
87,77,160.433333333
88,77,160.45
89,77,160.466666667
90,77,160.483333333
91,77,160.5
92,77,160.516666667
93,77,160.533333333
94,77,160.55
95,77,160.566666667
96,77,160.583333333
97,77,160.6
98,77,160.616666667
99,77,160.633333333
100,77,160.65
101,77,160.666666667
102,77,160.683333333
103,77,160.7
104,77,160.716666667
105,77,160.733333333
106,77,160.75
107,77,160.766666667
108,77,160.783333333
109,77,160.8
110,77,160.816666667
111,77,160.833333333
112,77,160.85
113,77,160.866666667
114,77,160.883333333
115,77,160.9
116,77,160.916666667
117,77,160.933333333
118,77,160.95
119,77,160.966666667
120,77,160.983333333
1,78,161
2,78,161.016666667
3,78,161.033333333
4,78,161.05
5,78,161.066666667
6,78,161.083333333
7,78,161.1
8,78,161.116666667
9,78,161.133333333
10,78,161.15
11,78,161.166666667
12,78,161.183333333
13,78,161.2
14,78,161.216666667
15,78,161.233333333
16,78,161.25
17,78,161.266666667
18,78,161.283333333
19,78,161.3
20,78,161.316666667
21,78,161.333333333
22,78,161.35
23,78,161.366666667
24,78,161.383333333
25,78,161.4
26,78,161.416666667
27,78,161.433333333
28,78,161.45
29,78,161.466666667
30,78,161.483333333
31,78,161.5
32,78,161.516666667
33,78,161.533333333
34,78,161.55
35,78,161.566666667
36,78,161.583333333
37,78,161.6
38,78,161.616666667
39,78,161.633333333
40,78,161.65
41,78,161.666666667
42,78,161.683333333
43,78,161.7
44,78,161.716666667
45,78,161.733333333
46,78,161.75
47,78,161.766666667
48,78,161.783333333
49,78,161.8
50,78,161.816666667
51,78,161.833333333
52,78,161.85
53,78,161.866666667
54,78,161.883333333
55,78,161.9
56,78,161.916666667
57,78,161.933333333
58,78,161.95
59,78,161.966666667
60,78,161.983333333
61,78,162
62,78,162.016666667
63,78,162.033333333
64,78,162.05
65,78,162.066666667
66,78,162.083333333
67,78,162.1
68,78,162.116666667
69,78,162.133333333
70,78,162.15
71,78,162.166666667
72,78,162.183333333
73,78,162.2
74,78,162.216666667
75,78,162.233333333
76,78,162.25
77,78,162.266666667
78,78,162.283333333
79,78,162.3
80,78,162.316666667
81,78,162.333333333
82,78,162.35
83,78,162.366666667
84,78,162.383333333
85,78,162.4
86,78,162.416666667
87,78,162.433333333
88,78,162.45
89,78,162.466666667
90,78,162.483333333
91,78,162.5
92,78,162.516666667
93,78,162.533333333
94,78,162.55
95,78,162.566666667
96,78,162.583333333
97,78,162.6
98,78,162.616666667
99,78,162.633333333
100,78,162.65
101,78,162.666666667
102,78,162.683333333
103,78,162.7
104,78,162.716666667
105,78,162.733333333
106,78,162.75
107,78,162.766666667
108,78,162.783333333
109,78,162.8
110,78,162.816666667
111,78,162.833333333
112,78,162.85
113,78,162.866666667
114,78,162.883333333
115,78,162.9
116,78,162.916666667
117,78,162.933333333
118,78,162.95
119,78,162.966666667
120,78,162.983333333
1,79,163
2,79,163.016666667
3,79,163.033333333
4,79,163.05
5,79,163.066666667
6,79,163.083333333
7,79,163.1
8,79,163.116666667
9,79,163.133333333
10,79,163.15
11,79,163.166666667
12,79,163.183333333
13,79,163.2
14,79,163.216666667
15,79,163.233333333
16,79,163.25
17,79,163.266666667
18,79,163.283333333
19,79,163.3
20,79,163.316666667
21,79,163.333333333
22,79,163.35
23,79,163.366666667
24,79,163.383333333
25,79,163.4
26,79,163.416666667
27,79,163.433333333
28,79,163.45
29,79,163.466666667
30,79,163.483333333
31,79,163.5
32,79,163.516666667
33,79,163.533333333
34,79,163.55
35,79,163.566666667
36,79,163.583333333
37,79,163.6
38,79,163.616666667
39,79,163.633333333
40,79,163.65
41,79,163.666666667
42,79,163.683333333
43,79,163.7
44,79,163.716666667
45,79,163.733333333
46,79,163.75
47,79,163.766666667
48,79,163.783333333
49,79,163.8
50,79,163.816666667
51,79,163.833333333
52,79,163.85
53,79,163.866666667
54,79,163.883333333
55,79,163.9
56,79,163.916666667
57,79,163.933333333
58,79,163.95
59,79,163.966666667
60,79,163.983333333
61,79,164
62,79,164.016666667
63,79,164.033333333
64,79,164.05
65,79,164.066666667
66,79,164.083333333
67,79,164.1
68,79,164.116666667
69,79,164.133333333
70,79,164.15
71,79,164.166666667
72,79,164.183333333
73,79,164.2
74,79,164.216666667
75,79,164.233333333
76,79,164.25
77,79,164.266666667
78,79,164.283333333
79,79,164.3
80,79,164.316666667
81,79,164.333333333
82,79,164.35
83,79,164.366666667
84,79,164.383333333
85,79,164.4
86,79,164.416666667
87,79,164.433333333
88,79,164.45
89,79,164.466666667
90,79,164.483333333
91,79,164.5
92,79,164.516666667
93,79,164.533333333
94,79,164.55
95,79,164.566666667
96,79,164.583333333
97,79,164.6
98,79,164.616666667
99,79,164.633333333
100,79,164.65
101,79,164.666666667
102,79,164.683333333
103,79,164.7
104,79,164.716666667
105,79,164.733333333
106,79,164.75
107,79,164.766666667
108,79,164.783333333
109,79,164.8
110,79,164.816666667
111,79,164.833333333
112,79,164.85
113,79,164.866666667
114,79,164.883333333
115,79,164.9
116,79,164.916666667
117,79,164.933333333
118,79,164.95
119,79,164.966666667
120,79,164.983333333
1,80,165
2,80,165.016666667
3,80,165.033333333
4,80,165.05
5,80,165.066666667
6,80,165.083333333
7,80,165.1
8,80,165.116666667
9,80,165.133333333
10,80,165.15
11,80,165.166666667
12,80,165.183333333
13,80,165.2
14,80,165.216666667
15,80,165.233333333
16,80,165.25
17,80,165.266666667
18,80,165.283333333
19,80,165.3
20,80,165.316666667
21,80,165.333333333
22,80,165.35
23,80,165.366666667
24,80,165.383333333
25,80,165.4
26,80,165.416666667
27,80,165.433333333
28,80,165.45
29,80,165.466666667
30,80,165.483333333
31,80,165.5
32,80,165.516666667
33,80,165.533333333
34,80,165.55
35,80,165.566666667
36,80,165.583333333
37,80,165.6
38,80,165.616666667
39,80,165.633333333
40,80,165.65
41,80,165.666666667
42,80,165.683333333
43,80,165.7
44,80,165.716666667
45,80,165.733333333
46,80,165.75
47,80,165.766666667
48,80,165.783333333
49,80,165.8
50,80,165.816666667
51,80,165.833333333
52,80,165.85
53,80,165.866666667
54,80,165.883333333
55,80,165.9
56,80,165.916666667
57,80,165.933333333
58,80,165.95
59,80,165.966666667
60,80,165.983333333
61,80,166
62,80,166.016666667
63,80,166.033333333
64,80,166.05
65,80,166.066666667
66,80,166.083333333
67,80,166.1
68,80,166.116666667
69,80,166.133333333
70,80,166.15
71,80,166.166666667
72,80,166.183333333
73,80,166.2
74,80,166.216666667
75,80,166.233333333
76,80,166.25
77,80,166.266666667
78,80,166.283333333
79,80,166.3
80,80,166.316666667
81,80,166.333333333
82,80,166.35
83,80,166.366666667
84,80,166.383333333
85,80,166.4
86,80,166.416666667
87,80,166.433333333
88,80,166.45
89,80,166.466666667
90,80,166.483333333
91,80,166.5
92,80,166.516666667
93,80,166.533333333
94,80,166.55
95,80,166.566666667
96,80,166.583333333
97,80,166.6
98,80,166.616666667
99,80,166.633333333
100,80,166.65
101,80,166.666666667
102,80,166.683333333
103,80,166.7
104,80,166.716666667
105,80,166.733333333
106,80,166.75
107,80,166.766666667
108,80,166.783333333
109,80,166.8
110,80,166.816666667
111,80,166.833333333
112,80,166.85
113,80,166.866666667
114,80,166.883333333
115,80,166.9
116,80,166.916666667
117,80,166.933333333
118,80,166.95
119,80,166.966666667
120,80,166.983333333
1,81,167
2,81,167.016666667
3,81,167.033333333
4,81,167.05
5,81,167.066666667
6,81,167.083333333
7,81,167.1
8,81,167.116666667
9,81,167.133333333
10,81,167.15
11,81,167.166666667
12,81,167.183333333
13,81,167.2
14,81,167.216666667
15,81,167.233333333
16,81,167.25
17,81,167.266666667
18,81,167.283333333
19,81,167.3
20,81,167.316666667
21,81,167.333333333
22,81,167.35
23,81,167.366666667
24,81,167.383333333
25,81,167.4
26,81,167.416666667
27,81,167.433333333
28,81,167.45
29,81,167.466666667
30,81,167.483333333
31,81,167.5
32,81,167.516666667
33,81,167.533333333
34,81,167.55
35,81,167.566666667
36,81,167.583333333
37,81,167.6
38,81,167.616666667
39,81,167.633333333
40,81,167.65
41,81,167.666666667
42,81,167.683333333
43,81,167.7
44,81,167.716666667
45,81,167.733333333
46,81,167.75
47,81,167.766666667
48,81,167.783333333
49,81,167.8
50,81,167.816666667
51,81,167.833333333
52,81,167.85
53,81,167.866666667
54,81,167.883333333
55,81,167.9
56,81,167.916666667
57,81,167.933333333
58,81,167.95
59,81,167.966666667
60,81,167.983333333
61,81,168
62,81,168.016666667
63,81,168.033333333
64,81,168.05
65,81,168.066666667
66,81,168.083333333
67,81,168.1
68,81,168.116666667
69,81,168.133333333
70,81,168.15
71,81,168.166666667
72,81,168.183333333
73,81,168.2
74,81,168.216666667
75,81,168.233333333
76,81,168.25
77,81,168.266666667
78,81,168.283333333
79,81,168.3
80,81,168.316666667
81,81,168.333333333
82,81,168.35
83,81,168.366666667
84,81,168.383333333
85,81,168.4
86,81,168.416666667
87,81,168.433333333
88,81,168.45
89,81,168.466666667
90,81,168.483333333
91,81,168.5
92,81,168.516666667
93,81,168.533333333
94,81,168.55
95,81,168.566666667
96,81,168.583333333
97,81,168.6
98,81,168.616666667
99,81,168.633333333
100,81,168.65
101,81,168.666666667
102,81,168.683333333
103,81,168.7
104,81,168.716666667
105,81,168.733333333
106,81,168.75
107,81,168.766666667
108,81,168.783333333
109,81,168.8
110,81,168.816666667
111,81,168.833333333
112,81,168.85
113,81,168.866666667
114,81,168.883333333
115,81,168.9
116,81,168.916666667
117,81,168.933333333
118,81,168.95
119,81,168.966666667
120,81,168.983333333
1,82,169
2,82,169.016666667
3,82,169.033333333
4,82,169.05
5,82,169.066666667
6,82,169.083333333
7,82,169.1
8,82,169.116666667
9,82,169.133333333
10,82,169.15
11,82,169.166666667
12,82,169.183333333
13,82,169.2
14,82,169.216666667
15,82,169.233333333
16,82,169.25
17,82,169.266666667
18,82,169.283333333
19,82,169.3
20,82,169.316666667
21,82,169.333333333
22,82,169.35
23,82,169.366666667
24,82,169.383333333
25,82,169.4
26,82,169.416666667
27,82,169.433333333
28,82,169.45
29,82,169.466666667
30,82,169.483333333
31,82,169.5
32,82,169.516666667
33,82,169.533333333
34,82,169.55
35,82,169.566666667
36,82,169.583333333
37,82,169.6
38,82,169.616666667
39,82,169.633333333
40,82,169.65
41,82,169.666666667
42,82,169.683333333
43,82,169.7
44,82,169.716666667
45,82,169.733333333
46,82,169.75
47,82,169.766666667
48,82,169.783333333
49,82,169.8
50,82,169.816666667
51,82,169.833333333
52,82,169.85
53,82,169.866666667
54,82,169.883333333
55,82,169.9
56,82,169.916666667
57,82,169.933333333
58,82,169.95
59,82,169.966666667
60,82,169.983333333
61,82,170
62,82,170.016666667
63,82,170.033333333
64,82,170.05
65,82,170.066666667
66,82,170.083333333
67,82,170.1
68,82,170.116666667
69,82,170.133333333
70,82,170.15
71,82,170.166666667
72,82,170.183333333
73,82,170.2
74,82,170.216666667
75,82,170.233333333
76,82,170.25
77,82,170.266666667
78,82,170.283333333
79,82,170.3
80,82,170.316666667
81,82,170.333333333
82,82,170.35
83,82,170.366666667
84,82,170.383333333
85,82,170.4
86,82,170.416666667
87,82,170.433333333
88,82,170.45
89,82,170.466666667
90,82,170.483333333
91,82,170.5
92,82,170.516666667
93,82,170.533333333
94,82,170.55
95,82,170.566666667
96,82,170.583333333
97,82,170.6
98,82,170.616666667
99,82,170.633333333
100,82,170.65
101,82,170.666666667
102,82,170.683333333
103,82,170.7
104,82,170.716666667
105,82,170.733333333
106,82,170.75
107,82,170.766666667
108,82,170.783333333
109,82,170.8
110,82,170.816666667
111,82,170.833333333
112,82,170.85
113,82,170.866666667
114,82,170.883333333
115,82,170.9
116,82,170.916666667
117,82,170.933333333
118,82,170.95
119,82,170.966666667
120,82,170.983333333
1,83,171
2,83,171.016666667
3,83,171.033333333
4,83,171.05
5,83,171.066666667
6,83,171.083333333
7,83,171.1
8,83,171.116666667
9,83,171.133333333
10,83,171.15
11,83,171.166666667
12,83,171.183333333
13,83,171.2
14,83,171.216666667
15,83,171.233333333
16,83,171.25
17,83,171.266666667
18,83,171.283333333
19,83,171.3
20,83,171.316666667
21,83,171.333333333
22,83,171.35
23,83,171.366666667
24,83,171.383333333
25,83,171.4
26,83,171.416666667
27,83,171.433333333
28,83,171.45
29,83,171.466666667
30,83,171.483333333
31,83,171.5
32,83,171.516666667
33,83,171.533333333
34,83,171.55
35,83,171.566666667
36,83,171.583333333
37,83,171.6
38,83,171.616666667
39,83,171.633333333
40,83,171.65
41,83,171.666666667
42,83,171.683333333
43,83,171.7
44,83,171.716666667
45,83,171.733333333
46,83,171.75
47,83,171.766666667
48,83,171.783333333
49,83,171.8
50,83,171.816666667
51,83,171.833333333
52,83,171.85
53,83,171.866666667
54,83,171.883333333
55,83,171.9
56,83,171.916666667
57,83,171.933333333
58,83,171.95
59,83,171.966666667
60,83,171.983333333
61,83,172
62,83,172.016666667
63,83,172.033333333
64,83,172.05
65,83,172.066666667
66,83,172.083333333
67,83,172.1
68,83,172.116666667
69,83,172.133333333
70,83,172.15
71,83,172.166666667
72,83,172.183333333
73,83,172.2
74,83,172.216666667
75,83,172.233333333
76,83,172.25
77,83,172.266666667
78,83,172.283333333
79,83,172.3
80,83,172.316666667
81,83,172.333333333
82,83,172.35
83,83,172.366666667
84,83,172.383333333
85,83,172.4
86,83,172.416666667
87,83,172.433333333
88,83,172.45
89,83,172.466666667
90,83,172.483333333
91,83,172.5
92,83,172.516666667
93,83,172.533333333
94,83,172.55
95,83,172.566666667
96,83,172.583333333
97,83,172.6
98,83,172.616666667
99,83,172.633333333
100,83,172.65
101,83,172.666666667
102,83,172.683333333
103,83,172.7
104,83,172.716666667
105,83,172.733333333
106,83,172.75
107,83,172.766666667
108,83,172.783333333
109,83,172.8
110,83,172.816666667
111,83,172.833333333
112,83,172.85
113,83,172.866666667
114,83,172.883333333
115,83,172.9
116,83,172.916666667
117,83,172.933333333
118,83,172.95
119,83,172.966666667
120,83,172.983333333
1,84,173
2,84,173.016666667
3,84,173.033333333
4,84,173.05
5,84,173.066666667
6,84,173.083333333
7,84,173.1
8,84,173.116666667
9,84,173.133333333
10,84,173.15
11,84,173.166666667
12,84,173.183333333
13,84,173.2
14,84,173.216666667
15,84,173.233333333
16,84,173.25
17,84,173.266666667
18,84,173.283333333
19,84,173.3
20,84,173.316666667
21,84,173.333333333
22,84,173.35
23,84,173.366666667
24,84,173.383333333
25,84,173.4
26,84,173.416666667
27,84,173.433333333
28,84,173.45
29,84,173.466666667
30,84,173.483333333
31,84,173.5
32,84,173.516666667
33,84,173.533333333
34,84,173.55
35,84,173.566666667
36,84,173.583333333
37,84,173.6
38,84,173.616666667
39,84,173.633333333
40,84,173.65
41,84,173.666666667
42,84,173.683333333
43,84,173.7
44,84,173.716666667
45,84,173.733333333
46,84,173.75
47,84,173.766666667
48,84,173.783333333
49,84,173.8
50,84,173.816666667
51,84,173.833333333
52,84,173.85
53,84,173.866666667
54,84,173.883333333
55,84,173.9
56,84,173.916666667
57,84,173.933333333
58,84,173.95
59,84,173.966666667
60,84,173.983333333
61,84,174
62,84,174.016666667
63,84,174.033333333
64,84,174.05
65,84,174.066666667
66,84,174.083333333
67,84,174.1
68,84,174.116666667
69,84,174.133333333
70,84,174.15
71,84,174.166666667
72,84,174.183333333
73,84,174.2
74,84,174.216666667
75,84,174.233333333
76,84,174.25
77,84,174.266666667
78,84,174.283333333
79,84,174.3
80,84,174.316666667
81,84,174.333333333
82,84,174.35
83,84,174.366666667
84,84,174.383333333
85,84,174.4
86,84,174.416666667
87,84,174.433333333
88,84,174.45
89,84,174.466666667
90,84,174.483333333
91,84,174.5
92,84,174.516666667
93,84,174.533333333
94,84,174.55
95,84,174.566666667
96,84,174.583333333
97,84,174.6
98,84,174.616666667
99,84,174.633333333
100,84,174.65
101,84,174.666666667
102,84,174.683333333
103,84,174.7
104,84,174.716666667
105,84,174.733333333
106,84,174.75
107,84,174.766666667
108,84,174.783333333
109,84,174.8
110,84,174.816666667
111,84,174.833333333
112,84,174.85
113,84,174.866666667
114,84,174.883333333
115,84,174.9
116,84,174.916666667
117,84,174.933333333
118,84,174.95
119,84,174.966666667
120,84,174.983333333
1,85,175
2,85,175.016666667
3,85,175.033333333
4,85,175.05
5,85,175.066666667
6,85,175.083333333
7,85,175.1
8,85,175.116666667
9,85,175.133333333
10,85,175.15
11,85,175.166666667
12,85,175.183333333
13,85,175.2
14,85,175.216666667
15,85,175.233333333
16,85,175.25
17,85,175.266666667
18,85,175.283333333
19,85,175.3
20,85,175.316666667
21,85,175.333333333
22,85,175.35
23,85,175.366666667
24,85,175.383333333
25,85,175.4
26,85,175.416666667
27,85,175.433333333
28,85,175.45
29,85,175.466666667
30,85,175.483333333
31,85,175.5
32,85,175.516666667
33,85,175.533333333
34,85,175.55
35,85,175.566666667
36,85,175.583333333
37,85,175.6
38,85,175.616666667
39,85,175.633333333
40,85,175.65
41,85,175.666666667
42,85,175.683333333
43,85,175.7
44,85,175.716666667
45,85,175.733333333
46,85,175.75
47,85,175.766666667
48,85,175.783333333
49,85,175.8
50,85,175.816666667
51,85,175.833333333
52,85,175.85
53,85,175.866666667
54,85,175.883333333
55,85,175.9
56,85,175.916666667
57,85,175.933333333
58,85,175.95
59,85,175.966666667
60,85,175.983333333
61,85,176
62,85,176.016666667
63,85,176.033333333
64,85,176.05
65,85,176.066666667
66,85,176.083333333
67,85,176.1
68,85,176.116666667
69,85,176.133333333
70,85,176.15
71,85,176.166666667
72,85,176.183333333
73,85,176.2
74,85,176.216666667
75,85,176.233333333
76,85,176.25
77,85,176.266666667
78,85,176.283333333
79,85,176.3
80,85,176.316666667
81,85,176.333333333
82,85,176.35
83,85,176.366666667
84,85,176.383333333
85,85,176.4
86,85,176.416666667
87,85,176.433333333
88,85,176.45
89,85,176.466666667
90,85,176.483333333
91,85,176.5
92,85,176.516666667
93,85,176.533333333
94,85,176.55
95,85,176.566666667
96,85,176.583333333
97,85,176.6
98,85,176.616666667
99,85,176.633333333
100,85,176.65
101,85,176.666666667
102,85,176.683333333
103,85,176.7
104,85,176.716666667
105,85,176.733333333
106,85,176.75
107,85,176.766666667
108,85,176.783333333
109,85,176.8
110,85,176.816666667
111,85,176.833333333
112,85,176.85
113,85,176.866666667
114,85,176.883333333
115,85,176.9
116,85,176.916666667
117,85,176.933333333
118,85,176.95
119,85,176.966666667
120,85,176.983333333
1,86,177
2,86,177.016666667
3,86,177.033333333
4,86,177.05
5,86,177.066666667
6,86,177.083333333
7,86,177.1
8,86,177.116666667
9,86,177.133333333
10,86,177.15
11,86,177.166666667
12,86,177.183333333
13,86,177.2
14,86,177.216666667
15,86,177.233333333
16,86,177.25
17,86,177.266666667
18,86,177.283333333
19,86,177.3
20,86,177.316666667
21,86,177.333333333
22,86,177.35
23,86,177.366666667
24,86,177.383333333
25,86,177.4
26,86,177.416666667
27,86,177.433333333
28,86,177.45
29,86,177.466666667
30,86,177.483333333
31,86,177.5
32,86,177.516666667
33,86,177.533333333
34,86,177.55
35,86,177.566666667
36,86,177.583333333
37,86,177.6
38,86,177.616666667
39,86,177.633333333
40,86,177.65
41,86,177.666666667
42,86,177.683333333
43,86,177.7
44,86,177.716666667
45,86,177.733333333
46,86,177.75
47,86,177.766666667
48,86,177.783333333
49,86,177.8
50,86,177.816666667
51,86,177.833333333
52,86,177.85
53,86,177.866666667
54,86,177.883333333
55,86,177.9
56,86,177.916666667
57,86,177.933333333
58,86,177.95
59,86,177.966666667
60,86,177.983333333
61,86,178
62,86,178.016666667
63,86,178.033333333
64,86,178.05
65,86,178.066666667
66,86,178.083333333
67,86,178.1
68,86,178.116666667
69,86,178.133333333
70,86,178.15
71,86,178.166666667
72,86,178.183333333
73,86,178.2
74,86,178.216666667
75,86,178.233333333
76,86,178.25
77,86,178.266666667
78,86,178.283333333
79,86,178.3
80,86,178.316666667
81,86,178.333333333
82,86,178.35
83,86,178.366666667
84,86,178.383333333
85,86,178.4
86,86,178.416666667
87,86,178.433333333
88,86,178.45
89,86,178.466666667
90,86,178.483333333
91,86,178.5
92,86,178.516666667
93,86,178.533333333
94,86,178.55
95,86,178.566666667
96,86,178.583333333
97,86,178.6
98,86,178.616666667
99,86,178.633333333
100,86,178.65
101,86,178.666666667
102,86,178.683333333
103,86,178.7
104,86,178.716666667
105,86,178.733333333
106,86,178.75
107,86,178.766666667
108,86,178.783333333
109,86,178.8
110,86,178.816666667
111,86,178.833333333
112,86,178.85
113,86,178.866666667
114,86,178.883333333
115,86,178.9
116,86,178.916666667
117,86,178.933333333
118,86,178.95
119,86,178.966666667
120,86,178.983333333
1,87,179
2,87,179.016666667
3,87,179.033333333
4,87,179.05
5,87,179.066666667
6,87,179.083333333
7,87,179.1
8,87,179.116666667
9,87,179.133333333
10,87,179.15
11,87,179.166666667
12,87,179.183333333
13,87,179.2
14,87,179.216666667
15,87,179.233333333
16,87,179.25
17,87,179.266666667
18,87,179.283333333
19,87,179.3
20,87,179.316666667
21,87,179.333333333
22,87,179.35
23,87,179.366666667
24,87,179.383333333
25,87,179.4
26,87,179.416666667
27,87,179.433333333
28,87,179.45
29,87,179.466666667
30,87,179.483333333
31,87,179.5
32,87,179.516666667
33,87,179.533333333
34,87,179.55
35,87,179.566666667
36,87,179.583333333
37,87,179.6
38,87,179.616666667
39,87,179.633333333
40,87,179.65
41,87,179.666666667
42,87,179.683333333
43,87,179.7
44,87,179.716666667
45,87,179.733333333
46,87,179.75
47,87,179.766666667
48,87,179.783333333
49,87,179.8
50,87,179.816666667
51,87,179.833333333
52,87,179.85
53,87,179.866666667
54,87,179.883333333
55,87,179.9
56,87,179.916666667
57,87,179.933333333
58,87,179.95
59,87,179.966666667
60,87,179.983333333
61,87,180
62,87,180.016666667
63,87,180.033333333
64,87,180.05
65,87,180.066666667
66,87,180.083333333
67,87,180.1
68,87,180.116666667
69,87,180.133333333
70,87,180.15
71,87,180.166666667
72,87,180.183333333
73,87,180.2
74,87,180.216666667
75,87,180.233333333
76,87,180.25
77,87,180.266666667
78,87,180.283333333
79,87,180.3
80,87,180.316666667
81,87,180.333333333
82,87,180.35
83,87,180.366666667
84,87,180.383333333
85,87,180.4
86,87,180.416666667
87,87,180.433333333
88,87,180.45
89,87,180.466666667
90,87,180.483333333
91,87,180.5
92,87,180.516666667
93,87,180.533333333
94,87,180.55
95,87,180.566666667
96,87,180.583333333
97,87,180.6
98,87,180.616666667
99,87,180.633333333
100,87,180.65
101,87,180.666666667
102,87,180.683333333
103,87,180.7
104,87,180.716666667
105,87,180.733333333
106,87,180.75
107,87,180.766666667
108,87,180.783333333
109,87,180.8
110,87,180.816666667
111,87,180.833333333
112,87,180.85
113,87,180.866666667
114,87,180.883333333
115,87,180.9
116,87,180.916666667
117,87,180.933333333
118,87,180.95
119,87,180.966666667
120,87,180.983333333
1,88,181
2,88,181.016666667
3,88,181.033333333
4,88,181.05
5,88,181.066666667
6,88,181.083333333
7,88,181.1
8,88,181.116666667
9,88,181.133333333
10,88,181.15
11,88,181.166666667
12,88,181.183333333
13,88,181.2
14,88,181.216666667
15,88,181.233333333
16,88,181.25
17,88,181.266666667
18,88,181.283333333
19,88,181.3
20,88,181.316666667
21,88,181.333333333
22,88,181.35
23,88,181.366666667
24,88,181.383333333
25,88,181.4
26,88,181.416666667
27,88,181.433333333
28,88,181.45
29,88,181.466666667
30,88,181.483333333
31,88,181.5
32,88,181.516666667
33,88,181.533333333
34,88,181.55
35,88,181.566666667
36,88,181.583333333
37,88,181.6
38,88,181.616666667
39,88,181.633333333
40,88,181.65
41,88,181.666666667
42,88,181.683333333
43,88,181.7
44,88,181.716666667
45,88,181.733333333
46,88,181.75
47,88,181.766666667
48,88,181.783333333
49,88,181.8
50,88,181.816666667
51,88,181.833333333
52,88,181.85
53,88,181.866666667
54,88,181.883333333
55,88,181.9
56,88,181.916666667
57,88,181.933333333
58,88,181.95
59,88,181.966666667
60,88,181.983333333
61,88,182
62,88,182.016666667
63,88,182.033333333
64,88,182.05
65,88,182.066666667
66,88,182.083333333
67,88,182.1
68,88,182.116666667
69,88,182.133333333
70,88,182.15
71,88,182.166666667
72,88,182.183333333
73,88,182.2
74,88,182.216666667
75,88,182.233333333
76,88,182.25
77,88,182.266666667
78,88,182.283333333
79,88,182.3
80,88,182.316666667
81,88,182.333333333
82,88,182.35
83,88,182.366666667
84,88,182.383333333
85,88,182.4
86,88,182.416666667
87,88,182.433333333
88,88,182.45
89,88,182.466666667
90,88,182.483333333
91,88,182.5
92,88,182.516666667
93,88,182.533333333
94,88,182.55
95,88,182.566666667
96,88,182.583333333
97,88,182.6
98,88,182.616666667
99,88,182.633333333
100,88,182.65
101,88,182.666666667
102,88,182.683333333
103,88,182.7
104,88,182.716666667
105,88,182.733333333
106,88,182.75
107,88,182.766666667
108,88,182.783333333
109,88,182.8
110,88,182.816666667
111,88,182.833333333
112,88,182.85
113,88,182.866666667
114,88,182.883333333
115,88,182.9
116,88,182.916666667
117,88,182.933333333
118,88,182.95
119,88,182.966666667
120,88,182.983333333
1,89,183
2,89,183.016666667
3,89,183.033333333
4,89,183.05
5,89,183.066666667
6,89,183.083333333
7,89,183.1
8,89,183.116666667
9,89,183.133333333
10,89,183.15
11,89,183.166666667
12,89,183.183333333
13,89,183.2
14,89,183.216666667
15,89,183.233333333
16,89,183.25
17,89,183.266666667
18,89,183.283333333
19,89,183.3
20,89,183.316666667
21,89,183.333333333
22,89,183.35
23,89,183.366666667
24,89,183.383333333
25,89,183.4
26,89,183.416666667
27,89,183.433333333
28,89,183.45
29,89,183.466666667
30,89,183.483333333
31,89,183.5
32,89,183.516666667
33,89,183.533333333
34,89,183.55
35,89,183.566666667
36,89,183.583333333
37,89,183.6
38,89,183.616666667
39,89,183.633333333
40,89,183.65
41,89,183.666666667
42,89,183.683333333
43,89,183.7
44,89,183.716666667
45,89,183.733333333
46,89,183.75
47,89,183.766666667
48,89,183.783333333
49,89,183.8
50,89,183.816666667
51,89,183.833333333
52,89,183.85
53,89,183.866666667
54,89,183.883333333
55,89,183.9
56,89,183.916666667
57,89,183.933333333
58,89,183.95
59,89,183.966666667
60,89,183.983333333
61,89,184
62,89,184.016666667
63,89,184.033333333
64,89,184.05
65,89,184.066666667
66,89,184.083333333
67,89,184.1
68,89,184.116666667
69,89,184.133333333
70,89,184.15
71,89,184.166666667
72,89,184.183333333
73,89,184.2
74,89,184.216666667
75,89,184.233333333
76,89,184.25
77,89,184.266666667
78,89,184.283333333
79,89,184.3
80,89,184.316666667
81,89,184.333333333
82,89,184.35
83,89,184.366666667
84,89,184.383333333
85,89,184.4
86,89,184.416666667
87,89,184.433333333
88,89,184.45
89,89,184.466666667
90,89,184.483333333
91,89,184.5
92,89,184.516666667
93,89,184.533333333
94,89,184.55
95,89,184.566666667
96,89,184.583333333
97,89,184.6
98,89,184.616666667
99,89,184.633333333
100,89,184.65
101,89,184.666666667
102,89,184.683333333
103,89,184.7
104,89,184.716666667
105,89,184.733333333
106,89,184.75
107,89,184.766666667
108,89,184.783333333
109,89,184.8
110,89,184.816666667
111,89,184.833333333
112,89,184.85
113,89,184.866666667
114,89,184.883333333
115,89,184.9
116,89,184.916666667
117,89,184.933333333
118,89,184.95
119,89,184.966666667
120,89,184.983333333
1,90,185
2,90,185.016666667
3,90,185.033333333
4,90,185.05
5,90,185.066666667
6,90,185.083333333
7,90,185.1
8,90,185.116666667
9,90,185.133333333
10,90,185.15
11,90,185.166666667
12,90,185.183333333
13,90,185.2
14,90,185.216666667
15,90,185.233333333
16,90,185.25
17,90,185.266666667
18,90,185.283333333
19,90,185.3
20,90,185.316666667
21,90,185.333333333
22,90,185.35
23,90,185.366666667
24,90,185.383333333
25,90,185.4
26,90,185.416666667
27,90,185.433333333
28,90,185.45
29,90,185.466666667
30,90,185.483333333
31,90,185.5
32,90,185.516666667
33,90,185.533333333
34,90,185.55
35,90,185.566666667
36,90,185.583333333
37,90,185.6
38,90,185.616666667
39,90,185.633333333
40,90,185.65
41,90,185.666666667
42,90,185.683333333
43,90,185.7
44,90,185.716666667
45,90,185.733333333
46,90,185.75
47,90,185.766666667
48,90,185.783333333
49,90,185.8
50,90,185.816666667
51,90,185.833333333
52,90,185.85
53,90,185.866666667
54,90,185.883333333
55,90,185.9
56,90,185.916666667
57,90,185.933333333
58,90,185.95
59,90,185.966666667
60,90,185.983333333
61,90,186
62,90,186.016666667
63,90,186.033333333
64,90,186.05
65,90,186.066666667
66,90,186.083333333
67,90,186.1
68,90,186.116666667
69,90,186.133333333
70,90,186.15
71,90,186.166666667
72,90,186.183333333
73,90,186.2
74,90,186.216666667
75,90,186.233333333
76,90,186.25
77,90,186.266666667
78,90,186.283333333
79,90,186.3
80,90,186.316666667
81,90,186.333333333
82,90,186.35
83,90,186.366666667
84,90,186.383333333
85,90,186.4
86,90,186.416666667
87,90,186.433333333
88,90,186.45
89,90,186.466666667
90,90,186.483333333
91,90,186.5
92,90,186.516666667
93,90,186.533333333
94,90,186.55
95,90,186.566666667
96,90,186.583333333
97,90,186.6
98,90,186.616666667
99,90,186.633333333
100,90,186.65
101,90,186.666666667
102,90,186.683333333
103,90,186.7
104,90,186.716666667
105,90,186.733333333
106,90,186.75
107,90,186.766666667
108,90,186.783333333
109,90,186.8
110,90,186.816666667
111,90,186.833333333
112,90,186.85
113,90,186.866666667
114,90,186.883333333
115,90,186.9
116,90,186.916666667
117,90,186.933333333
118,90,186.95
119,90,186.966666667
120,90,186.983333333
1,91,187
2,91,187.016666667
3,91,187.033333333
4,91,187.05
5,91,187.066666667
6,91,187.083333333
7,91,187.1
8,91,187.116666667
9,91,187.133333333
10,91,187.15
11,91,187.166666667
12,91,187.183333333
13,91,187.2
14,91,187.216666667
15,91,187.233333333
16,91,187.25
17,91,187.266666667
18,91,187.283333333
19,91,187.3
20,91,187.316666667
21,91,187.333333333
22,91,187.35
23,91,187.366666667
24,91,187.383333333
25,91,187.4
26,91,187.416666667
27,91,187.433333333
28,91,187.45
29,91,187.466666667
30,91,187.483333333
31,91,187.5
32,91,187.516666667
33,91,187.533333333
34,91,187.55
35,91,187.566666667
36,91,187.583333333
37,91,187.6
38,91,187.616666667
39,91,187.633333333
40,91,187.65
41,91,187.666666667
42,91,187.683333333
43,91,187.7
44,91,187.716666667
45,91,187.733333333
46,91,187.75
47,91,187.766666667
48,91,187.783333333
49,91,187.8
50,91,187.816666667
51,91,187.833333333
52,91,187.85
53,91,187.866666667
54,91,187.883333333
55,91,187.9
56,91,187.916666667
57,91,187.933333333
58,91,187.95
59,91,187.966666667
60,91,187.983333333
61,91,188
62,91,188.016666667
63,91,188.033333333
64,91,188.05
65,91,188.066666667
66,91,188.083333333
67,91,188.1
68,91,188.116666667
69,91,188.133333333
70,91,188.15
71,91,188.166666667
72,91,188.183333333
73,91,188.2
74,91,188.216666667
75,91,188.233333333
76,91,188.25
77,91,188.266666667
78,91,188.283333333
79,91,188.3
80,91,188.316666667
81,91,188.333333333
82,91,188.35
83,91,188.366666667
84,91,188.383333333
85,91,188.4
86,91,188.416666667
87,91,188.433333333
88,91,188.45
89,91,188.466666667
90,91,188.483333333
91,91,188.5
92,91,188.516666667
93,91,188.533333333
94,91,188.55
95,91,188.566666667
96,91,188.583333333
97,91,188.6
98,91,188.616666667
99,91,188.633333333
100,91,188.65
101,91,188.666666667
102,91,188.683333333
103,91,188.7
104,91,188.716666667
105,91,188.733333333
106,91,188.75
107,91,188.766666667
108,91,188.783333333
109,91,188.8
110,91,188.816666667
111,91,188.833333333
112,91,188.85
113,91,188.866666667
114,91,188.883333333
115,91,188.9
116,91,188.916666667
117,91,188.933333333
118,91,188.95
119,91,188.966666667
120,91,188.983333333
1,92,189
2,92,189.016666667
3,92,189.033333333
4,92,189.05
5,92,189.066666667
6,92,189.083333333
7,92,189.1
8,92,189.116666667
9,92,189.133333333
10,92,189.15
11,92,189.166666667
12,92,189.183333333
13,92,189.2
14,92,189.216666667
15,92,189.233333333
16,92,189.25
17,92,189.266666667
18,92,189.283333333
19,92,189.3
20,92,189.316666667
21,92,189.333333333
22,92,189.35
23,92,189.366666667
24,92,189.383333333
25,92,189.4
26,92,189.416666667
27,92,189.433333333
28,92,189.45
29,92,189.466666667
30,92,189.483333333
31,92,189.5
32,92,189.516666667
33,92,189.533333333
34,92,189.55
35,92,189.566666667
36,92,189.583333333
37,92,189.6
38,92,189.616666667
39,92,189.633333333
40,92,189.65
41,92,189.666666667
42,92,189.683333333
43,92,189.7
44,92,189.716666667
45,92,189.733333333
46,92,189.75
47,92,189.766666667
48,92,189.783333333
49,92,189.8
50,92,189.816666667
51,92,189.833333333
52,92,189.85
53,92,189.866666667
54,92,189.883333333
55,92,189.9
56,92,189.916666667
57,92,189.933333333
58,92,189.95
59,92,189.966666667
60,92,189.983333333
61,92,190
62,92,190.016666667
63,92,190.033333333
64,92,190.05
65,92,190.066666667
66,92,190.083333333
67,92,190.1
68,92,190.116666667
69,92,190.133333333
70,92,190.15
71,92,190.166666667
72,92,190.183333333
73,92,190.2
74,92,190.216666667
75,92,190.233333333
76,92,190.25
77,92,190.266666667
78,92,190.283333333
79,92,190.3
80,92,190.316666667
81,92,190.333333333
82,92,190.35
83,92,190.366666667
84,92,190.383333333
85,92,190.4
86,92,190.416666667
87,92,190.433333333
88,92,190.45
89,92,190.466666667
90,92,190.483333333
91,92,190.5
92,92,190.516666667
93,92,190.533333333
94,92,190.55
95,92,190.566666667
96,92,190.583333333
97,92,190.6
98,92,190.616666667
99,92,190.633333333
100,92,190.65
101,92,190.666666667
102,92,190.683333333
103,92,190.7
104,92,190.716666667
105,92,190.733333333
106,92,190.75
107,92,190.766666667
108,92,190.783333333
109,92,190.8
110,92,190.816666667
111,92,190.833333333
112,92,190.85
113,92,190.866666667
114,92,190.883333333
115,92,190.9
116,92,190.916666667
117,92,190.933333333
118,92,190.95
119,92,190.966666667
120,92,190.983333333
1,93,191
2,93,191.016666667
3,93,191.033333333
4,93,191.05
5,93,191.066666667
6,93,191.083333333
7,93,191.1
8,93,191.116666667
9,93,191.133333333
10,93,191.15
11,93,191.166666667
12,93,191.183333333
13,93,191.2
14,93,191.216666667
15,93,191.233333333
16,93,191.25
17,93,191.266666667
18,93,191.283333333
19,93,191.3
20,93,191.316666667
21,93,191.333333333
22,93,191.35
23,93,191.366666667
24,93,191.383333333
25,93,191.4
26,93,191.416666667
27,93,191.433333333
28,93,191.45
29,93,191.466666667
30,93,191.483333333
31,93,191.5
32,93,191.516666667
33,93,191.533333333
34,93,191.55
35,93,191.566666667
36,93,191.583333333
37,93,191.6
38,93,191.616666667
39,93,191.633333333
40,93,191.65
41,93,191.666666667
42,93,191.683333333
43,93,191.7
44,93,191.716666667
45,93,191.733333333
46,93,191.75
47,93,191.766666667
48,93,191.783333333
49,93,191.8
50,93,191.816666667
51,93,191.833333333
52,93,191.85
53,93,191.866666667
54,93,191.883333333
55,93,191.9
56,93,191.916666667
57,93,191.933333333
58,93,191.95
59,93,191.966666667
60,93,191.983333333
61,93,192
62,93,192.016666667
63,93,192.033333333
64,93,192.05
65,93,192.066666667
66,93,192.083333333
67,93,192.1
68,93,192.116666667
69,93,192.133333333
70,93,192.15
71,93,192.166666667
72,93,192.183333333
73,93,192.2
74,93,192.216666667
75,93,192.233333333
76,93,192.25
77,93,192.266666667
78,93,192.283333333
79,93,192.3
80,93,192.316666667
81,93,192.333333333
82,93,192.35
83,93,192.366666667
84,93,192.383333333
85,93,192.4
86,93,192.416666667
87,93,192.433333333
88,93,192.45
89,93,192.466666667
90,93,192.483333333
91,93,192.5
92,93,192.516666667
93,93,192.533333333
94,93,192.55
95,93,192.566666667
96,93,192.583333333
97,93,192.6
98,93,192.616666667
99,93,192.633333333
100,93,192.65
101,93,192.666666667
102,93,192.683333333
103,93,192.7
104,93,192.716666667
105,93,192.733333333
106,93,192.75
107,93,192.766666667
108,93,192.783333333
109,93,192.8
110,93,192.816666667
111,93,192.833333333
112,93,192.85
113,93,192.866666667
114,93,192.883333333
115,93,192.9
116,93,192.916666667
117,93,192.933333333
118,93,192.95
119,93,192.966666667
120,93,192.983333333
1,94,193
2,94,193.016666667
3,94,193.033333333
4,94,193.05
5,94,193.066666667
6,94,193.083333333
7,94,193.1
8,94,193.116666667
9,94,193.133333333
10,94,193.15
11,94,193.166666667
12,94,193.183333333
13,94,193.2
14,94,193.216666667
15,94,193.233333333
16,94,193.25
17,94,193.266666667
18,94,193.283333333
19,94,193.3
20,94,193.316666667
21,94,193.333333333
22,94,193.35
23,94,193.366666667
24,94,193.383333333
25,94,193.4
26,94,193.416666667
27,94,193.433333333
28,94,193.45
29,94,193.466666667
30,94,193.483333333
31,94,193.5
32,94,193.516666667
33,94,193.533333333
34,94,193.55
35,94,193.566666667
36,94,193.583333333
37,94,193.6
38,94,193.616666667
39,94,193.633333333
40,94,193.65
41,94,193.666666667
42,94,193.683333333
43,94,193.7
44,94,193.716666667
45,94,193.733333333
46,94,193.75
47,94,193.766666667
48,94,193.783333333
49,94,193.8
50,94,193.816666667
51,94,193.833333333
52,94,193.85
53,94,193.866666667
54,94,193.883333333
55,94,193.9
56,94,193.916666667
57,94,193.933333333
58,94,193.95
59,94,193.966666667
60,94,193.983333333
61,94,194
62,94,194.016666667
63,94,194.033333333
64,94,194.05
65,94,194.066666667
66,94,194.083333333
67,94,194.1
68,94,194.116666667
69,94,194.133333333
70,94,194.15
71,94,194.166666667
72,94,194.183333333
73,94,194.2
74,94,194.216666667
75,94,194.233333333
76,94,194.25
77,94,194.266666667
78,94,194.283333333
79,94,194.3
80,94,194.316666667
81,94,194.333333333
82,94,194.35
83,94,194.366666667
84,94,194.383333333
85,94,194.4
86,94,194.416666667
87,94,194.433333333
88,94,194.45
89,94,194.466666667
90,94,194.483333333
91,94,194.5
92,94,194.516666667
93,94,194.533333333
94,94,194.55
95,94,194.566666667
96,94,194.583333333
97,94,194.6
98,94,194.616666667
99,94,194.633333333
100,94,194.65
101,94,194.666666667
102,94,194.683333333
103,94,194.7
104,94,194.716666667
105,94,194.733333333
106,94,194.75
107,94,194.766666667
108,94,194.783333333
109,94,194.8
110,94,194.816666667
111,94,194.833333333
112,94,194.85
113,94,194.866666667
114,94,194.883333333
115,94,194.9
116,94,194.916666667
117,94,194.933333333
118,94,194.95
119,94,194.966666667
120,94,194.983333333
1,95,195
2,95,195.016666667
3,95,195.033333333
4,95,195.05
5,95,195.066666667
6,95,195.083333333
7,95,195.1
8,95,195.116666667
9,95,195.133333333
10,95,195.15
11,95,195.166666667
12,95,195.183333333
13,95,195.2
14,95,195.216666667
15,95,195.233333333
16,95,195.25
17,95,195.266666667
18,95,195.283333333
19,95,195.3
20,95,195.316666667
21,95,195.333333333
22,95,195.35
23,95,195.366666667
24,95,195.383333333
25,95,195.4
26,95,195.416666667
27,95,195.433333333
28,95,195.45
29,95,195.466666667
30,95,195.483333333
31,95,195.5
32,95,195.516666667
33,95,195.533333333
34,95,195.55
35,95,195.566666667
36,95,195.583333333
37,95,195.6
38,95,195.616666667
39,95,195.633333333
40,95,195.65
41,95,195.666666667
42,95,195.683333333
43,95,195.7
44,95,195.716666667
45,95,195.733333333
46,95,195.75
47,95,195.766666667
48,95,195.783333333
49,95,195.8
50,95,195.816666667
51,95,195.833333333
52,95,195.85
53,95,195.866666667
54,95,195.883333333
55,95,195.9
56,95,195.916666667
57,95,195.933333333
58,95,195.95
59,95,195.966666667
60,95,195.983333333
61,95,196
62,95,196.016666667
63,95,196.033333333
64,95,196.05
65,95,196.066666667
66,95,196.083333333
67,95,196.1
68,95,196.116666667
69,95,196.133333333
70,95,196.15
71,95,196.166666667
72,95,196.183333333
73,95,196.2
74,95,196.216666667
75,95,196.233333333
76,95,196.25
77,95,196.266666667
78,95,196.283333333
79,95,196.3
80,95,196.316666667
81,95,196.333333333
82,95,196.35
83,95,196.366666667
84,95,196.383333333
85,95,196.4
86,95,196.416666667
87,95,196.433333333
88,95,196.45
89,95,196.466666667
90,95,196.483333333
91,95,196.5
92,95,196.516666667
93,95,196.533333333
94,95,196.55
95,95,196.566666667
96,95,196.583333333
97,95,196.6
98,95,196.616666667
99,95,196.633333333
100,95,196.65
101,95,196.666666667
102,95,196.683333333
103,95,196.7
104,95,196.716666667
105,95,196.733333333
106,95,196.75
107,95,196.766666667
108,95,196.783333333
109,95,196.8
110,95,196.816666667
111,95,196.833333333
112,95,196.85
113,95,196.866666667
114,95,196.883333333
115,95,196.9
116,95,196.916666667
117,95,196.933333333
118,95,196.95
119,95,196.966666667
120,95,196.983333333
1,96,197
2,96,197.016666667
3,96,197.033333333
4,96,197.05
5,96,197.066666667
6,96,197.083333333
7,96,197.1
8,96,197.116666667
9,96,197.133333333
10,96,197.15
11,96,197.166666667
12,96,197.183333333
13,96,197.2
14,96,197.216666667
15,96,197.233333333
16,96,197.25
17,96,197.266666667
18,96,197.283333333
19,96,197.3
20,96,197.316666667
21,96,197.333333333
22,96,197.35
23,96,197.366666667
24,96,197.383333333
25,96,197.4
26,96,197.416666667
27,96,197.433333333
28,96,197.45
29,96,197.466666667
30,96,197.483333333
31,96,197.5
32,96,197.516666667
33,96,197.533333333
34,96,197.55
35,96,197.566666667
36,96,197.583333333
37,96,197.6
38,96,197.616666667
39,96,197.633333333
40,96,197.65
41,96,197.666666667
42,96,197.683333333
43,96,197.7
44,96,197.716666667
45,96,197.733333333
46,96,197.75
47,96,197.766666667
48,96,197.783333333
49,96,197.8
50,96,197.816666667
51,96,197.833333333
52,96,197.85
53,96,197.866666667
54,96,197.883333333
55,96,197.9
56,96,197.916666667
57,96,197.933333333
58,96,197.95
59,96,197.966666667
60,96,197.983333333
61,96,198
62,96,198.016666667
63,96,198.033333333
64,96,198.05
65,96,198.066666667
66,96,198.083333333
67,96,198.1
68,96,198.116666667
69,96,198.133333333
70,96,198.15
71,96,198.166666667
72,96,198.183333333
73,96,198.2
74,96,198.216666667
75,96,198.233333333
76,96,198.25
77,96,198.266666667
78,96,198.283333333
79,96,198.3
80,96,198.316666667
81,96,198.333333333
82,96,198.35
83,96,198.366666667
84,96,198.383333333
85,96,198.4
86,96,198.416666667
87,96,198.433333333
88,96,198.45
89,96,198.466666667
90,96,198.483333333
91,96,198.5
92,96,198.516666667
93,96,198.533333333
94,96,198.55
95,96,198.566666667
96,96,198.583333333
97,96,198.6
98,96,198.616666667
99,96,198.633333333
100,96,198.65
101,96,198.666666667
102,96,198.683333333
103,96,198.7
104,96,198.716666667
105,96,198.733333333
106,96,198.75
107,96,198.766666667
108,96,198.783333333
109,96,198.8
110,96,198.816666667
111,96,198.833333333
112,96,198.85
113,96,198.866666667
114,96,198.883333333
115,96,198.9
116,96,198.916666667
117,96,198.933333333
118,96,198.95
119,96,198.966666667
120,96,198.983333333
1,97,199
2,97,199.016666667
3,97,199.033333333
4,97,199.05
5,97,199.066666667
6,97,199.083333333
7,97,199.1
8,97,199.116666667
9,97,199.133333333
10,97,199.15
11,97,199.166666667
12,97,199.183333333
13,97,199.2
14,97,199.216666667
15,97,199.233333333
16,97,199.25
17,97,199.266666667
18,97,199.283333333
19,97,199.3
20,97,199.316666667
21,97,199.333333333
22,97,199.35
23,97,199.366666667
24,97,199.383333333
25,97,199.4
26,97,199.416666667
27,97,199.433333333
28,97,199.45
29,97,199.466666667
30,97,199.483333333
31,97,199.5
32,97,199.516666667
33,97,199.533333333
34,97,199.55
35,97,199.566666667
36,97,199.583333333
37,97,199.6
38,97,199.616666667
39,97,199.633333333
40,97,199.65
41,97,199.666666667
42,97,199.683333333
43,97,199.7
44,97,199.716666667
45,97,199.733333333
46,97,199.75
47,97,199.766666667
48,97,199.783333333
49,97,199.8
50,97,199.816666667
51,97,199.833333333
52,97,199.85
53,97,199.866666667
54,97,199.883333333
55,97,199.9
56,97,199.916666667
57,97,199.933333333
58,97,199.95
59,97,199.966666667
60,97,199.983333333
61,97,200
62,97,200.016666667
63,97,200.033333333
64,97,200.05
65,97,200.066666667
66,97,200.083333333
67,97,200.1
68,97,200.116666667
69,97,200.133333333
70,97,200.15
71,97,200.166666667
72,97,200.183333333
73,97,200.2
74,97,200.216666667
75,97,200.233333333
76,97,200.25
77,97,200.266666667
78,97,200.283333333
79,97,200.3
80,97,200.316666667
81,97,200.333333333
82,97,200.35
83,97,200.366666667
84,97,200.383333333
85,97,200.4
86,97,200.416666667
87,97,200.433333333
88,97,200.45
89,97,200.466666667
90,97,200.483333333
91,97,200.5
92,97,200.516666667
93,97,200.533333333
94,97,200.55
95,97,200.566666667
96,97,200.583333333
97,97,200.6
98,97,200.616666667
99,97,200.633333333
100,97,200.65
101,97,200.666666667
102,97,200.683333333
103,97,200.7
104,97,200.716666667
105,97,200.733333333
106,97,200.75
107,97,200.766666667
108,97,200.783333333
109,97,200.8
110,97,200.816666667
111,97,200.833333333
112,97,200.85
113,97,200.866666667
114,97,200.883333333
115,97,200.9
116,97,200.916666667
117,97,200.933333333
118,97,200.95
119,97,200.966666667
120,97,200.983333333
1,98,201
2,98,201.016666667
3,98,201.033333333
4,98,201.05
5,98,201.066666667
6,98,201.083333333
7,98,201.1
8,98,201.116666667
9,98,201.133333333
10,98,201.15
11,98,201.166666667
12,98,201.183333333
13,98,201.2
14,98,201.216666667
15,98,201.233333333
16,98,201.25
17,98,201.266666667
18,98,201.283333333
19,98,201.3
20,98,201.316666667
21,98,201.333333333
22,98,201.35
23,98,201.366666667
24,98,201.383333333
25,98,201.4
26,98,201.416666667
27,98,201.433333333
28,98,201.45
29,98,201.466666667
30,98,201.483333333
31,98,201.5
32,98,201.516666667
33,98,201.533333333
34,98,201.55
35,98,201.566666667
36,98,201.583333333
37,98,201.6
38,98,201.616666667
39,98,201.633333333
40,98,201.65
41,98,201.666666667
42,98,201.683333333
43,98,201.7
44,98,201.716666667
45,98,201.733333333
46,98,201.75
47,98,201.766666667
48,98,201.783333333
49,98,201.8
50,98,201.816666667
51,98,201.833333333
52,98,201.85
53,98,201.866666667
54,98,201.883333333
55,98,201.9
56,98,201.916666667
57,98,201.933333333
58,98,201.95
59,98,201.966666667
60,98,201.983333333
61,98,202
62,98,202.016666667
63,98,202.033333333
64,98,202.05
65,98,202.066666667
66,98,202.083333333
67,98,202.1
68,98,202.116666667
69,98,202.133333333
70,98,202.15
71,98,202.166666667
72,98,202.183333333
73,98,202.2
74,98,202.216666667
75,98,202.233333333
76,98,202.25
77,98,202.266666667
78,98,202.283333333
79,98,202.3
80,98,202.316666667
81,98,202.333333333
82,98,202.35
83,98,202.366666667
84,98,202.383333333
85,98,202.4
86,98,202.416666667
87,98,202.433333333
88,98,202.45
89,98,202.466666667
90,98,202.483333333
91,98,202.5
92,98,202.516666667
93,98,202.533333333
94,98,202.55
95,98,202.566666667
96,98,202.583333333
97,98,202.6
98,98,202.616666667
99,98,202.633333333
100,98,202.65
101,98,202.666666667
102,98,202.683333333
103,98,202.7
104,98,202.716666667
105,98,202.733333333
106,98,202.75
107,98,202.766666667
108,98,202.783333333
109,98,202.8
110,98,202.816666667
111,98,202.833333333
112,98,202.85
113,98,202.866666667
114,98,202.883333333
115,98,202.9
116,98,202.916666667
117,98,202.933333333
118,98,202.95
119,98,202.966666667
120,98,202.983333333
1,99,203
2,99,203.016666667
3,99,203.033333333
4,99,203.05
5,99,203.066666667
6,99,203.083333333
7,99,203.1
8,99,203.116666667
9,99,203.133333333
10,99,203.15
11,99,203.166666667
12,99,203.183333333
13,99,203.2
14,99,203.216666667
15,99,203.233333333
16,99,203.25
17,99,203.266666667
18,99,203.283333333
19,99,203.3
20,99,203.316666667
21,99,203.333333333
22,99,203.35
23,99,203.366666667
24,99,203.383333333
25,99,203.4
26,99,203.416666667
27,99,203.433333333
28,99,203.45
29,99,203.466666667
30,99,203.483333333
31,99,203.5
32,99,203.516666667
33,99,203.533333333
34,99,203.55
35,99,203.566666667
36,99,203.583333333
37,99,203.6
38,99,203.616666667
39,99,203.633333333
40,99,203.65
41,99,203.666666667
42,99,203.683333333
43,99,203.7
44,99,203.716666667
45,99,203.733333333
46,99,203.75
47,99,203.766666667
48,99,203.783333333
49,99,203.8
50,99,203.816666667
51,99,203.833333333
52,99,203.85
53,99,203.866666667
54,99,203.883333333
55,99,203.9
56,99,203.916666667
57,99,203.933333333
58,99,203.95
59,99,203.966666667
60,99,203.983333333
61,99,204
62,99,204.016666667
63,99,204.033333333
64,99,204.05
65,99,204.066666667
66,99,204.083333333
67,99,204.1
68,99,204.116666667
69,99,204.133333333
70,99,204.15
71,99,204.166666667
72,99,204.183333333
73,99,204.2
74,99,204.216666667
75,99,204.233333333
76,99,204.25
77,99,204.266666667
78,99,204.283333333
79,99,204.3
80,99,204.316666667
81,99,204.333333333
82,99,204.35
83,99,204.366666667
84,99,204.383333333
85,99,204.4
86,99,204.416666667
87,99,204.433333333
88,99,204.45
89,99,204.466666667
90,99,204.483333333
91,99,204.5
92,99,204.516666667
93,99,204.533333333
94,99,204.55
95,99,204.566666667
96,99,204.583333333
97,99,204.6
98,99,204.616666667
99,99,204.633333333
100,99,204.65
101,99,204.666666667
102,99,204.683333333
103,99,204.7
104,99,204.716666667
105,99,204.733333333
106,99,204.75
107,99,204.766666667
108,99,204.783333333
109,99,204.8
110,99,204.816666667
111,99,204.833333333
112,99,204.85
113,99,204.866666667
114,99,204.883333333
115,99,204.9
116,99,204.916666667
117,99,204.933333333
118,99,204.95
119,99,204.966666667
120,99,204.983333333
1,100,205
2,100,205.016666667
3,100,205.033333333
4,100,205.05
5,100,205.066666667
6,100,205.083333333
7,100,205.1
8,100,205.116666667
9,100,205.133333333
10,100,205.15
11,100,205.166666667
12,100,205.183333333
13,100,205.2
14,100,205.216666667
15,100,205.233333333
16,100,205.25
17,100,205.266666667
18,100,205.283333333
19,100,205.3
20,100,205.316666667
21,100,205.333333333
22,100,205.35
23,100,205.366666667
24,100,205.383333333
25,100,205.4
26,100,205.416666667
27,100,205.433333333
28,100,205.45
29,100,205.466666667
30,100,205.483333333
31,100,205.5
32,100,205.516666667
33,100,205.533333333
34,100,205.55
35,100,205.566666667
36,100,205.583333333
37,100,205.6
38,100,205.616666667
39,100,205.633333333
40,100,205.65
41,100,205.666666667
42,100,205.683333333
43,100,205.7
44,100,205.716666667
45,100,205.733333333
46,100,205.75
47,100,205.766666667
48,100,205.783333333
49,100,205.8
50,100,205.816666667
51,100,205.833333333
52,100,205.85
53,100,205.866666667
54,100,205.883333333
55,100,205.9
56,100,205.916666667
57,100,205.933333333
58,100,205.95
59,100,205.966666667
60,100,205.983333333
61,100,206
62,100,206.016666667
63,100,206.033333333
64,100,206.05
65,100,206.066666667
66,100,206.083333333
67,100,206.1
68,100,206.116666667
69,100,206.133333333
70,100,206.15
71,100,206.166666667
72,100,206.183333333
73,100,206.2
74,100,206.216666667
75,100,206.233333333
76,100,206.25
77,100,206.266666667
78,100,206.283333333
79,100,206.3
80,100,206.316666667
81,100,206.333333333
82,100,206.35
83,100,206.366666667
84,100,206.383333333
85,100,206.4
86,100,206.416666667
87,100,206.433333333
88,100,206.45
89,100,206.466666667
90,100,206.483333333
91,100,206.5
92,100,206.516666667
93,100,206.533333333
94,100,206.55
95,100,206.566666667
96,100,206.583333333
97,100,206.6
98,100,206.616666667
99,100,206.633333333
100,100,206.65
101,100,206.666666667
102,100,206.683333333
103,100,206.7
104,100,206.716666667
105,100,206.733333333
106,100,206.75
107,100,206.766666667
108,100,206.783333333
109,100,206.8
110,100,206.816666667
111,100,206.833333333
112,100,206.85
113,100,206.866666667
114,100,206.883333333
115,100,206.9
116,100,206.916666667
117,100,206.933333333
118,100,206.95
119,100,206.966666667
120,100,206.983333333
1,101,207
2,101,207.016666667
3,101,207.033333333
4,101,207.05
5,101,207.066666667
6,101,207.083333333
7,101,207.1
8,101,207.116666667
9,101,207.133333333
10,101,207.15
11,101,207.166666667
12,101,207.183333333
13,101,207.2
14,101,207.216666667
15,101,207.233333333
16,101,207.25
17,101,207.266666667
18,101,207.283333333
19,101,207.3
20,101,207.316666667
21,101,207.333333333
22,101,207.35
23,101,207.366666667
24,101,207.383333333
25,101,207.4
26,101,207.416666667
27,101,207.433333333
28,101,207.45
29,101,207.466666667
30,101,207.483333333
31,101,207.5
32,101,207.516666667
33,101,207.533333333
34,101,207.55
35,101,207.566666667
36,101,207.583333333
37,101,207.6
38,101,207.616666667
39,101,207.633333333
40,101,207.65
41,101,207.666666667
42,101,207.683333333
43,101,207.7
44,101,207.716666667
45,101,207.733333333
46,101,207.75
47,101,207.766666667
48,101,207.783333333
49,101,207.8
50,101,207.816666667
51,101,207.833333333
52,101,207.85
53,101,207.866666667
54,101,207.883333333
55,101,207.9
56,101,207.916666667
57,101,207.933333333
58,101,207.95
59,101,207.966666667
60,101,207.983333333
61,101,208
62,101,208.016666667
63,101,208.033333333
64,101,208.05
65,101,208.066666667
66,101,208.083333333
67,101,208.1
68,101,208.116666667
69,101,208.133333333
70,101,208.15
71,101,208.166666667
72,101,208.183333333
73,101,208.2
74,101,208.216666667
75,101,208.233333333
76,101,208.25
77,101,208.266666667
78,101,208.283333333
79,101,208.3
80,101,208.316666667
81,101,208.333333333
82,101,208.35
83,101,208.366666667
84,101,208.383333333
85,101,208.4
86,101,208.416666667
87,101,208.433333333
88,101,208.45
89,101,208.466666667
90,101,208.483333333
91,101,208.5
92,101,208.516666667
93,101,208.533333333
94,101,208.55
95,101,208.566666667
96,101,208.583333333
97,101,208.6
98,101,208.616666667
99,101,208.633333333
100,101,208.65
101,101,208.666666667
102,101,208.683333333
103,101,208.7
104,101,208.716666667
105,101,208.733333333
106,101,208.75
107,101,208.766666667
108,101,208.783333333
109,101,208.8
110,101,208.816666667
111,101,208.833333333
112,101,208.85
113,101,208.866666667
114,101,208.883333333
115,101,208.9
116,101,208.916666667
117,101,208.933333333
118,101,208.95
119,101,208.966666667
120,101,208.983333333
1,102,209
2,102,209.016666667
3,102,209.033333333
4,102,209.05
5,102,209.066666667
6,102,209.083333333
7,102,209.1
8,102,209.116666667
9,102,209.133333333
10,102,209.15
11,102,209.166666667
12,102,209.183333333
13,102,209.2
14,102,209.216666667
15,102,209.233333333
16,102,209.25
17,102,209.266666667
18,102,209.283333333
19,102,209.3
20,102,209.316666667
21,102,209.333333333
22,102,209.35
23,102,209.366666667
24,102,209.383333333
25,102,209.4
26,102,209.416666667
27,102,209.433333333
28,102,209.45
29,102,209.466666667
30,102,209.483333333
31,102,209.5
32,102,209.516666667
33,102,209.533333333
34,102,209.55
35,102,209.566666667
36,102,209.583333333
37,102,209.6
38,102,209.616666667
39,102,209.633333333
40,102,209.65
41,102,209.666666667
42,102,209.683333333
43,102,209.7
44,102,209.716666667
45,102,209.733333333
46,102,209.75
47,102,209.766666667
48,102,209.783333333
49,102,209.8
50,102,209.816666667
51,102,209.833333333
52,102,209.85
53,102,209.866666667
54,102,209.883333333
55,102,209.9
56,102,209.916666667
57,102,209.933333333
58,102,209.95
59,102,209.966666667
60,102,209.983333333
61,102,210
62,102,210.016666667
63,102,210.033333333
64,102,210.05
65,102,210.066666667
66,102,210.083333333
67,102,210.1
68,102,210.116666667
69,102,210.133333333
70,102,210.15
71,102,210.166666667
72,102,210.183333333
73,102,210.2
74,102,210.216666667
75,102,210.233333333
76,102,210.25
77,102,210.266666667
78,102,210.283333333
79,102,210.3
80,102,210.316666667
81,102,210.333333333
82,102,210.35
83,102,210.366666667
84,102,210.383333333
85,102,210.4
86,102,210.416666667
87,102,210.433333333
88,102,210.45
89,102,210.466666667
90,102,210.483333333
91,102,210.5
92,102,210.516666667
93,102,210.533333333
94,102,210.55
95,102,210.566666667
96,102,210.583333333
97,102,210.6
98,102,210.616666667
99,102,210.633333333
100,102,210.65
101,102,210.666666667
102,102,210.683333333
103,102,210.7
104,102,210.716666667
105,102,210.733333333
106,102,210.75
107,102,210.766666667
108,102,210.783333333
109,102,210.8
110,102,210.816666667
111,102,210.833333333
112,102,210.85
113,102,210.866666667
114,102,210.883333333
115,102,210.9
116,102,210.916666667
117,102,210.933333333
118,102,210.95
119,102,210.966666667
120,102,210.983333333
1,103,211
2,103,211.016666667
3,103,211.033333333
4,103,211.05
5,103,211.066666667
6,103,211.083333333
7,103,211.1
8,103,211.116666667
9,103,211.133333333
10,103,211.15
11,103,211.166666667
12,103,211.183333333
13,103,211.2
14,103,211.216666667
15,103,211.233333333
16,103,211.25
17,103,211.266666667
18,103,211.283333333
19,103,211.3
20,103,211.316666667
21,103,211.333333333
22,103,211.35
23,103,211.366666667
24,103,211.383333333
25,103,211.4
26,103,211.416666667
27,103,211.433333333
28,103,211.45
29,103,211.466666667
30,103,211.483333333
31,103,211.5
32,103,211.516666667
33,103,211.533333333
34,103,211.55
35,103,211.566666667
36,103,211.583333333
37,103,211.6
38,103,211.616666667
39,103,211.633333333
40,103,211.65
41,103,211.666666667
42,103,211.683333333
43,103,211.7
44,103,211.716666667
45,103,211.733333333
46,103,211.75
47,103,211.766666667
48,103,211.783333333
49,103,211.8
50,103,211.816666667
51,103,211.833333333
52,103,211.85
53,103,211.866666667
54,103,211.883333333
55,103,211.9
56,103,211.916666667
57,103,211.933333333
58,103,211.95
59,103,211.966666667
60,103,211.983333333
61,103,212
62,103,212.016666667
63,103,212.033333333
64,103,212.05
65,103,212.066666667
66,103,212.083333333
67,103,212.1
68,103,212.116666667
69,103,212.133333333
70,103,212.15
71,103,212.166666667
72,103,212.183333333
73,103,212.2
74,103,212.216666667
75,103,212.233333333
76,103,212.25
77,103,212.266666667
78,103,212.283333333
79,103,212.3
80,103,212.316666667
81,103,212.333333333
82,103,212.35
83,103,212.366666667
84,103,212.383333333
85,103,212.4
86,103,212.416666667
87,103,212.433333333
88,103,212.45
89,103,212.466666667
90,103,212.483333333
91,103,212.5
92,103,212.516666667
93,103,212.533333333
94,103,212.55
95,103,212.566666667
96,103,212.583333333
97,103,212.6
98,103,212.616666667
99,103,212.633333333
100,103,212.65
101,103,212.666666667
102,103,212.683333333
103,103,212.7
104,103,212.716666667
105,103,212.733333333
106,103,212.75
107,103,212.766666667
108,103,212.783333333
109,103,212.8
110,103,212.816666667
111,103,212.833333333
112,103,212.85
113,103,212.866666667
114,103,212.883333333
115,103,212.9
116,103,212.916666667
117,103,212.933333333
118,103,212.95
119,103,212.966666667
120,103,212.983333333
1,104,213
2,104,213.016666667
3,104,213.033333333
4,104,213.05
5,104,213.066666667
6,104,213.083333333
7,104,213.1
8,104,213.116666667
9,104,213.133333333
10,104,213.15
11,104,213.166666667
12,104,213.183333333
13,104,213.2
14,104,213.216666667
15,104,213.233333333
16,104,213.25
17,104,213.266666667
18,104,213.283333333
19,104,213.3
20,104,213.316666667
21,104,213.333333333
22,104,213.35
23,104,213.366666667
24,104,213.383333333
25,104,213.4
26,104,213.416666667
27,104,213.433333333
28,104,213.45
29,104,213.466666667
30,104,213.483333333
31,104,213.5
32,104,213.516666667
33,104,213.533333333
34,104,213.55
35,104,213.566666667
36,104,213.583333333
37,104,213.6
38,104,213.616666667
39,104,213.633333333
40,104,213.65
41,104,213.666666667
42,104,213.683333333
43,104,213.7
44,104,213.716666667
45,104,213.733333333
46,104,213.75
47,104,213.766666667
48,104,213.783333333
49,104,213.8
50,104,213.816666667
51,104,213.833333333
52,104,213.85
53,104,213.866666667
54,104,213.883333333
55,104,213.9
56,104,213.916666667
57,104,213.933333333
58,104,213.95
59,104,213.966666667
60,104,213.983333333
61,104,214
62,104,214.016666667
63,104,214.033333333
64,104,214.05
65,104,214.066666667
66,104,214.083333333
67,104,214.1
68,104,214.116666667
69,104,214.133333333
70,104,214.15
71,104,214.166666667
72,104,214.183333333
73,104,214.2
74,104,214.216666667
75,104,214.233333333
76,104,214.25
77,104,214.266666667
78,104,214.283333333
79,104,214.3
80,104,214.316666667
81,104,214.333333333
82,104,214.35
83,104,214.366666667
84,104,214.383333333
85,104,214.4
86,104,214.416666667
87,104,214.433333333
88,104,214.45
89,104,214.466666667
90,104,214.483333333
91,104,214.5
92,104,214.516666667
93,104,214.533333333
94,104,214.55
95,104,214.566666667
96,104,214.583333333
97,104,214.6
98,104,214.616666667
99,104,214.633333333
100,104,214.65
101,104,214.666666667
102,104,214.683333333
103,104,214.7
104,104,214.716666667
105,104,214.733333333
106,104,214.75
107,104,214.766666667
108,104,214.783333333
109,104,214.8
110,104,214.816666667
111,104,214.833333333
112,104,214.85
113,104,214.866666667
114,104,214.883333333
115,104,214.9
116,104,214.916666667
117,104,214.933333333
118,104,214.95
119,104,214.966666667
120,104,214.983333333
1,105,215
2,105,215.016666667
3,105,215.033333333
4,105,215.05
5,105,215.066666667
6,105,215.083333333
7,105,215.1
8,105,215.116666667
9,105,215.133333333
10,105,215.15
11,105,215.166666667
12,105,215.183333333
13,105,215.2
14,105,215.216666667
15,105,215.233333333
16,105,215.25
17,105,215.266666667
18,105,215.283333333
19,105,215.3
20,105,215.316666667
21,105,215.333333333
22,105,215.35
23,105,215.366666667
24,105,215.383333333
25,105,215.4
26,105,215.416666667
27,105,215.433333333
28,105,215.45
29,105,215.466666667
30,105,215.483333333
31,105,215.5
32,105,215.516666667
33,105,215.533333333
34,105,215.55
35,105,215.566666667
36,105,215.583333333
37,105,215.6
38,105,215.616666667
39,105,215.633333333
40,105,215.65
41,105,215.666666667
42,105,215.683333333
43,105,215.7
44,105,215.716666667
45,105,215.733333333
46,105,215.75
47,105,215.766666667
48,105,215.783333333
49,105,215.8
50,105,215.816666667
51,105,215.833333333
52,105,215.85
53,105,215.866666667
54,105,215.883333333
55,105,215.9
56,105,215.916666667
57,105,215.933333333
58,105,215.95
59,105,215.966666667
60,105,215.983333333
61,105,216
62,105,216.016666667
63,105,216.033333333
64,105,216.05
65,105,216.066666667
66,105,216.083333333
67,105,216.1
68,105,216.116666667
69,105,216.133333333
70,105,216.15
71,105,216.166666667
72,105,216.183333333
73,105,216.2
74,105,216.216666667
75,105,216.233333333
76,105,216.25
77,105,216.266666667
78,105,216.283333333
79,105,216.3
80,105,216.316666667
81,105,216.333333333
82,105,216.35
83,105,216.366666667
84,105,216.383333333
85,105,216.4
86,105,216.416666667
87,105,216.433333333
88,105,216.45
89,105,216.466666667
90,105,216.483333333
91,105,216.5
92,105,216.516666667
93,105,216.533333333
94,105,216.55
95,105,216.566666667
96,105,216.583333333
97,105,216.6
98,105,216.616666667
99,105,216.633333333
100,105,216.65
101,105,216.666666667
102,105,216.683333333
103,105,216.7
104,105,216.716666667
105,105,216.733333333
106,105,216.75
107,105,216.766666667
108,105,216.783333333
109,105,216.8
110,105,216.816666667
111,105,216.833333333
112,105,216.85
113,105,216.866666667
114,105,216.883333333
115,105,216.9
116,105,216.916666667
117,105,216.933333333
118,105,216.95
119,105,216.966666667
120,105,216.983333333
1,106,217
2,106,217.016666667
3,106,217.033333333
4,106,217.05
5,106,217.066666667
6,106,217.083333333
7,106,217.1
8,106,217.116666667
9,106,217.133333333
10,106,217.15
11,106,217.166666667
12,106,217.183333333
13,106,217.2
14,106,217.216666667
15,106,217.233333333
16,106,217.25
17,106,217.266666667
18,106,217.283333333
19,106,217.3
20,106,217.316666667
21,106,217.333333333
22,106,217.35
23,106,217.366666667
24,106,217.383333333
25,106,217.4
26,106,217.416666667
27,106,217.433333333
28,106,217.45
29,106,217.466666667
30,106,217.483333333
31,106,217.5
32,106,217.516666667
33,106,217.533333333
34,106,217.55
35,106,217.566666667
36,106,217.583333333
37,106,217.6
38,106,217.616666667
39,106,217.633333333
40,106,217.65
41,106,217.666666667
42,106,217.683333333
43,106,217.7
44,106,217.716666667
45,106,217.733333333
46,106,217.75
47,106,217.766666667
48,106,217.783333333
49,106,217.8
50,106,217.816666667
51,106,217.833333333
52,106,217.85
53,106,217.866666667
54,106,217.883333333
55,106,217.9
56,106,217.916666667
57,106,217.933333333
58,106,217.95
59,106,217.966666667
60,106,217.983333333
61,106,218
62,106,218.016666667
63,106,218.033333333
64,106,218.05
65,106,218.066666667
66,106,218.083333333
67,106,218.1
68,106,218.116666667
69,106,218.133333333
70,106,218.15
71,106,218.166666667
72,106,218.183333333
73,106,218.2
74,106,218.216666667
75,106,218.233333333
76,106,218.25
77,106,218.266666667
78,106,218.283333333
79,106,218.3
80,106,218.316666667
81,106,218.333333333
82,106,218.35
83,106,218.366666667
84,106,218.383333333
85,106,218.4
86,106,218.416666667
87,106,218.433333333
88,106,218.45
89,106,218.466666667
90,106,218.483333333
91,106,218.5
92,106,218.516666667
93,106,218.533333333
94,106,218.55
95,106,218.566666667
96,106,218.583333333
97,106,218.6
98,106,218.616666667
99,106,218.633333333
100,106,218.65
101,106,218.666666667
102,106,218.683333333
103,106,218.7
104,106,218.716666667
105,106,218.733333333
106,106,218.75
107,106,218.766666667
108,106,218.783333333
109,106,218.8
110,106,218.816666667
111,106,218.833333333
112,106,218.85
113,106,218.866666667
114,106,218.883333333
115,106,218.9
116,106,218.916666667
117,106,218.933333333
118,106,218.95
119,106,218.966666667
120,106,218.983333333
1,107,219
2,107,219.016666667
3,107,219.033333333
4,107,219.05
5,107,219.066666667
6,107,219.083333333
7,107,219.1
8,107,219.116666667
9,107,219.133333333
10,107,219.15
11,107,219.166666667
12,107,219.183333333
13,107,219.2
14,107,219.216666667
15,107,219.233333333
16,107,219.25
17,107,219.266666667
18,107,219.283333333
19,107,219.3
20,107,219.316666667
21,107,219.333333333
22,107,219.35
23,107,219.366666667
24,107,219.383333333
25,107,219.4
26,107,219.416666667
27,107,219.433333333
28,107,219.45
29,107,219.466666667
30,107,219.483333333
31,107,219.5
32,107,219.516666667
33,107,219.533333333
34,107,219.55
35,107,219.566666667
36,107,219.583333333
37,107,219.6
38,107,219.616666667
39,107,219.633333333
40,107,219.65
41,107,219.666666667
42,107,219.683333333
43,107,219.7
44,107,219.716666667
45,107,219.733333333
46,107,219.75
47,107,219.766666667
48,107,219.783333333
49,107,219.8
50,107,219.816666667
51,107,219.833333333
52,107,219.85
53,107,219.866666667
54,107,219.883333333
55,107,219.9
56,107,219.916666667
57,107,219.933333333
58,107,219.95
59,107,219.966666667
60,107,219.983333333
61,107,220
62,107,220.016666667
63,107,220.033333333
64,107,220.05
65,107,220.066666667
66,107,220.083333333
67,107,220.1
68,107,220.116666667
69,107,220.133333333
70,107,220.15
71,107,220.166666667
72,107,220.183333333
73,107,220.2
74,107,220.216666667
75,107,220.233333333
76,107,220.25
77,107,220.266666667
78,107,220.283333333
79,107,220.3
80,107,220.316666667
81,107,220.333333333
82,107,220.35
83,107,220.366666667
84,107,220.383333333
85,107,220.4
86,107,220.416666667
87,107,220.433333333
88,107,220.45
89,107,220.466666667
90,107,220.483333333
91,107,220.5
92,107,220.516666667
93,107,220.533333333
94,107,220.55
95,107,220.566666667
96,107,220.583333333
97,107,220.6
98,107,220.616666667
99,107,220.633333333
100,107,220.65
101,107,220.666666667
102,107,220.683333333
103,107,220.7
104,107,220.716666667
105,107,220.733333333
106,107,220.75
107,107,220.766666667
108,107,220.783333333
109,107,220.8
110,107,220.816666667
111,107,220.833333333
112,107,220.85
113,107,220.866666667
114,107,220.883333333
115,107,220.9
116,107,220.916666667
117,107,220.933333333
118,107,220.95
119,107,220.966666667
120,107,220.983333333
1,108,221
2,108,221.016666667
3,108,221.033333333
4,108,221.05
5,108,221.066666667
6,108,221.083333333
7,108,221.1
8,108,221.116666667
9,108,221.133333333
10,108,221.15
11,108,221.166666667
12,108,221.183333333
13,108,221.2
14,108,221.216666667
15,108,221.233333333
16,108,221.25
17,108,221.266666667
18,108,221.283333333
19,108,221.3
20,108,221.316666667
21,108,221.333333333
22,108,221.35
23,108,221.366666667
24,108,221.383333333
25,108,221.4
26,108,221.416666667
27,108,221.433333333
28,108,221.45
29,108,221.466666667
30,108,221.483333333
31,108,221.5
32,108,221.516666667
33,108,221.533333333
34,108,221.55
35,108,221.566666667
36,108,221.583333333
37,108,221.6
38,108,221.616666667
39,108,221.633333333
40,108,221.65
41,108,221.666666667
42,108,221.683333333
43,108,221.7
44,108,221.716666667
45,108,221.733333333
46,108,221.75
47,108,221.766666667
48,108,221.783333333
49,108,221.8
50,108,221.816666667
51,108,221.833333333
52,108,221.85
53,108,221.866666667
54,108,221.883333333
55,108,221.9
56,108,221.916666667
57,108,221.933333333
58,108,221.95
59,108,221.966666667
60,108,221.983333333
61,108,222
62,108,222.016666667
63,108,222.033333333
64,108,222.05
65,108,222.066666667
66,108,222.083333333
67,108,222.1
68,108,222.116666667
69,108,222.133333333
70,108,222.15
71,108,222.166666667
72,108,222.183333333
73,108,222.2
74,108,222.216666667
75,108,222.233333333
76,108,222.25
77,108,222.266666667
78,108,222.283333333
79,108,222.3
80,108,222.316666667
81,108,222.333333333
82,108,222.35
83,108,222.366666667
84,108,222.383333333
85,108,222.4
86,108,222.416666667
87,108,222.433333333
88,108,222.45
89,108,222.466666667
90,108,222.483333333
91,108,222.5
92,108,222.516666667
93,108,222.533333333
94,108,222.55
95,108,222.566666667
96,108,222.583333333
97,108,222.6
98,108,222.616666667
99,108,222.633333333
100,108,222.65
101,108,222.666666667
102,108,222.683333333
103,108,222.7
104,108,222.716666667
105,108,222.733333333
106,108,222.75
107,108,222.766666667
108,108,222.783333333
109,108,222.8
110,108,222.816666667
111,108,222.833333333
112,108,222.85
113,108,222.866666667
114,108,222.883333333
115,108,222.9
116,108,222.916666667
117,108,222.933333333
118,108,222.95
119,108,222.966666667
120,108,222.983333333
1,109,223
2,109,223.016666667
3,109,223.033333333
4,109,223.05
5,109,223.066666667
6,109,223.083333333
7,109,223.1
8,109,223.116666667
9,109,223.133333333
10,109,223.15
11,109,223.166666667
12,109,223.183333333
13,109,223.2
14,109,223.216666667
15,109,223.233333333
16,109,223.25
17,109,223.266666667
18,109,223.283333333
19,109,223.3
20,109,223.316666667
21,109,223.333333333
22,109,223.35
23,109,223.366666667
24,109,223.383333333
25,109,223.4
26,109,223.416666667
27,109,223.433333333
28,109,223.45
29,109,223.466666667
30,109,223.483333333
31,109,223.5
32,109,223.516666667
33,109,223.533333333
34,109,223.55
35,109,223.566666667
36,109,223.583333333
37,109,223.6
38,109,223.616666667
39,109,223.633333333
40,109,223.65
41,109,223.666666667
42,109,223.683333333
43,109,223.7
44,109,223.716666667
45,109,223.733333333
46,109,223.75
47,109,223.766666667
48,109,223.783333333
49,109,223.8
50,109,223.816666667
51,109,223.833333333
52,109,223.85
53,109,223.866666667
54,109,223.883333333
55,109,223.9
56,109,223.916666667
57,109,223.933333333
58,109,223.95
59,109,223.966666667
60,109,223.983333333
61,109,224
62,109,224.016666667
63,109,224.033333333
64,109,224.05
65,109,224.066666667
66,109,224.083333333
67,109,224.1
68,109,224.116666667
69,109,224.133333333
70,109,224.15
71,109,224.166666667
72,109,224.183333333
73,109,224.2
74,109,224.216666667
75,109,224.233333333
76,109,224.25
77,109,224.266666667
78,109,224.283333333
79,109,224.3
80,109,224.316666667
81,109,224.333333333
82,109,224.35
83,109,224.366666667
84,109,224.383333333
85,109,224.4
86,109,224.416666667
87,109,224.433333333
88,109,224.45
89,109,224.466666667
90,109,224.483333333
91,109,224.5
92,109,224.516666667
93,109,224.533333333
94,109,224.55
95,109,224.566666667
96,109,224.583333333
97,109,224.6
98,109,224.616666667
99,109,224.633333333
100,109,224.65
101,109,224.666666667
102,109,224.683333333
103,109,224.7
104,109,224.716666667
105,109,224.733333333
106,109,224.75
107,109,224.766666667
108,109,224.783333333
109,109,224.8
110,109,224.816666667
111,109,224.833333333
112,109,224.85
113,109,224.866666667
114,109,224.883333333
115,109,224.9
116,109,224.916666667
117,109,224.933333333
118,109,224.95
119,109,224.966666667
120,109,224.983333333
1,110,225
2,110,225.016666667
3,110,225.033333333
4,110,225.05
5,110,225.066666667
6,110,225.083333333
7,110,225.1
8,110,225.116666667
9,110,225.133333333
10,110,225.15
11,110,225.166666667
12,110,225.183333333
13,110,225.2
14,110,225.216666667
15,110,225.233333333
16,110,225.25
17,110,225.266666667
18,110,225.283333333
19,110,225.3
20,110,225.316666667
21,110,225.333333333
22,110,225.35
23,110,225.366666667
24,110,225.383333333
25,110,225.4
26,110,225.416666667
27,110,225.433333333
28,110,225.45
29,110,225.466666667
30,110,225.483333333
31,110,225.5
32,110,225.516666667
33,110,225.533333333
34,110,225.55
35,110,225.566666667
36,110,225.583333333
37,110,225.6
38,110,225.616666667
39,110,225.633333333
40,110,225.65
41,110,225.666666667
42,110,225.683333333
43,110,225.7
44,110,225.716666667
45,110,225.733333333
46,110,225.75
47,110,225.766666667
48,110,225.783333333
49,110,225.8
50,110,225.816666667
51,110,225.833333333
52,110,225.85
53,110,225.866666667
54,110,225.883333333
55,110,225.9
56,110,225.916666667
57,110,225.933333333
58,110,225.95
59,110,225.966666667
60,110,225.983333333
61,110,226
62,110,226.016666667
63,110,226.033333333
64,110,226.05
65,110,226.066666667
66,110,226.083333333
67,110,226.1
68,110,226.116666667
69,110,226.133333333
70,110,226.15
71,110,226.166666667
72,110,226.183333333
73,110,226.2
74,110,226.216666667
75,110,226.233333333
76,110,226.25
77,110,226.266666667
78,110,226.283333333
79,110,226.3
80,110,226.316666667
81,110,226.333333333
82,110,226.35
83,110,226.366666667
84,110,226.383333333
85,110,226.4
86,110,226.416666667
87,110,226.433333333
88,110,226.45
89,110,226.466666667
90,110,226.483333333
91,110,226.5
92,110,226.516666667
93,110,226.533333333
94,110,226.55
95,110,226.566666667
96,110,226.583333333
97,110,226.6
98,110,226.616666667
99,110,226.633333333
100,110,226.65
101,110,226.666666667
102,110,226.683333333
103,110,226.7
104,110,226.716666667
105,110,226.733333333
106,110,226.75
107,110,226.766666667
108,110,226.783333333
109,110,226.8
110,110,226.816666667
111,110,226.833333333
112,110,226.85
113,110,226.866666667
114,110,226.883333333
115,110,226.9
116,110,226.916666667
117,110,226.933333333
118,110,226.95
119,110,226.966666667
120,110,226.983333333
1,111,227
2,111,227.016666667
3,111,227.033333333
4,111,227.05
5,111,227.066666667
6,111,227.083333333
7,111,227.1
8,111,227.116666667
9,111,227.133333333
10,111,227.15
11,111,227.166666667
12,111,227.183333333
13,111,227.2
14,111,227.216666667
15,111,227.233333333
16,111,227.25
17,111,227.266666667
18,111,227.283333333
19,111,227.3
20,111,227.316666667
21,111,227.333333333
22,111,227.35
23,111,227.366666667
24,111,227.383333333
25,111,227.4
26,111,227.416666667
27,111,227.433333333
28,111,227.45
29,111,227.466666667
30,111,227.483333333
31,111,227.5
32,111,227.516666667
33,111,227.533333333
34,111,227.55
35,111,227.566666667
36,111,227.583333333
37,111,227.6
38,111,227.616666667
39,111,227.633333333
40,111,227.65
41,111,227.666666667
42,111,227.683333333
43,111,227.7
44,111,227.716666667
45,111,227.733333333
46,111,227.75
47,111,227.766666667
48,111,227.783333333
49,111,227.8
50,111,227.816666667
51,111,227.833333333
52,111,227.85
53,111,227.866666667
54,111,227.883333333
55,111,227.9
56,111,227.916666667
57,111,227.933333333
58,111,227.95
59,111,227.966666667
60,111,227.983333333
61,111,228
62,111,228.016666667
63,111,228.033333333
64,111,228.05
65,111,228.066666667
66,111,228.083333333
67,111,228.1
68,111,228.116666667
69,111,228.133333333
70,111,228.15
71,111,228.166666667
72,111,228.183333333
73,111,228.2
74,111,228.216666667
75,111,228.233333333
76,111,228.25
77,111,228.266666667
78,111,228.283333333
79,111,228.3
80,111,228.316666667
81,111,228.333333333
82,111,228.35
83,111,228.366666667
84,111,228.383333333
85,111,228.4
86,111,228.416666667
87,111,228.433333333
88,111,228.45
89,111,228.466666667
90,111,228.483333333
91,111,228.5
92,111,228.516666667
93,111,228.533333333
94,111,228.55
95,111,228.566666667
96,111,228.583333333
97,111,228.6
98,111,228.616666667
99,111,228.633333333
100,111,228.65
101,111,228.666666667
102,111,228.683333333
103,111,228.7
104,111,228.716666667
105,111,228.733333333
106,111,228.75
107,111,228.766666667
108,111,228.783333333
109,111,228.8
110,111,228.816666667
111,111,228.833333333
112,111,228.85
113,111,228.866666667
114,111,228.883333333
115,111,228.9
116,111,228.916666667
117,111,228.933333333
118,111,228.95
119,111,228.966666667
120,111,228.983333333
1,112,229
2,112,229.016666667
3,112,229.033333333
4,112,229.05
5,112,229.066666667
6,112,229.083333333
7,112,229.1
8,112,229.116666667
9,112,229.133333333
10,112,229.15
11,112,229.166666667
12,112,229.183333333
13,112,229.2
14,112,229.216666667
15,112,229.233333333
16,112,229.25
17,112,229.266666667
18,112,229.283333333
19,112,229.3
20,112,229.316666667
21,112,229.333333333
22,112,229.35
23,112,229.366666667
24,112,229.383333333
25,112,229.4
26,112,229.416666667
27,112,229.433333333
28,112,229.45
29,112,229.466666667
30,112,229.483333333
31,112,229.5
32,112,229.516666667
33,112,229.533333333
34,112,229.55
35,112,229.566666667
36,112,229.583333333
37,112,229.6
38,112,229.616666667
39,112,229.633333333
40,112,229.65
41,112,229.666666667
42,112,229.683333333
43,112,229.7
44,112,229.716666667
45,112,229.733333333
46,112,229.75
47,112,229.766666667
48,112,229.783333333
49,112,229.8
50,112,229.816666667
51,112,229.833333333
52,112,229.85
53,112,229.866666667
54,112,229.883333333
55,112,229.9
56,112,229.916666667
57,112,229.933333333
58,112,229.95
59,112,229.966666667
60,112,229.983333333
61,112,230
62,112,230.016666667
63,112,230.033333333
64,112,230.05
65,112,230.066666667
66,112,230.083333333
67,112,230.1
68,112,230.116666667
69,112,230.133333333
70,112,230.15
71,112,230.166666667
72,112,230.183333333
73,112,230.2
74,112,230.216666667
75,112,230.233333333
76,112,230.25
77,112,230.266666667
78,112,230.283333333
79,112,230.3
80,112,230.316666667
81,112,230.333333333
82,112,230.35
83,112,230.366666667
84,112,230.383333333
85,112,230.4
86,112,230.416666667
87,112,230.433333333
88,112,230.45
89,112,230.466666667
90,112,230.483333333
91,112,230.5
92,112,230.516666667
93,112,230.533333333
94,112,230.55
95,112,230.566666667
96,112,230.583333333
97,112,230.6
98,112,230.616666667
99,112,230.633333333
100,112,230.65
101,112,230.666666667
102,112,230.683333333
103,112,230.7
104,112,230.716666667
105,112,230.733333333
106,112,230.75
107,112,230.766666667
108,112,230.783333333
109,112,230.8
110,112,230.816666667
111,112,230.833333333
112,112,230.85
113,112,230.866666667
114,112,230.883333333
115,112,230.9
116,112,230.916666667
117,112,230.933333333
118,112,230.95
119,112,230.966666667
120,112,230.983333333
1,113,231
2,113,231.016666667
3,113,231.033333333
4,113,231.05
5,113,231.066666667
6,113,231.083333333
7,113,231.1
8,113,231.116666667
9,113,231.133333333
10,113,231.15
11,113,231.166666667
12,113,231.183333333
13,113,231.2
14,113,231.216666667
15,113,231.233333333
16,113,231.25
17,113,231.266666667
18,113,231.283333333
19,113,231.3
20,113,231.316666667
21,113,231.333333333
22,113,231.35
23,113,231.366666667
24,113,231.383333333
25,113,231.4
26,113,231.416666667
27,113,231.433333333
28,113,231.45
29,113,231.466666667
30,113,231.483333333
31,113,231.5
32,113,231.516666667
33,113,231.533333333
34,113,231.55
35,113,231.566666667
36,113,231.583333333
37,113,231.6
38,113,231.616666667
39,113,231.633333333
40,113,231.65
41,113,231.666666667
42,113,231.683333333
43,113,231.7
44,113,231.716666667
45,113,231.733333333
46,113,231.75
47,113,231.766666667
48,113,231.783333333
49,113,231.8
50,113,231.816666667
51,113,231.833333333
52,113,231.85
53,113,231.866666667
54,113,231.883333333
55,113,231.9
56,113,231.916666667
57,113,231.933333333
58,113,231.95
59,113,231.966666667
60,113,231.983333333
61,113,232
62,113,232.016666667
63,113,232.033333333
64,113,232.05
65,113,232.066666667
66,113,232.083333333
67,113,232.1
68,113,232.116666667
69,113,232.133333333
70,113,232.15
71,113,232.166666667
72,113,232.183333333
73,113,232.2
74,113,232.216666667
75,113,232.233333333
76,113,232.25
77,113,232.266666667
78,113,232.283333333
79,113,232.3
80,113,232.316666667
81,113,232.333333333
82,113,232.35
83,113,232.366666667
84,113,232.383333333
85,113,232.4
86,113,232.416666667
87,113,232.433333333
88,113,232.45
89,113,232.466666667
90,113,232.483333333
91,113,232.5
92,113,232.516666667
93,113,232.533333333
94,113,232.55
95,113,232.566666667
96,113,232.583333333
97,113,232.6
98,113,232.616666667
99,113,232.633333333
100,113,232.65
101,113,232.666666667
102,113,232.683333333
103,113,232.7
104,113,232.716666667
105,113,232.733333333
106,113,232.75
107,113,232.766666667
108,113,232.783333333
109,113,232.8
110,113,232.816666667
111,113,232.833333333
112,113,232.85
113,113,232.866666667
114,113,232.883333333
115,113,232.9
116,113,232.916666667
117,113,232.933333333
118,113,232.95
119,113,232.966666667
120,113,232.983333333
1,114,233
2,114,233.016666667
3,114,233.033333333
4,114,233.05
5,114,233.066666667
6,114,233.083333333
7,114,233.1
8,114,233.116666667
9,114,233.133333333
10,114,233.15
11,114,233.166666667
12,114,233.183333333
13,114,233.2
14,114,233.216666667
15,114,233.233333333
16,114,233.25
17,114,233.266666667
18,114,233.283333333
19,114,233.3
20,114,233.316666667
21,114,233.333333333
22,114,233.35
23,114,233.366666667
24,114,233.383333333
25,114,233.4
26,114,233.416666667
27,114,233.433333333
28,114,233.45
29,114,233.466666667
30,114,233.483333333
31,114,233.5
32,114,233.516666667
33,114,233.533333333
34,114,233.55
35,114,233.566666667
36,114,233.583333333
37,114,233.6
38,114,233.616666667
39,114,233.633333333
40,114,233.65
41,114,233.666666667
42,114,233.683333333
43,114,233.7
44,114,233.716666667
45,114,233.733333333
46,114,233.75
47,114,233.766666667
48,114,233.783333333
49,114,233.8
50,114,233.816666667
51,114,233.833333333
52,114,233.85
53,114,233.866666667
54,114,233.883333333
55,114,233.9
56,114,233.916666667
57,114,233.933333333
58,114,233.95
59,114,233.966666667
60,114,233.983333333
61,114,234
62,114,234.016666667
63,114,234.033333333
64,114,234.05
65,114,234.066666667
66,114,234.083333333
67,114,234.1
68,114,234.116666667
69,114,234.133333333
70,114,234.15
71,114,234.166666667
72,114,234.183333333
73,114,234.2
74,114,234.216666667
75,114,234.233333333
76,114,234.25
77,114,234.266666667
78,114,234.283333333
79,114,234.3
80,114,234.316666667
81,114,234.333333333
82,114,234.35
83,114,234.366666667
84,114,234.383333333
85,114,234.4
86,114,234.416666667
87,114,234.433333333
88,114,234.45
89,114,234.466666667
90,114,234.483333333
91,114,234.5
92,114,234.516666667
93,114,234.533333333
94,114,234.55
95,114,234.566666667
96,114,234.583333333
97,114,234.6
98,114,234.616666667
99,114,234.633333333
100,114,234.65
101,114,234.666666667
102,114,234.683333333
103,114,234.7
104,114,234.716666667
105,114,234.733333333
106,114,234.75
107,114,234.766666667
108,114,234.783333333
109,114,234.8
110,114,234.816666667
111,114,234.833333333
112,114,234.85
113,114,234.866666667
114,114,234.883333333
115,114,234.9
116,114,234.916666667
117,114,234.933333333
118,114,234.95
119,114,234.966666667
120,114,234.983333333
1,115,235
2,115,235.016666667
3,115,235.033333333
4,115,235.05
5,115,235.066666667
6,115,235.083333333
7,115,235.1
8,115,235.116666667
9,115,235.133333333
10,115,235.15
11,115,235.166666667
12,115,235.183333333
13,115,235.2
14,115,235.216666667
15,115,235.233333333
16,115,235.25
17,115,235.266666667
18,115,235.283333333
19,115,235.3
20,115,235.316666667
21,115,235.333333333
22,115,235.35
23,115,235.366666667
24,115,235.383333333
25,115,235.4
26,115,235.416666667
27,115,235.433333333
28,115,235.45
29,115,235.466666667
30,115,235.483333333
31,115,235.5
32,115,235.516666667
33,115,235.533333333
34,115,235.55
35,115,235.566666667
36,115,235.583333333
37,115,235.6
38,115,235.616666667
39,115,235.633333333
40,115,235.65
41,115,235.666666667
42,115,235.683333333
43,115,235.7
44,115,235.716666667
45,115,235.733333333
46,115,235.75
47,115,235.766666667
48,115,235.783333333
49,115,235.8
50,115,235.816666667
51,115,235.833333333
52,115,235.85
53,115,235.866666667
54,115,235.883333333
55,115,235.9
56,115,235.916666667
57,115,235.933333333
58,115,235.95
59,115,235.966666667
60,115,235.983333333
61,115,236
62,115,236.016666667
63,115,236.033333333
64,115,236.05
65,115,236.066666667
66,115,236.083333333
67,115,236.1
68,115,236.116666667
69,115,236.133333333
70,115,236.15
71,115,236.166666667
72,115,236.183333333
73,115,236.2
74,115,236.216666667
75,115,236.233333333
76,115,236.25
77,115,236.266666667
78,115,236.283333333
79,115,236.3
80,115,236.316666667
81,115,236.333333333
82,115,236.35
83,115,236.366666667
84,115,236.383333333
85,115,236.4
86,115,236.416666667
87,115,236.433333333
88,115,236.45
89,115,236.466666667
90,115,236.483333333
91,115,236.5
92,115,236.516666667
93,115,236.533333333
94,115,236.55
95,115,236.566666667
96,115,236.583333333
97,115,236.6
98,115,236.616666667
99,115,236.633333333
100,115,236.65
101,115,236.666666667
102,115,236.683333333
103,115,236.7
104,115,236.716666667
105,115,236.733333333
106,115,236.75
107,115,236.766666667
108,115,236.783333333
109,115,236.8
110,115,236.816666667
111,115,236.833333333
112,115,236.85
113,115,236.866666667
114,115,236.883333333
115,115,236.9
116,115,236.916666667
117,115,236.933333333
118,115,236.95
119,115,236.966666667
120,115,236.983333333
1,116,237
2,116,237.016666667
3,116,237.033333333
4,116,237.05
5,116,237.066666667
6,116,237.083333333
7,116,237.1
8,116,237.116666667
9,116,237.133333333
10,116,237.15
11,116,237.166666667
12,116,237.183333333
13,116,237.2
14,116,237.216666667
15,116,237.233333333
16,116,237.25
17,116,237.266666667
18,116,237.283333333
19,116,237.3
20,116,237.316666667
21,116,237.333333333
22,116,237.35
23,116,237.366666667
24,116,237.383333333
25,116,237.4
26,116,237.416666667
27,116,237.433333333
28,116,237.45
29,116,237.466666667
30,116,237.483333333
31,116,237.5
32,116,237.516666667
33,116,237.533333333
34,116,237.55
35,116,237.566666667
36,116,237.583333333
37,116,237.6
38,116,237.616666667
39,116,237.633333333
40,116,237.65
41,116,237.666666667
42,116,237.683333333
43,116,237.7
44,116,237.716666667
45,116,237.733333333
46,116,237.75
47,116,237.766666667
48,116,237.783333333
49,116,237.8
50,116,237.816666667
51,116,237.833333333
52,116,237.85
53,116,237.866666667
54,116,237.883333333
55,116,237.9
56,116,237.916666667
57,116,237.933333333
58,116,237.95
59,116,237.966666667
60,116,237.983333333
61,116,238
62,116,238.016666667
63,116,238.033333333
64,116,238.05
65,116,238.066666667
66,116,238.083333333
67,116,238.1
68,116,238.116666667
69,116,238.133333333
70,116,238.15
71,116,238.166666667
72,116,238.183333333
73,116,238.2
74,116,238.216666667
75,116,238.233333333
76,116,238.25
77,116,238.266666667
78,116,238.283333333
79,116,238.3
80,116,238.316666667
81,116,238.333333333
82,116,238.35
83,116,238.366666667
84,116,238.383333333
85,116,238.4
86,116,238.416666667
87,116,238.433333333
88,116,238.45
89,116,238.466666667
90,116,238.483333333
91,116,238.5
92,116,238.516666667
93,116,238.533333333
94,116,238.55
95,116,238.566666667
96,116,238.583333333
97,116,238.6
98,116,238.616666667
99,116,238.633333333
100,116,238.65
101,116,238.666666667
102,116,238.683333333
103,116,238.7
104,116,238.716666667
105,116,238.733333333
106,116,238.75
107,116,238.766666667
108,116,238.783333333
109,116,238.8
110,116,238.816666667
111,116,238.833333333
112,116,238.85
113,116,238.866666667
114,116,238.883333333
115,116,238.9
116,116,238.916666667
117,116,238.933333333
118,116,238.95
119,116,238.966666667
120,116,238.983333333
1,117,239
2,117,239.016666667
3,117,239.033333333
4,117,239.05
5,117,239.066666667
6,117,239.083333333
7,117,239.1
8,117,239.116666667
9,117,239.133333333
10,117,239.15
11,117,239.166666667
12,117,239.183333333
13,117,239.2
14,117,239.216666667
15,117,239.233333333
16,117,239.25
17,117,239.266666667
18,117,239.283333333
19,117,239.3
20,117,239.316666667
21,117,239.333333333
22,117,239.35
23,117,239.366666667
24,117,239.383333333
25,117,239.4
26,117,239.416666667
27,117,239.433333333
28,117,239.45
29,117,239.466666667
30,117,239.483333333
31,117,239.5
32,117,239.516666667
33,117,239.533333333
34,117,239.55
35,117,239.566666667
36,117,239.583333333
37,117,239.6
38,117,239.616666667
39,117,239.633333333
40,117,239.65
41,117,239.666666667
42,117,239.683333333
43,117,239.7
44,117,239.716666667
45,117,239.733333333
46,117,239.75
47,117,239.766666667
48,117,239.783333333
49,117,239.8
50,117,239.816666667
51,117,239.833333333
52,117,239.85
53,117,239.866666667
54,117,239.883333333
55,117,239.9
56,117,239.916666667
57,117,239.933333333
58,117,239.95
59,117,239.966666667
60,117,239.983333333
61,117,240
62,117,240.016666667
63,117,240.033333333
64,117,240.05
65,117,240.066666667
66,117,240.083333333
67,117,240.1
68,117,240.116666667
69,117,240.133333333
70,117,240.15
71,117,240.166666667
72,117,240.183333333
73,117,240.2
74,117,240.216666667
75,117,240.233333333
76,117,240.25
77,117,240.266666667
78,117,240.283333333
79,117,240.3
80,117,240.316666667
81,117,240.333333333
82,117,240.35
83,117,240.366666667
84,117,240.383333333
85,117,240.4
86,117,240.416666667
87,117,240.433333333
88,117,240.45
89,117,240.466666667
90,117,240.483333333
91,117,240.5
92,117,240.516666667
93,117,240.533333333
94,117,240.55
95,117,240.566666667
96,117,240.583333333
97,117,240.6
98,117,240.616666667
99,117,240.633333333
100,117,240.65
101,117,240.666666667
102,117,240.683333333
103,117,240.7
104,117,240.716666667
105,117,240.733333333
106,117,240.75
107,117,240.766666667
108,117,240.783333333
109,117,240.8
110,117,240.816666667
111,117,240.833333333
112,117,240.85
113,117,240.866666667
114,117,240.883333333
115,117,240.9
116,117,240.916666667
117,117,240.933333333
118,117,240.95
119,117,240.966666667
120,117,240.983333333
1,118,241
2,118,241.016666667
3,118,241.033333333
4,118,241.05
5,118,241.066666667
6,118,241.083333333
7,118,241.1
8,118,241.116666667
9,118,241.133333333
10,118,241.15
11,118,241.166666667
12,118,241.183333333
13,118,241.2
14,118,241.216666667
15,118,241.233333333
16,118,241.25
17,118,241.266666667
18,118,241.283333333
19,118,241.3
20,118,241.316666667
21,118,241.333333333
22,118,241.35
23,118,241.366666667
24,118,241.383333333
25,118,241.4
26,118,241.416666667
27,118,241.433333333
28,118,241.45
29,118,241.466666667
30,118,241.483333333
31,118,241.5
32,118,241.516666667
33,118,241.533333333
34,118,241.55
35,118,241.566666667
36,118,241.583333333
37,118,241.6
38,118,241.616666667
39,118,241.633333333
40,118,241.65
41,118,241.666666667
42,118,241.683333333
43,118,241.7
44,118,241.716666667
45,118,241.733333333
46,118,241.75
47,118,241.766666667
48,118,241.783333333
49,118,241.8
50,118,241.816666667
51,118,241.833333333
52,118,241.85
53,118,241.866666667
54,118,241.883333333
55,118,241.9
56,118,241.916666667
57,118,241.933333333
58,118,241.95
59,118,241.966666667
60,118,241.983333333
61,118,242
62,118,242.016666667
63,118,242.033333333
64,118,242.05
65,118,242.066666667
66,118,242.083333333
67,118,242.1
68,118,242.116666667
69,118,242.133333333
70,118,242.15
71,118,242.166666667
72,118,242.183333333
73,118,242.2
74,118,242.216666667
75,118,242.233333333
76,118,242.25
77,118,242.266666667
78,118,242.283333333
79,118,242.3
80,118,242.316666667
81,118,242.333333333
82,118,242.35
83,118,242.366666667
84,118,242.383333333
85,118,242.4
86,118,242.416666667
87,118,242.433333333
88,118,242.45
89,118,242.466666667
90,118,242.483333333
91,118,242.5
92,118,242.516666667
93,118,242.533333333
94,118,242.55
95,118,242.566666667
96,118,242.583333333
97,118,242.6
98,118,242.616666667
99,118,242.633333333
100,118,242.65
101,118,242.666666667
102,118,242.683333333
103,118,242.7
104,118,242.716666667
105,118,242.733333333
106,118,242.75
107,118,242.766666667
108,118,242.783333333
109,118,242.8
110,118,242.816666667
111,118,242.833333333
112,118,242.85
113,118,242.866666667
114,118,242.883333333
115,118,242.9
116,118,242.916666667
117,118,242.933333333
118,118,242.95
119,118,242.966666667
120,118,242.983333333
1,119,243
2,119,243.016666667
3,119,243.033333333
4,119,243.05
5,119,243.066666667
6,119,243.083333333
7,119,243.1
8,119,243.116666667
9,119,243.133333333
10,119,243.15
11,119,243.166666667
12,119,243.183333333
13,119,243.2
14,119,243.216666667
15,119,243.233333333
16,119,243.25
17,119,243.266666667
18,119,243.283333333
19,119,243.3
20,119,243.316666667
21,119,243.333333333
22,119,243.35
23,119,243.366666667
24,119,243.383333333
25,119,243.4
26,119,243.416666667
27,119,243.433333333
28,119,243.45
29,119,243.466666667
30,119,243.483333333
31,119,243.5
32,119,243.516666667
33,119,243.533333333
34,119,243.55
35,119,243.566666667
36,119,243.583333333
37,119,243.6
38,119,243.616666667
39,119,243.633333333
40,119,243.65
41,119,243.666666667
42,119,243.683333333
43,119,243.7
44,119,243.716666667
45,119,243.733333333
46,119,243.75
47,119,243.766666667
48,119,243.783333333
49,119,243.8
50,119,243.816666667
51,119,243.833333333
52,119,243.85
53,119,243.866666667
54,119,243.883333333
55,119,243.9
56,119,243.916666667
57,119,243.933333333
58,119,243.95
59,119,243.966666667
60,119,243.983333333
61,119,244
62,119,244.016666667
63,119,244.033333333
64,119,244.05
65,119,244.066666667
66,119,244.083333333
67,119,244.1
68,119,244.116666667
69,119,244.133333333
70,119,244.15
71,119,244.166666667
72,119,244.183333333
73,119,244.2
74,119,244.216666667
75,119,244.233333333
76,119,244.25
77,119,244.266666667
78,119,244.283333333
79,119,244.3
80,119,244.316666667
81,119,244.333333333
82,119,244.35
83,119,244.366666667
84,119,244.383333333
85,119,244.4
86,119,244.416666667
87,119,244.433333333
88,119,244.45
89,119,244.466666667
90,119,244.483333333
91,119,244.5
92,119,244.516666667
93,119,244.533333333
94,119,244.55
95,119,244.566666667
96,119,244.583333333
97,119,244.6
98,119,244.616666667
99,119,244.633333333
100,119,244.65
101,119,244.666666667
102,119,244.683333333
103,119,244.7
104,119,244.716666667
105,119,244.733333333
106,119,244.75
107,119,244.766666667
108,119,244.783333333
109,119,244.8
110,119,244.816666667
111,119,244.833333333
112,119,244.85
113,119,244.866666667
114,119,244.883333333
115,119,244.9
116,119,244.916666667
117,119,244.933333333
118,119,244.95
119,119,244.966666667
120,119,244.983333333
1,120,245
2,120,245.016666667
3,120,245.033333333
4,120,245.05
5,120,245.066666667
6,120,245.083333333
7,120,245.1
8,120,245.116666667
9,120,245.133333333
10,120,245.15
11,120,245.166666667
12,120,245.183333333
13,120,245.2
14,120,245.216666667
15,120,245.233333333
16,120,245.25
17,120,245.266666667
18,120,245.283333333
19,120,245.3
20,120,245.316666667
21,120,245.333333333
22,120,245.35
23,120,245.366666667
24,120,245.383333333
25,120,245.4
26,120,245.416666667
27,120,245.433333333
28,120,245.45
29,120,245.466666667
30,120,245.483333333
31,120,245.5
32,120,245.516666667
33,120,245.533333333
34,120,245.55
35,120,245.566666667
36,120,245.583333333
37,120,245.6
38,120,245.616666667
39,120,245.633333333
40,120,245.65
41,120,245.666666667
42,120,245.683333333
43,120,245.7
44,120,245.716666667
45,120,245.733333333
46,120,245.75
47,120,245.766666667
48,120,245.783333333
49,120,245.8
50,120,245.816666667
51,120,245.833333333
52,120,245.85
53,120,245.866666667
54,120,245.883333333
55,120,245.9
56,120,245.916666667
57,120,245.933333333
58,120,245.95
59,120,245.966666667
60,120,245.983333333
61,120,246
62,120,246.016666667
63,120,246.033333333
64,120,246.05
65,120,246.066666667
66,120,246.083333333
67,120,246.1
68,120,246.116666667
69,120,246.133333333
70,120,246.15
71,120,246.166666667
72,120,246.183333333
73,120,246.2
74,120,246.216666667
75,120,246.233333333
76,120,246.25
77,120,246.266666667
78,120,246.283333333
79,120,246.3
80,120,246.316666667
81,120,246.333333333
82,120,246.35
83,120,246.366666667
84,120,246.383333333
85,120,246.4
86,120,246.416666667
87,120,246.433333333
88,120,246.45
89,120,246.466666667
90,120,246.483333333
91,120,246.5
92,120,246.516666667
93,120,246.533333333
94,120,246.55
95,120,246.566666667
96,120,246.583333333
97,120,246.6
98,120,246.616666667
99,120,246.633333333
100,120,246.65
101,120,246.666666667
102,120,246.683333333
103,120,246.7
104,120,246.716666667
105,120,246.733333333
106,120,246.75
107,120,246.766666667
108,120,246.783333333
109,120,246.8
110,120,246.816666667
111,120,246.833333333
112,120,246.85
113,120,246.866666667
114,120,246.883333333
115,120,246.9
116,120,246.916666667
117,120,246.933333333
118,120,246.95
119,120,246.966666667
120,120,246.983333333
1,121,247
2,121,247.016666667
3,121,247.033333333
4,121,247.05
5,121,247.066666667
6,121,247.083333333
7,121,247.1
8,121,247.116666667
9,121,247.133333333
10,121,247.15
11,121,247.166666667
12,121,247.183333333
13,121,247.2
14,121,247.216666667
15,121,247.233333333
16,121,247.25
17,121,247.266666667
18,121,247.283333333
19,121,247.3
20,121,247.316666667
21,121,247.333333333
22,121,247.35
23,121,247.366666667
24,121,247.383333333
25,121,247.4
26,121,247.416666667
27,121,247.433333333
28,121,247.45
29,121,247.466666667
30,121,247.483333333
31,121,247.5
32,121,247.516666667
33,121,247.533333333
34,121,247.55
35,121,247.566666667
36,121,247.583333333
37,121,247.6
38,121,247.616666667
39,121,247.633333333
40,121,247.65
41,121,247.666666667
42,121,247.683333333
43,121,247.7
44,121,247.716666667
45,121,247.733333333
46,121,247.75
47,121,247.766666667
48,121,247.783333333
49,121,247.8
50,121,247.816666667
51,121,247.833333333
52,121,247.85
53,121,247.866666667
54,121,247.883333333
55,121,247.9
56,121,247.916666667
57,121,247.933333333
58,121,247.95
59,121,247.966666667
60,121,247.983333333
61,121,248
62,121,248.016666667
63,121,248.033333333
64,121,248.05
65,121,248.066666667
66,121,248.083333333
67,121,248.1
68,121,248.116666667
69,121,248.133333333
70,121,248.15
71,121,248.166666667
72,121,248.183333333
73,121,248.2
74,121,248.216666667
75,121,248.233333333
76,121,248.25
77,121,248.266666667
78,121,248.283333333
79,121,248.3
80,121,248.316666667
81,121,248.333333333
82,121,248.35
83,121,248.366666667
84,121,248.383333333
85,121,248.4
86,121,248.416666667
87,121,248.433333333
88,121,248.45
89,121,248.466666667
90,121,248.483333333
91,121,248.5
92,121,248.516666667
93,121,248.533333333
94,121,248.55
95,121,248.566666667
96,121,248.583333333
97,121,248.6
98,121,248.616666667
99,121,248.633333333
100,121,248.65
101,121,248.666666667
102,121,248.683333333
103,121,248.7
104,121,248.716666667
105,121,248.733333333
106,121,248.75
107,121,248.766666667
108,121,248.783333333
109,121,248.8
110,121,248.816666667
111,121,248.833333333
112,121,248.85
113,121,248.866666667
114,121,248.883333333
115,121,248.9
116,121,248.916666667
117,121,248.933333333
118,121,248.95
119,121,248.966666667
120,121,248.983333333
1,122,249
2,122,249.016666667
3,122,249.033333333
4,122,249.05
5,122,249.066666667
6,122,249.083333333
7,122,249.1
8,122,249.116666667
9,122,249.133333333
10,122,249.15
11,122,249.166666667
12,122,249.183333333
13,122,249.2
14,122,249.216666667
15,122,249.233333333
16,122,249.25
17,122,249.266666667
18,122,249.283333333
19,122,249.3
20,122,249.316666667
21,122,249.333333333
22,122,249.35
23,122,249.366666667
24,122,249.383333333
25,122,249.4
26,122,249.416666667
27,122,249.433333333
28,122,249.45
29,122,249.466666667
30,122,249.483333333
31,122,249.5
32,122,249.516666667
33,122,249.533333333
34,122,249.55
35,122,249.566666667
36,122,249.583333333
37,122,249.6
38,122,249.616666667
39,122,249.633333333
40,122,249.65
41,122,249.666666667
42,122,249.683333333
43,122,249.7
44,122,249.716666667
45,122,249.733333333
46,122,249.75
47,122,249.766666667
48,122,249.783333333
49,122,249.8
50,122,249.816666667
51,122,249.833333333
52,122,249.85
53,122,249.866666667
54,122,249.883333333
55,122,249.9
56,122,249.916666667
57,122,249.933333333
58,122,249.95
59,122,249.966666667
60,122,249.983333333
61,122,250
62,122,250.016666667
63,122,250.033333333
64,122,250.05
65,122,250.066666667
66,122,250.083333333
67,122,250.1
68,122,250.116666667
69,122,250.133333333
70,122,250.15
71,122,250.166666667
72,122,250.183333333
73,122,250.2
74,122,250.216666667
75,122,250.233333333
76,122,250.25
77,122,250.266666667
78,122,250.283333333
79,122,250.3
80,122,250.316666667
81,122,250.333333333
82,122,250.35
83,122,250.366666667
84,122,250.383333333
85,122,250.4
86,122,250.416666667
87,122,250.433333333
88,122,250.45
89,122,250.466666667
90,122,250.483333333
91,122,250.5
92,122,250.516666667
93,122,250.533333333
94,122,250.55
95,122,250.566666667
96,122,250.583333333
97,122,250.6
98,122,250.616666667
99,122,250.633333333
100,122,250.65
101,122,250.666666667
102,122,250.683333333
103,122,250.7
104,122,250.716666667
105,122,250.733333333
106,122,250.75
107,122,250.766666667
108,122,250.783333333
109,122,250.8
110,122,250.816666667
111,122,250.833333333
112,122,250.85
113,122,250.866666667
114,122,250.883333333
115,122,250.9
116,122,250.916666667
117,122,250.933333333
118,122,250.95
119,122,250.966666667
120,122,250.983333333
1,123,251
2,123,251.016666667
3,123,251.033333333
4,123,251.05
5,123,251.066666667
6,123,251.083333333
7,123,251.1
8,123,251.116666667
9,123,251.133333333
10,123,251.15
11,123,251.166666667
12,123,251.183333333
13,123,251.2
14,123,251.216666667
15,123,251.233333333
16,123,251.25
17,123,251.266666667
18,123,251.283333333
19,123,251.3
20,123,251.316666667
21,123,251.333333333
22,123,251.35
23,123,251.366666667
24,123,251.383333333
25,123,251.4
26,123,251.416666667
27,123,251.433333333
28,123,251.45
29,123,251.466666667
30,123,251.483333333
31,123,251.5
32,123,251.516666667
33,123,251.533333333
34,123,251.55
35,123,251.566666667
36,123,251.583333333
37,123,251.6
38,123,251.616666667
39,123,251.633333333
40,123,251.65
41,123,251.666666667
42,123,251.683333333
43,123,251.7
44,123,251.716666667
45,123,251.733333333
46,123,251.75
47,123,251.766666667
48,123,251.783333333
49,123,251.8
50,123,251.816666667
51,123,251.833333333
52,123,251.85
53,123,251.866666667
54,123,251.883333333
55,123,251.9
56,123,251.916666667
57,123,251.933333333
58,123,251.95
59,123,251.966666667
60,123,251.983333333
61,123,252
62,123,252.016666667
63,123,252.033333333
64,123,252.05
65,123,252.066666667
66,123,252.083333333
67,123,252.1
68,123,252.116666667
69,123,252.133333333
70,123,252.15
71,123,252.166666667
72,123,252.183333333
73,123,252.2
74,123,252.216666667
75,123,252.233333333
76,123,252.25
77,123,252.266666667
78,123,252.283333333
79,123,252.3
80,123,252.316666667
81,123,252.333333333
82,123,252.35
83,123,252.366666667
84,123,252.383333333
85,123,252.4
86,123,252.416666667
87,123,252.433333333
88,123,252.45
89,123,252.466666667
90,123,252.483333333
91,123,252.5
92,123,252.516666667
93,123,252.533333333
94,123,252.55
95,123,252.566666667
96,123,252.583333333
97,123,252.6
98,123,252.616666667
99,123,252.633333333
100,123,252.65
101,123,252.666666667
102,123,252.683333333
103,123,252.7
104,123,252.716666667
105,123,252.733333333
106,123,252.75
107,123,252.766666667
108,123,252.783333333
109,123,252.8
110,123,252.816666667
111,123,252.833333333
112,123,252.85
113,123,252.866666667
114,123,252.883333333
115,123,252.9
116,123,252.916666667
117,123,252.933333333
118,123,252.95
119,123,252.966666667
120,123,252.983333333
1,124,253
2,124,253.016666667
3,124,253.033333333
4,124,253.05
5,124,253.066666667
6,124,253.083333333
7,124,253.1
8,124,253.116666667
9,124,253.133333333
10,124,253.15
11,124,253.166666667
12,124,253.183333333
13,124,253.2
14,124,253.216666667
15,124,253.233333333
16,124,253.25
17,124,253.266666667
18,124,253.283333333
19,124,253.3
20,124,253.316666667
21,124,253.333333333
22,124,253.35
23,124,253.366666667
24,124,253.383333333
25,124,253.4
26,124,253.416666667
27,124,253.433333333
28,124,253.45
29,124,253.466666667
30,124,253.483333333
31,124,253.5
32,124,253.516666667
33,124,253.533333333
34,124,253.55
35,124,253.566666667
36,124,253.583333333
37,124,253.6
38,124,253.616666667
39,124,253.633333333
40,124,253.65
41,124,253.666666667
42,124,253.683333333
43,124,253.7
44,124,253.716666667
45,124,253.733333333
46,124,253.75
47,124,253.766666667
48,124,253.783333333
49,124,253.8
50,124,253.816666667
51,124,253.833333333
52,124,253.85
53,124,253.866666667
54,124,253.883333333
55,124,253.9
56,124,253.916666667
57,124,253.933333333
58,124,253.95
59,124,253.966666667
60,124,253.983333333
61,124,254
62,124,254.016666667
63,124,254.033333333
64,124,254.05
65,124,254.066666667
66,124,254.083333333
67,124,254.1
68,124,254.116666667
69,124,254.133333333
70,124,254.15
71,124,254.166666667
72,124,254.183333333
73,124,254.2
74,124,254.216666667
75,124,254.233333333
76,124,254.25
77,124,254.266666667
78,124,254.283333333
79,124,254.3
80,124,254.316666667
81,124,254.333333333
82,124,254.35
83,124,254.366666667
84,124,254.383333333
85,124,254.4
86,124,254.416666667
87,124,254.433333333
88,124,254.45
89,124,254.466666667
90,124,254.483333333
91,124,254.5
92,124,254.516666667
93,124,254.533333333
94,124,254.55
95,124,254.566666667
96,124,254.583333333
97,124,254.6
98,124,254.616666667
99,124,254.633333333
100,124,254.65
101,124,254.666666667
102,124,254.683333333
103,124,254.7
104,124,254.716666667
105,124,254.733333333
106,124,254.75
107,124,254.766666667
108,124,254.783333333
109,124,254.8
110,124,254.816666667
111,124,254.833333333
112,124,254.85
113,124,254.866666667
114,124,254.883333333
115,124,254.9
116,124,254.916666667
117,124,254.933333333
118,124,254.95
119,124,254.966666667
120,124,254.983333333
1,125,255
2,125,255.016666667
3,125,255.033333333
4,125,255.05
5,125,255.066666667
6,125,255.083333333
7,125,255.1
8,125,255.116666667
9,125,255.133333333
10,125,255.15
11,125,255.166666667
12,125,255.183333333
13,125,255.2
14,125,255.216666667
15,125,255.233333333
16,125,255.25
17,125,255.266666667
18,125,255.283333333
19,125,255.3
20,125,255.316666667
21,125,255.333333333
22,125,255.35
23,125,255.366666667
24,125,255.383333333
25,125,255.4
26,125,255.416666667
27,125,255.433333333
28,125,255.45
29,125,255.466666667
30,125,255.483333333
31,125,255.5
32,125,255.516666667
33,125,255.533333333
34,125,255.55
35,125,255.566666667
36,125,255.583333333
37,125,255.6
38,125,255.616666667
39,125,255.633333333
40,125,255.65
41,125,255.666666667
42,125,255.683333333
43,125,255.7
44,125,255.716666667
45,125,255.733333333
46,125,255.75
47,125,255.766666667
48,125,255.783333333
49,125,255.8
50,125,255.816666667
51,125,255.833333333
52,125,255.85
53,125,255.866666667
54,125,255.883333333
55,125,255.9
56,125,255.916666667
57,125,255.933333333
58,125,255.95
59,125,255.966666667
60,125,255.983333333
61,125,256
62,125,256.016666667
63,125,256.033333333
64,125,256.05
65,125,256.066666667
66,125,256.083333333
67,125,256.1
68,125,256.116666667
69,125,256.133333333
70,125,256.15
71,125,256.166666667
72,125,256.183333333
73,125,256.2
74,125,256.216666667
75,125,256.233333333
76,125,256.25
77,125,256.266666667
78,125,256.283333333
79,125,256.3
80,125,256.316666667
81,125,256.333333333
82,125,256.35
83,125,256.366666667
84,125,256.383333333
85,125,256.4
86,125,256.416666667
87,125,256.433333333
88,125,256.45
89,125,256.466666667
90,125,256.483333333
91,125,256.5
92,125,256.516666667
93,125,256.533333333
94,125,256.55
95,125,256.566666667
96,125,256.583333333
97,125,256.6
98,125,256.616666667
99,125,256.633333333
100,125,256.65
101,125,256.666666667
102,125,256.683333333
103,125,256.7
104,125,256.716666667
105,125,256.733333333
106,125,256.75
107,125,256.766666667
108,125,256.783333333
109,125,256.8
110,125,256.816666667
111,125,256.833333333
112,125,256.85
113,125,256.866666667
114,125,256.883333333
115,125,256.9
116,125,256.916666667
117,125,256.933333333
118,125,256.95
119,125,256.966666667
120,125,256.983333333
1,126,257
2,126,257.016666667
3,126,257.033333333
4,126,257.05
5,126,257.066666667
6,126,257.083333333
7,126,257.1
8,126,257.116666667
9,126,257.133333333
10,126,257.15
11,126,257.166666667
12,126,257.183333333
13,126,257.2
14,126,257.216666667
15,126,257.233333333
16,126,257.25
17,126,257.266666667
18,126,257.283333333
19,126,257.3
20,126,257.316666667
21,126,257.333333333
22,126,257.35
23,126,257.366666667
24,126,257.383333333
25,126,257.4
26,126,257.416666667
27,126,257.433333333
28,126,257.45
29,126,257.466666667
30,126,257.483333333
31,126,257.5
32,126,257.516666667
33,126,257.533333333
34,126,257.55
35,126,257.566666667
36,126,257.583333333
37,126,257.6
38,126,257.616666667
39,126,257.633333333
40,126,257.65
41,126,257.666666667
42,126,257.683333333
43,126,257.7
44,126,257.716666667
45,126,257.733333333
46,126,257.75
47,126,257.766666667
48,126,257.783333333
49,126,257.8
50,126,257.816666667
51,126,257.833333333
52,126,257.85
53,126,257.866666667
54,126,257.883333333
55,126,257.9
56,126,257.916666667
57,126,257.933333333
58,126,257.95
59,126,257.966666667
60,126,257.983333333
61,126,258
62,126,258.016666667
63,126,258.033333333
64,126,258.05
65,126,258.066666667
66,126,258.083333333
67,126,258.1
68,126,258.116666667
69,126,258.133333333
70,126,258.15
71,126,258.166666667
72,126,258.183333333
73,126,258.2
74,126,258.216666667
75,126,258.233333333
76,126,258.25
77,126,258.266666667
78,126,258.283333333
79,126,258.3
80,126,258.316666667
81,126,258.333333333
82,126,258.35
83,126,258.366666667
84,126,258.383333333
85,126,258.4
86,126,258.416666667
87,126,258.433333333
88,126,258.45
89,126,258.466666667
90,126,258.483333333
91,126,258.5
92,126,258.516666667
93,126,258.533333333
94,126,258.55
95,126,258.566666667
96,126,258.583333333
97,126,258.6
98,126,258.616666667
99,126,258.633333333
100,126,258.65
101,126,258.666666667
102,126,258.683333333
103,126,258.7
104,126,258.716666667
105,126,258.733333333
106,126,258.75
107,126,258.766666667
108,126,258.783333333
109,126,258.8
110,126,258.816666667
111,126,258.833333333
112,126,258.85
113,126,258.866666667
114,126,258.883333333
115,126,258.9
116,126,258.916666667
117,126,258.933333333
118,126,258.95
119,126,258.966666667
120,126,258.983333333
1,127,259
2,127,259.016666667
3,127,259.033333333
4,127,259.05
5,127,259.066666667
6,127,259.083333333
7,127,259.1
8,127,259.116666667
9,127,259.133333333
10,127,259.15
11,127,259.166666667
12,127,259.183333333
13,127,259.2
14,127,259.216666667
15,127,259.233333333
16,127,259.25
17,127,259.266666667
18,127,259.283333333
19,127,259.3
20,127,259.316666667
21,127,259.333333333
22,127,259.35
23,127,259.366666667
24,127,259.383333333
25,127,259.4
26,127,259.416666667
27,127,259.433333333
28,127,259.45
29,127,259.466666667
30,127,259.483333333
31,127,259.5
32,127,259.516666667
33,127,259.533333333
34,127,259.55
35,127,259.566666667
36,127,259.583333333
37,127,259.6
38,127,259.616666667
39,127,259.633333333
40,127,259.65
41,127,259.666666667
42,127,259.683333333
43,127,259.7
44,127,259.716666667
45,127,259.733333333
46,127,259.75
47,127,259.766666667
48,127,259.783333333
49,127,259.8
50,127,259.816666667
51,127,259.833333333
52,127,259.85
53,127,259.866666667
54,127,259.883333333
55,127,259.9
56,127,259.916666667
57,127,259.933333333
58,127,259.95
59,127,259.966666667
60,127,259.983333333
61,127,260
62,127,260.016666667
63,127,260.033333333
64,127,260.05
65,127,260.066666667
66,127,260.083333333
67,127,260.1
68,127,260.116666667
69,127,260.133333333
70,127,260.15
71,127,260.166666667
72,127,260.183333333
73,127,260.2
74,127,260.216666667
75,127,260.233333333
76,127,260.25
77,127,260.266666667
78,127,260.283333333
79,127,260.3
80,127,260.316666667
81,127,260.333333333
82,127,260.35
83,127,260.366666667
84,127,260.383333333
85,127,260.4
86,127,260.416666667
87,127,260.433333333
88,127,260.45
89,127,260.466666667
90,127,260.483333333
91,127,260.5
92,127,260.516666667
93,127,260.533333333
94,127,260.55
95,127,260.566666667
96,127,260.583333333
97,127,260.6
98,127,260.616666667
99,127,260.633333333
100,127,260.65
101,127,260.666666667
102,127,260.683333333
103,127,260.7
104,127,260.716666667
105,127,260.733333333
106,127,260.75
107,127,260.766666667
108,127,260.783333333
109,127,260.8
110,127,260.816666667
111,127,260.833333333
112,127,260.85
113,127,260.866666667
114,127,260.883333333
115,127,260.9
116,127,260.916666667
117,127,260.933333333
118,127,260.95
119,127,260.966666667
120,127,260.983333333
1,128,261
2,128,261.016666667
3,128,261.033333333
4,128,261.05
5,128,261.066666667
6,128,261.083333333
7,128,261.1
8,128,261.116666667
9,128,261.133333333
10,128,261.15
11,128,261.166666667
12,128,261.183333333
13,128,261.2
14,128,261.216666667
15,128,261.233333333
16,128,261.25
17,128,261.266666667
18,128,261.283333333
19,128,261.3
20,128,261.316666667
21,128,261.333333333
22,128,261.35
23,128,261.366666667
24,128,261.383333333
25,128,261.4
26,128,261.416666667
27,128,261.433333333
28,128,261.45
29,128,261.466666667
30,128,261.483333333
31,128,261.5
32,128,261.516666667
33,128,261.533333333
34,128,261.55
35,128,261.566666667
36,128,261.583333333
37,128,261.6
38,128,261.616666667
39,128,261.633333333
40,128,261.65
41,128,261.666666667
42,128,261.683333333
43,128,261.7
44,128,261.716666667
45,128,261.733333333
46,128,261.75
47,128,261.766666667
48,128,261.783333333
49,128,261.8
50,128,261.816666667
51,128,261.833333333
52,128,261.85
53,128,261.866666667
54,128,261.883333333
55,128,261.9
56,128,261.916666667
57,128,261.933333333
58,128,261.95
59,128,261.966666667
60,128,261.983333333
61,128,262
62,128,262.016666667
63,128,262.033333333
64,128,262.05
65,128,262.066666667
66,128,262.083333333
67,128,262.1
68,128,262.116666667
69,128,262.133333333
70,128,262.15
71,128,262.166666667
72,128,262.183333333
73,128,262.2
74,128,262.216666667
75,128,262.233333333
76,128,262.25
77,128,262.266666667
78,128,262.283333333
79,128,262.3
80,128,262.316666667
81,128,262.333333333
82,128,262.35
83,128,262.366666667
84,128,262.383333333
85,128,262.4
86,128,262.416666667
87,128,262.433333333
88,128,262.45
89,128,262.466666667
90,128,262.483333333
91,128,262.5
92,128,262.516666667
93,128,262.533333333
94,128,262.55
95,128,262.566666667
96,128,262.583333333
97,128,262.6
98,128,262.616666667
99,128,262.633333333
100,128,262.65
101,128,262.666666667
102,128,262.683333333
103,128,262.7
104,128,262.716666667
105,128,262.733333333
106,128,262.75
107,128,262.766666667
108,128,262.783333333
109,128,262.8
110,128,262.816666667
111,128,262.833333333
112,128,262.85
113,128,262.866666667
114,128,262.883333333
115,128,262.9
116,128,262.916666667
117,128,262.933333333
118,128,262.95
119,128,262.966666667
120,128,262.983333333
1,129,263
2,129,263.016666667
3,129,263.033333333
4,129,263.05
5,129,263.066666667
6,129,263.083333333
7,129,263.1
8,129,263.116666667
9,129,263.133333333
10,129,263.15
11,129,263.166666667
12,129,263.183333333
13,129,263.2
14,129,263.216666667
15,129,263.233333333
16,129,263.25
17,129,263.266666667
18,129,263.283333333
19,129,263.3
20,129,263.316666667
21,129,263.333333333
22,129,263.35
23,129,263.366666667
24,129,263.383333333
25,129,263.4
26,129,263.416666667
27,129,263.433333333
28,129,263.45
29,129,263.466666667
30,129,263.483333333
31,129,263.5
32,129,263.516666667
33,129,263.533333333
34,129,263.55
35,129,263.566666667
36,129,263.583333333
37,129,263.6
38,129,263.616666667
39,129,263.633333333
40,129,263.65
41,129,263.666666667
42,129,263.683333333
43,129,263.7
44,129,263.716666667
45,129,263.733333333
46,129,263.75
47,129,263.766666667
48,129,263.783333333
49,129,263.8
50,129,263.816666667
51,129,263.833333333
52,129,263.85
53,129,263.866666667
54,129,263.883333333
55,129,263.9
56,129,263.916666667
57,129,263.933333333
58,129,263.95
59,129,263.966666667
60,129,263.983333333
61,129,264
62,129,264.016666667
63,129,264.033333333
64,129,264.05
65,129,264.066666667
66,129,264.083333333
67,129,264.1
68,129,264.116666667
69,129,264.133333333
70,129,264.15
71,129,264.166666667
72,129,264.183333333
73,129,264.2
74,129,264.216666667
75,129,264.233333333
76,129,264.25
77,129,264.266666667
78,129,264.283333333
79,129,264.3
80,129,264.316666667
81,129,264.333333333
82,129,264.35
83,129,264.366666667
84,129,264.383333333
85,129,264.4
86,129,264.416666667
87,129,264.433333333
88,129,264.45
89,129,264.466666667
90,129,264.483333333
91,129,264.5
92,129,264.516666667
93,129,264.533333333
94,129,264.55
95,129,264.566666667
96,129,264.583333333
97,129,264.6
98,129,264.616666667
99,129,264.633333333
100,129,264.65
101,129,264.666666667
102,129,264.683333333
103,129,264.7
104,129,264.716666667
105,129,264.733333333
106,129,264.75
107,129,264.766666667
108,129,264.783333333
109,129,264.8
110,129,264.816666667
111,129,264.833333333
112,129,264.85
113,129,264.866666667
114,129,264.883333333
115,129,264.9
116,129,264.916666667
117,129,264.933333333
118,129,264.95
119,129,264.966666667
120,129,264.983333333
1,130,265
2,130,265.016666667
3,130,265.033333333
4,130,265.05
5,130,265.066666667
6,130,265.083333333
7,130,265.1
8,130,265.116666667
9,130,265.133333333
10,130,265.15
11,130,265.166666667
12,130,265.183333333
13,130,265.2
14,130,265.216666667
15,130,265.233333333
16,130,265.25
17,130,265.266666667
18,130,265.283333333
19,130,265.3
20,130,265.316666667
21,130,265.333333333
22,130,265.35
23,130,265.366666667
24,130,265.383333333
25,130,265.4
26,130,265.416666667
27,130,265.433333333
28,130,265.45
29,130,265.466666667
30,130,265.483333333
31,130,265.5
32,130,265.516666667
33,130,265.533333333
34,130,265.55
35,130,265.566666667
36,130,265.583333333
37,130,265.6
38,130,265.616666667
39,130,265.633333333
40,130,265.65
41,130,265.666666667
42,130,265.683333333
43,130,265.7
44,130,265.716666667
45,130,265.733333333
46,130,265.75
47,130,265.766666667
48,130,265.783333333
49,130,265.8
50,130,265.816666667
51,130,265.833333333
52,130,265.85
53,130,265.866666667
54,130,265.883333333
55,130,265.9
56,130,265.916666667
57,130,265.933333333
58,130,265.95
59,130,265.966666667
60,130,265.983333333
61,130,266
62,130,266.016666667
63,130,266.033333333
64,130,266.05
65,130,266.066666667
66,130,266.083333333
67,130,266.1
68,130,266.116666667
69,130,266.133333333
70,130,266.15
71,130,266.166666667
72,130,266.183333333
73,130,266.2
74,130,266.216666667
75,130,266.233333333
76,130,266.25
77,130,266.266666667
78,130,266.283333333
79,130,266.3
80,130,266.316666667
81,130,266.333333333
82,130,266.35
83,130,266.366666667
84,130,266.383333333
85,130,266.4
86,130,266.416666667
87,130,266.433333333
88,130,266.45
89,130,266.466666667
90,130,266.483333333
91,130,266.5
92,130,266.516666667
93,130,266.533333333
94,130,266.55
95,130,266.566666667
96,130,266.583333333
97,130,266.6
98,130,266.616666667
99,130,266.633333333
100,130,266.65
101,130,266.666666667
102,130,266.683333333
103,130,266.7
104,130,266.716666667
105,130,266.733333333
106,130,266.75
107,130,266.766666667
108,130,266.783333333
109,130,266.8
110,130,266.816666667
111,130,266.833333333
112,130,266.85
113,130,266.866666667
114,130,266.883333333
115,130,266.9
116,130,266.916666667
117,130,266.933333333
118,130,266.95
119,130,266.966666667
120,130,266.983333333
1,131,267
2,131,267.016666667
3,131,267.033333333
4,131,267.05
5,131,267.066666667
6,131,267.083333333
7,131,267.1
8,131,267.116666667
9,131,267.133333333
10,131,267.15
11,131,267.166666667
12,131,267.183333333
13,131,267.2
14,131,267.216666667
15,131,267.233333333
16,131,267.25
17,131,267.266666667
18,131,267.283333333
19,131,267.3
20,131,267.316666667
21,131,267.333333333
22,131,267.35
23,131,267.366666667
24,131,267.383333333
25,131,267.4
26,131,267.416666667
27,131,267.433333333
28,131,267.45
29,131,267.466666667
30,131,267.483333333
31,131,267.5
32,131,267.516666667
33,131,267.533333333
34,131,267.55
35,131,267.566666667
36,131,267.583333333
37,131,267.6
38,131,267.616666667
39,131,267.633333333
40,131,267.65
41,131,267.666666667
42,131,267.683333333
43,131,267.7
44,131,267.716666667
45,131,267.733333333
46,131,267.75
47,131,267.766666667
48,131,267.783333333
49,131,267.8
50,131,267.816666667
51,131,267.833333333
52,131,267.85
53,131,267.866666667
54,131,267.883333333
55,131,267.9
56,131,267.916666667
57,131,267.933333333
58,131,267.95
59,131,267.966666667
60,131,267.983333333
61,131,268
62,131,268.016666667
63,131,268.033333333
64,131,268.05
65,131,268.066666667
66,131,268.083333333
67,131,268.1
68,131,268.116666667
69,131,268.133333333
70,131,268.15
71,131,268.166666667
72,131,268.183333333
73,131,268.2
74,131,268.216666667
75,131,268.233333333
76,131,268.25
77,131,268.266666667
78,131,268.283333333
79,131,268.3
80,131,268.316666667
81,131,268.333333333
82,131,268.35
83,131,268.366666667
84,131,268.383333333
85,131,268.4
86,131,268.416666667
87,131,268.433333333
88,131,268.45
89,131,268.466666667
90,131,268.483333333
91,131,268.5
92,131,268.516666667
93,131,268.533333333
94,131,268.55
95,131,268.566666667
96,131,268.583333333
97,131,268.6
98,131,268.616666667
99,131,268.633333333
100,131,268.65
101,131,268.666666667
102,131,268.683333333
103,131,268.7
104,131,268.716666667
105,131,268.733333333
106,131,268.75
107,131,268.766666667
108,131,268.783333333
109,131,268.8
110,131,268.816666667
111,131,268.833333333
112,131,268.85
113,131,268.866666667
114,131,268.883333333
115,131,268.9
116,131,268.916666667
117,131,268.933333333
118,131,268.95
119,131,268.966666667
120,131,268.983333333
1,132,269
2,132,269.016666667
3,132,269.033333333
4,132,269.05
5,132,269.066666667
6,132,269.083333333
7,132,269.1
8,132,269.116666667
9,132,269.133333333
10,132,269.15
11,132,269.166666667
12,132,269.183333333
13,132,269.2
14,132,269.216666667
15,132,269.233333333
16,132,269.25
17,132,269.266666667
18,132,269.283333333
19,132,269.3
20,132,269.316666667
21,132,269.333333333
22,132,269.35
23,132,269.366666667
24,132,269.383333333
25,132,269.4
26,132,269.416666667
27,132,269.433333333
28,132,269.45
29,132,269.466666667
30,132,269.483333333
31,132,269.5
32,132,269.516666667
33,132,269.533333333
34,132,269.55
35,132,269.566666667
36,132,269.583333333
37,132,269.6
38,132,269.616666667
39,132,269.633333333
40,132,269.65
41,132,269.666666667
42,132,269.683333333
43,132,269.7
44,132,269.716666667
45,132,269.733333333
46,132,269.75
47,132,269.766666667
48,132,269.783333333
49,132,269.8
50,132,269.816666667
51,132,269.833333333
52,132,269.85
53,132,269.866666667
54,132,269.883333333
55,132,269.9
56,132,269.916666667
57,132,269.933333333
58,132,269.95
59,132,269.966666667
60,132,269.983333333
61,132,270
62,132,270.016666667
63,132,270.033333333
64,132,270.05
65,132,270.066666667
66,132,270.083333333
67,132,270.1
68,132,270.116666667
69,132,270.133333333
70,132,270.15
71,132,270.166666667
72,132,270.183333333
73,132,270.2
74,132,270.216666667
75,132,270.233333333
76,132,270.25
77,132,270.266666667
78,132,270.283333333
79,132,270.3
80,132,270.316666667
81,132,270.333333333
82,132,270.35
83,132,270.366666667
84,132,270.383333333
85,132,270.4
86,132,270.416666667
87,132,270.433333333
88,132,270.45
89,132,270.466666667
90,132,270.483333333
91,132,270.5
92,132,270.516666667
93,132,270.533333333
94,132,270.55
95,132,270.566666667
96,132,270.583333333
97,132,270.6
98,132,270.616666667
99,132,270.633333333
100,132,270.65
101,132,270.666666667
102,132,270.683333333
103,132,270.7
104,132,270.716666667
105,132,270.733333333
106,132,270.75
107,132,270.766666667
108,132,270.783333333
109,132,270.8
110,132,270.816666667
111,132,270.833333333
112,132,270.85
113,132,270.866666667
114,132,270.883333333
115,132,270.9
116,132,270.916666667
117,132,270.933333333
118,132,270.95
119,132,270.966666667
120,132,270.983333333
1,133,271
2,133,271.016666667
3,133,271.033333333
4,133,271.05
5,133,271.066666667
6,133,271.083333333
7,133,271.1
8,133,271.116666667
9,133,271.133333333
10,133,271.15
11,133,271.166666667
12,133,271.183333333
13,133,271.2
14,133,271.216666667
15,133,271.233333333
16,133,271.25
17,133,271.266666667
18,133,271.283333333
19,133,271.3
20,133,271.316666667
21,133,271.333333333
22,133,271.35
23,133,271.366666667
24,133,271.383333333
25,133,271.4
26,133,271.416666667
27,133,271.433333333
28,133,271.45
29,133,271.466666667
30,133,271.483333333
31,133,271.5
32,133,271.516666667
33,133,271.533333333
34,133,271.55
35,133,271.566666667
36,133,271.583333333
37,133,271.6
38,133,271.616666667
39,133,271.633333333
40,133,271.65
41,133,271.666666667
42,133,271.683333333
43,133,271.7
44,133,271.716666667
45,133,271.733333333
46,133,271.75
47,133,271.766666667
48,133,271.783333333
49,133,271.8
50,133,271.816666667
51,133,271.833333333
52,133,271.85
53,133,271.866666667
54,133,271.883333333
55,133,271.9
56,133,271.916666667
57,133,271.933333333
58,133,271.95
59,133,271.966666667
60,133,271.983333333
61,133,272
62,133,272.016666667
63,133,272.033333333
64,133,272.05
65,133,272.066666667
66,133,272.083333333
67,133,272.1
68,133,272.116666667
69,133,272.133333333
70,133,272.15
71,133,272.166666667
72,133,272.183333333
73,133,272.2
74,133,272.216666667
75,133,272.233333333
76,133,272.25
77,133,272.266666667
78,133,272.283333333
79,133,272.3
80,133,272.316666667
81,133,272.333333333
82,133,272.35
83,133,272.366666667
84,133,272.383333333
85,133,272.4
86,133,272.416666667
87,133,272.433333333
88,133,272.45
89,133,272.466666667
90,133,272.483333333
91,133,272.5
92,133,272.516666667
93,133,272.533333333
94,133,272.55
95,133,272.566666667
96,133,272.583333333
97,133,272.6
98,133,272.616666667
99,133,272.633333333
100,133,272.65
101,133,272.666666667
102,133,272.683333333
103,133,272.7
104,133,272.716666667
105,133,272.733333333
106,133,272.75
107,133,272.766666667
108,133,272.783333333
109,133,272.8
110,133,272.816666667
111,133,272.833333333
112,133,272.85
113,133,272.866666667
114,133,272.883333333
115,133,272.9
116,133,272.916666667
117,133,272.933333333
118,133,272.95
119,133,272.966666667
120,133,272.983333333
1,134,273
2,134,273.016666667
3,134,273.033333333
4,134,273.05
5,134,273.066666667
6,134,273.083333333
7,134,273.1
8,134,273.116666667
9,134,273.133333333
10,134,273.15
11,134,273.166666667
12,134,273.183333333
13,134,273.2
14,134,273.216666667
15,134,273.233333333
16,134,273.25
17,134,273.266666667
18,134,273.283333333
19,134,273.3
20,134,273.316666667
21,134,273.333333333
22,134,273.35
23,134,273.366666667
24,134,273.383333333
25,134,273.4
26,134,273.416666667
27,134,273.433333333
28,134,273.45
29,134,273.466666667
30,134,273.483333333
31,134,273.5
32,134,273.516666667
33,134,273.533333333
34,134,273.55
35,134,273.566666667
36,134,273.583333333
37,134,273.6
38,134,273.616666667
39,134,273.633333333
40,134,273.65
41,134,273.666666667
42,134,273.683333333
43,134,273.7
44,134,273.716666667
45,134,273.733333333
46,134,273.75
47,134,273.766666667
48,134,273.783333333
49,134,273.8
50,134,273.816666667
51,134,273.833333333
52,134,273.85
53,134,273.866666667
54,134,273.883333333
55,134,273.9
56,134,273.916666667
57,134,273.933333333
58,134,273.95
59,134,273.966666667
60,134,273.983333333
61,134,274
62,134,274.016666667
63,134,274.033333333
64,134,274.05
65,134,274.066666667
66,134,274.083333333
67,134,274.1
68,134,274.116666667
69,134,274.133333333
70,134,274.15
71,134,274.166666667
72,134,274.183333333
73,134,274.2
74,134,274.216666667
75,134,274.233333333
76,134,274.25
77,134,274.266666667
78,134,274.283333333
79,134,274.3
80,134,274.316666667
81,134,274.333333333
82,134,274.35
83,134,274.366666667
84,134,274.383333333
85,134,274.4
86,134,274.416666667
87,134,274.433333333
88,134,274.45
89,134,274.466666667
90,134,274.483333333
91,134,274.5
92,134,274.516666667
93,134,274.533333333
94,134,274.55
95,134,274.566666667
96,134,274.583333333
97,134,274.6
98,134,274.616666667
99,134,274.633333333
100,134,274.65
101,134,274.666666667
102,134,274.683333333
103,134,274.7
104,134,274.716666667
105,134,274.733333333
106,134,274.75
107,134,274.766666667
108,134,274.783333333
109,134,274.8
110,134,274.816666667
111,134,274.833333333
112,134,274.85
113,134,274.866666667
114,134,274.883333333
115,134,274.9
116,134,274.916666667
117,134,274.933333333
118,134,274.95
119,134,274.966666667
120,134,274.983333333
1,135,275
2,135,275.016666667
3,135,275.033333333
4,135,275.05
5,135,275.066666667
6,135,275.083333333
7,135,275.1
8,135,275.116666667
9,135,275.133333333
10,135,275.15
11,135,275.166666667
12,135,275.183333333
13,135,275.2
14,135,275.216666667
15,135,275.233333333
16,135,275.25
17,135,275.266666667
18,135,275.283333333
19,135,275.3
20,135,275.316666667
21,135,275.333333333
22,135,275.35
23,135,275.366666667
24,135,275.383333333
25,135,275.4
26,135,275.416666667
27,135,275.433333333
28,135,275.45
29,135,275.466666667
30,135,275.483333333
31,135,275.5
32,135,275.516666667
33,135,275.533333333
34,135,275.55
35,135,275.566666667
36,135,275.583333333
37,135,275.6
38,135,275.616666667
39,135,275.633333333
40,135,275.65
41,135,275.666666667
42,135,275.683333333
43,135,275.7
44,135,275.716666667
45,135,275.733333333
46,135,275.75
47,135,275.766666667
48,135,275.783333333
49,135,275.8
50,135,275.816666667
51,135,275.833333333
52,135,275.85
53,135,275.866666667
54,135,275.883333333
55,135,275.9
56,135,275.916666667
57,135,275.933333333
58,135,275.95
59,135,275.966666667
60,135,275.983333333
61,135,276
62,135,276.016666667
63,135,276.033333333
64,135,276.05
65,135,276.066666667
66,135,276.083333333
67,135,276.1
68,135,276.116666667
69,135,276.133333333
70,135,276.15
71,135,276.166666667
72,135,276.183333333
73,135,276.2
74,135,276.216666667
75,135,276.233333333
76,135,276.25
77,135,276.266666667
78,135,276.283333333
79,135,276.3
80,135,276.316666667
81,135,276.333333333
82,135,276.35
83,135,276.366666667
84,135,276.383333333
85,135,276.4
86,135,276.416666667
87,135,276.433333333
88,135,276.45
89,135,276.466666667
90,135,276.483333333
91,135,276.5
92,135,276.516666667
93,135,276.533333333
94,135,276.55
95,135,276.566666667
96,135,276.583333333
97,135,276.6
98,135,276.616666667
99,135,276.633333333
100,135,276.65
101,135,276.666666667
102,135,276.683333333
103,135,276.7
104,135,276.716666667
105,135,276.733333333
106,135,276.75
107,135,276.766666667
108,135,276.783333333
109,135,276.8
110,135,276.816666667
111,135,276.833333333
112,135,276.85
113,135,276.866666667
114,135,276.883333333
115,135,276.9
116,135,276.916666667
117,135,276.933333333
118,135,276.95
119,135,276.966666667
120,135,276.983333333
1,136,277
2,136,277.016666667
3,136,277.033333333
4,136,277.05
5,136,277.066666667
6,136,277.083333333
7,136,277.1
8,136,277.116666667
9,136,277.133333333
10,136,277.15
11,136,277.166666667
12,136,277.183333333
13,136,277.2
14,136,277.216666667
15,136,277.233333333
16,136,277.25
17,136,277.266666667
18,136,277.283333333
19,136,277.3
20,136,277.316666667
21,136,277.333333333
22,136,277.35
23,136,277.366666667
24,136,277.383333333
25,136,277.4
26,136,277.416666667
27,136,277.433333333
28,136,277.45
29,136,277.466666667
30,136,277.483333333
31,136,277.5
32,136,277.516666667
33,136,277.533333333
34,136,277.55
35,136,277.566666667
36,136,277.583333333
37,136,277.6
38,136,277.616666667
39,136,277.633333333
40,136,277.65
41,136,277.666666667
42,136,277.683333333
43,136,277.7
44,136,277.716666667
45,136,277.733333333
46,136,277.75
47,136,277.766666667
48,136,277.783333333
49,136,277.8
50,136,277.816666667
51,136,277.833333333
52,136,277.85
53,136,277.866666667
54,136,277.883333333
55,136,277.9
56,136,277.916666667
57,136,277.933333333
58,136,277.95
59,136,277.966666667
60,136,277.983333333
61,136,278
62,136,278.016666667
63,136,278.033333333
64,136,278.05
65,136,278.066666667
66,136,278.083333333
67,136,278.1
68,136,278.116666667
69,136,278.133333333
70,136,278.15
71,136,278.166666667
72,136,278.183333333
73,136,278.2
74,136,278.216666667
75,136,278.233333333
76,136,278.25
77,136,278.266666667
78,136,278.283333333
79,136,278.3
80,136,278.316666667
81,136,278.333333333
82,136,278.35
83,136,278.366666667
84,136,278.383333333
85,136,278.4
86,136,278.416666667
87,136,278.433333333
88,136,278.45
89,136,278.466666667
90,136,278.483333333
91,136,278.5
92,136,278.516666667
93,136,278.533333333
94,136,278.55
95,136,278.566666667
96,136,278.583333333
97,136,278.6
98,136,278.616666667
99,136,278.633333333
100,136,278.65
101,136,278.666666667
102,136,278.683333333
103,136,278.7
104,136,278.716666667
105,136,278.733333333
106,136,278.75
107,136,278.766666667
108,136,278.783333333
109,136,278.8
110,136,278.816666667
111,136,278.833333333
112,136,278.85
113,136,278.866666667
114,136,278.883333333
115,136,278.9
116,136,278.916666667
117,136,278.933333333
118,136,278.95
119,136,278.966666667
120,136,278.983333333
1,137,279
2,137,279.016666667
3,137,279.033333333
4,137,279.05
5,137,279.066666667
6,137,279.083333333
7,137,279.1
8,137,279.116666667
9,137,279.133333333
10,137,279.15
11,137,279.166666667
12,137,279.183333333
13,137,279.2
14,137,279.216666667
15,137,279.233333333
16,137,279.25
17,137,279.266666667
18,137,279.283333333
19,137,279.3
20,137,279.316666667
21,137,279.333333333
22,137,279.35
23,137,279.366666667
24,137,279.383333333
25,137,279.4
26,137,279.416666667
27,137,279.433333333
28,137,279.45
29,137,279.466666667
30,137,279.483333333
31,137,279.5
32,137,279.516666667
33,137,279.533333333
34,137,279.55
35,137,279.566666667
36,137,279.583333333
37,137,279.6
38,137,279.616666667
39,137,279.633333333
40,137,279.65
41,137,279.666666667
42,137,279.683333333
43,137,279.7
44,137,279.716666667
45,137,279.733333333
46,137,279.75
47,137,279.766666667
48,137,279.783333333
49,137,279.8
50,137,279.816666667
51,137,279.833333333
52,137,279.85
53,137,279.866666667
54,137,279.883333333
55,137,279.9
56,137,279.916666667
57,137,279.933333333
58,137,279.95
59,137,279.966666667
60,137,279.983333333
61,137,280
62,137,280.016666667
63,137,280.033333333
64,137,280.05
65,137,280.066666667
66,137,280.083333333
67,137,280.1
68,137,280.116666667
69,137,280.133333333
70,137,280.15
71,137,280.166666667
72,137,280.183333333
73,137,280.2
74,137,280.216666667
75,137,280.233333333
76,137,280.25
77,137,280.266666667
78,137,280.283333333
79,137,280.3
80,137,280.316666667
81,137,280.333333333
82,137,280.35
83,137,280.366666667
84,137,280.383333333
85,137,280.4
86,137,280.416666667
87,137,280.433333333
88,137,280.45
89,137,280.466666667
90,137,280.483333333
91,137,280.5
92,137,280.516666667
93,137,280.533333333
94,137,280.55
95,137,280.566666667
96,137,280.583333333
97,137,280.6
98,137,280.616666667
99,137,280.633333333
100,137,280.65
101,137,280.666666667
102,137,280.683333333
103,137,280.7
104,137,280.716666667
105,137,280.733333333
106,137,280.75
107,137,280.766666667
108,137,280.783333333
109,137,280.8
110,137,280.816666667
111,137,280.833333333
112,137,280.85
113,137,280.866666667
114,137,280.883333333
115,137,280.9
116,137,280.916666667
117,137,280.933333333
118,137,280.95
119,137,280.966666667
120,137,280.983333333
1,138,281
2,138,281.016666667
3,138,281.033333333
4,138,281.05
5,138,281.066666667
6,138,281.083333333
7,138,281.1
8,138,281.116666667
9,138,281.133333333
10,138,281.15
11,138,281.166666667
12,138,281.183333333
13,138,281.2
14,138,281.216666667
15,138,281.233333333
16,138,281.25
17,138,281.266666667
18,138,281.283333333
19,138,281.3
20,138,281.316666667
21,138,281.333333333
22,138,281.35
23,138,281.366666667
24,138,281.383333333
25,138,281.4
26,138,281.416666667
27,138,281.433333333
28,138,281.45
29,138,281.466666667
30,138,281.483333333
31,138,281.5
32,138,281.516666667
33,138,281.533333333
34,138,281.55
35,138,281.566666667
36,138,281.583333333
37,138,281.6
38,138,281.616666667
39,138,281.633333333
40,138,281.65
41,138,281.666666667
42,138,281.683333333
43,138,281.7
44,138,281.716666667
45,138,281.733333333
46,138,281.75
47,138,281.766666667
48,138,281.783333333
49,138,281.8
50,138,281.816666667
51,138,281.833333333
52,138,281.85
53,138,281.866666667
54,138,281.883333333
55,138,281.9
56,138,281.916666667
57,138,281.933333333
58,138,281.95
59,138,281.966666667
60,138,281.983333333
61,138,282
62,138,282.016666667
63,138,282.033333333
64,138,282.05
65,138,282.066666667
66,138,282.083333333
67,138,282.1
68,138,282.116666667
69,138,282.133333333
70,138,282.15
71,138,282.166666667
72,138,282.183333333
73,138,282.2
74,138,282.216666667
75,138,282.233333333
76,138,282.25
77,138,282.266666667
78,138,282.283333333
79,138,282.3
80,138,282.316666667
81,138,282.333333333
82,138,282.35
83,138,282.366666667
84,138,282.383333333
85,138,282.4
86,138,282.416666667
87,138,282.433333333
88,138,282.45
89,138,282.466666667
90,138,282.483333333
91,138,282.5
92,138,282.516666667
93,138,282.533333333
94,138,282.55
95,138,282.566666667
96,138,282.583333333
97,138,282.6
98,138,282.616666667
99,138,282.633333333
100,138,282.65
101,138,282.666666667
102,138,282.683333333
103,138,282.7
104,138,282.716666667
105,138,282.733333333
106,138,282.75
107,138,282.766666667
108,138,282.783333333
109,138,282.8
110,138,282.816666667
111,138,282.833333333
112,138,282.85
113,138,282.866666667
114,138,282.883333333
115,138,282.9
116,138,282.916666667
117,138,282.933333333
118,138,282.95
119,138,282.966666667
120,138,282.983333333
1,139,283
2,139,283.016666667
3,139,283.033333333
4,139,283.05
5,139,283.066666667
6,139,283.083333333
7,139,283.1
8,139,283.116666667
9,139,283.133333333
10,139,283.15
11,139,283.166666667
12,139,283.183333333
13,139,283.2
14,139,283.216666667
15,139,283.233333333
16,139,283.25
17,139,283.266666667
18,139,283.283333333
19,139,283.3
20,139,283.316666667
21,139,283.333333333
22,139,283.35
23,139,283.366666667
24,139,283.383333333
25,139,283.4
26,139,283.416666667
27,139,283.433333333
28,139,283.45
29,139,283.466666667
30,139,283.483333333
31,139,283.5
32,139,283.516666667
33,139,283.533333333
34,139,283.55
35,139,283.566666667
36,139,283.583333333
37,139,283.6
38,139,283.616666667
39,139,283.633333333
40,139,283.65
41,139,283.666666667
42,139,283.683333333
43,139,283.7
44,139,283.716666667
45,139,283.733333333
46,139,283.75
47,139,283.766666667
48,139,283.783333333
49,139,283.8
50,139,283.816666667
51,139,283.833333333
52,139,283.85
53,139,283.866666667
54,139,283.883333333
55,139,283.9
56,139,283.916666667
57,139,283.933333333
58,139,283.95
59,139,283.966666667
60,139,283.983333333
61,139,284
62,139,284.016666667
63,139,284.033333333
64,139,284.05
65,139,284.066666667
66,139,284.083333333
67,139,284.1
68,139,284.116666667
69,139,284.133333333
70,139,284.15
71,139,284.166666667
72,139,284.183333333
73,139,284.2
74,139,284.216666667
75,139,284.233333333
76,139,284.25
77,139,284.266666667
78,139,284.283333333
79,139,284.3
80,139,284.316666667
81,139,284.333333333
82,139,284.35
83,139,284.366666667
84,139,284.383333333
85,139,284.4
86,139,284.416666667
87,139,284.433333333
88,139,284.45
89,139,284.466666667
90,139,284.483333333
91,139,284.5
92,139,284.516666667
93,139,284.533333333
94,139,284.55
95,139,284.566666667
96,139,284.583333333
97,139,284.6
98,139,284.616666667
99,139,284.633333333
100,139,284.65
101,139,284.666666667
102,139,284.683333333
103,139,284.7
104,139,284.716666667
105,139,284.733333333
106,139,284.75
107,139,284.766666667
108,139,284.783333333
109,139,284.8
110,139,284.816666667
111,139,284.833333333
112,139,284.85
113,139,284.866666667
114,139,284.883333333
115,139,284.9
116,139,284.916666667
117,139,284.933333333
118,139,284.95
119,139,284.966666667
120,139,284.983333333
1,140,285
2,140,285.016666667
3,140,285.033333333
4,140,285.05
5,140,285.066666667
6,140,285.083333333
7,140,285.1
8,140,285.116666667
9,140,285.133333333
10,140,285.15
11,140,285.166666667
12,140,285.183333333
13,140,285.2
14,140,285.216666667
15,140,285.233333333
16,140,285.25
17,140,285.266666667
18,140,285.283333333
19,140,285.3
20,140,285.316666667
21,140,285.333333333
22,140,285.35
23,140,285.366666667
24,140,285.383333333
25,140,285.4
26,140,285.416666667
27,140,285.433333333
28,140,285.45
29,140,285.466666667
30,140,285.483333333
31,140,285.5
32,140,285.516666667
33,140,285.533333333
34,140,285.55
35,140,285.566666667
36,140,285.583333333
37,140,285.6
38,140,285.616666667
39,140,285.633333333
40,140,285.65
41,140,285.666666667
42,140,285.683333333
43,140,285.7
44,140,285.716666667
45,140,285.733333333
46,140,285.75
47,140,285.766666667
48,140,285.783333333
49,140,285.8
50,140,285.816666667
51,140,285.833333333
52,140,285.85
53,140,285.866666667
54,140,285.883333333
55,140,285.9
56,140,285.916666667
57,140,285.933333333
58,140,285.95
59,140,285.966666667
60,140,285.983333333
61,140,286
62,140,286.016666667
63,140,286.033333333
64,140,286.05
65,140,286.066666667
66,140,286.083333333
67,140,286.1
68,140,286.116666667
69,140,286.133333333
70,140,286.15
71,140,286.166666667
72,140,286.183333333
73,140,286.2
74,140,286.216666667
75,140,286.233333333
76,140,286.25
77,140,286.266666667
78,140,286.283333333
79,140,286.3
80,140,286.316666667
81,140,286.333333333
82,140,286.35
83,140,286.366666667
84,140,286.383333333
85,140,286.4
86,140,286.416666667
87,140,286.433333333
88,140,286.45
89,140,286.466666667
90,140,286.483333333
91,140,286.5
92,140,286.516666667
93,140,286.533333333
94,140,286.55
95,140,286.566666667
96,140,286.583333333
97,140,286.6
98,140,286.616666667
99,140,286.633333333
100,140,286.65
101,140,286.666666667
102,140,286.683333333
103,140,286.7
104,140,286.716666667
105,140,286.733333333
106,140,286.75
107,140,286.766666667
108,140,286.783333333
109,140,286.8
110,140,286.816666667
111,140,286.833333333
112,140,286.85
113,140,286.866666667
114,140,286.883333333
115,140,286.9
116,140,286.916666667
117,140,286.933333333
118,140,286.95
119,140,286.966666667
120,140,286.983333333
1,141,287
2,141,287.016666667
3,141,287.033333333
4,141,287.05
5,141,287.066666667
6,141,287.083333333
7,141,287.1
8,141,287.116666667
9,141,287.133333333
10,141,287.15
11,141,287.166666667
12,141,287.183333333
13,141,287.2
14,141,287.216666667
15,141,287.233333333
16,141,287.25
17,141,287.266666667
18,141,287.283333333
19,141,287.3
20,141,287.316666667
21,141,287.333333333
22,141,287.35
23,141,287.366666667
24,141,287.383333333
25,141,287.4
26,141,287.416666667
27,141,287.433333333
28,141,287.45
29,141,287.466666667
30,141,287.483333333
31,141,287.5
32,141,287.516666667
33,141,287.533333333
34,141,287.55
35,141,287.566666667
36,141,287.583333333
37,141,287.6
38,141,287.616666667
39,141,287.633333333
40,141,287.65
41,141,287.666666667
42,141,287.683333333
43,141,287.7
44,141,287.716666667
45,141,287.733333333
46,141,287.75
47,141,287.766666667
48,141,287.783333333
49,141,287.8
50,141,287.816666667
51,141,287.833333333
52,141,287.85
53,141,287.866666667
54,141,287.883333333
55,141,287.9
56,141,287.916666667
57,141,287.933333333
58,141,287.95
59,141,287.966666667
60,141,287.983333333
61,141,288
62,141,288.016666667
63,141,288.033333333
64,141,288.05
65,141,288.066666667
66,141,288.083333333
67,141,288.1
68,141,288.116666667
69,141,288.133333333
70,141,288.15
71,141,288.166666667
72,141,288.183333333
73,141,288.2
74,141,288.216666667
75,141,288.233333333
76,141,288.25
77,141,288.266666667
78,141,288.283333333
79,141,288.3
80,141,288.316666667
81,141,288.333333333
82,141,288.35
83,141,288.366666667
84,141,288.383333333
85,141,288.4
86,141,288.416666667
87,141,288.433333333
88,141,288.45
89,141,288.466666667
90,141,288.483333333
91,141,288.5
92,141,288.516666667
93,141,288.533333333
94,141,288.55
95,141,288.566666667
96,141,288.583333333
97,141,288.6
98,141,288.616666667
99,141,288.633333333
100,141,288.65
101,141,288.666666667
102,141,288.683333333
103,141,288.7
104,141,288.716666667
105,141,288.733333333
106,141,288.75
107,141,288.766666667
108,141,288.783333333
109,141,288.8
110,141,288.816666667
111,141,288.833333333
112,141,288.85
113,141,288.866666667
114,141,288.883333333
115,141,288.9
116,141,288.916666667
117,141,288.933333333
118,141,288.95
119,141,288.966666667
120,141,288.983333333
1,142,289
2,142,289.016666667
3,142,289.033333333
4,142,289.05
5,142,289.066666667
6,142,289.083333333
7,142,289.1
8,142,289.116666667
9,142,289.133333333
10,142,289.15
11,142,289.166666667
12,142,289.183333333
13,142,289.2
14,142,289.216666667
15,142,289.233333333
16,142,289.25
17,142,289.266666667
18,142,289.283333333
19,142,289.3
20,142,289.316666667
21,142,289.333333333
22,142,289.35
23,142,289.366666667
24,142,289.383333333
25,142,289.4
26,142,289.416666667
27,142,289.433333333
28,142,289.45
29,142,289.466666667
30,142,289.483333333
31,142,289.5
32,142,289.516666667
33,142,289.533333333
34,142,289.55
35,142,289.566666667
36,142,289.583333333
37,142,289.6
38,142,289.616666667
39,142,289.633333333
40,142,289.65
41,142,289.666666667
42,142,289.683333333
43,142,289.7
44,142,289.716666667
45,142,289.733333333
46,142,289.75
47,142,289.766666667
48,142,289.783333333
49,142,289.8
50,142,289.816666667
51,142,289.833333333
52,142,289.85
53,142,289.866666667
54,142,289.883333333
55,142,289.9
56,142,289.916666667
57,142,289.933333333
58,142,289.95
59,142,289.966666667
60,142,289.983333333
61,142,290
62,142,290.016666667
63,142,290.033333333
64,142,290.05
65,142,290.066666667
66,142,290.083333333
67,142,290.1
68,142,290.116666667
69,142,290.133333333
70,142,290.15
71,142,290.166666667
72,142,290.183333333
73,142,290.2
74,142,290.216666667
75,142,290.233333333
76,142,290.25
77,142,290.266666667
78,142,290.283333333
79,142,290.3
80,142,290.316666667
81,142,290.333333333
82,142,290.35
83,142,290.366666667
84,142,290.383333333
85,142,290.4
86,142,290.416666667
87,142,290.433333333
88,142,290.45
89,142,290.466666667
90,142,290.483333333
91,142,290.5
92,142,290.516666667
93,142,290.533333333
94,142,290.55
95,142,290.566666667
96,142,290.583333333
97,142,290.6
98,142,290.616666667
99,142,290.633333333
100,142,290.65
101,142,290.666666667
102,142,290.683333333
103,142,290.7
104,142,290.716666667
105,142,290.733333333
106,142,290.75
107,142,290.766666667
108,142,290.783333333
109,142,290.8
110,142,290.816666667
111,142,290.833333333
112,142,290.85
113,142,290.866666667
114,142,290.883333333
115,142,290.9
116,142,290.916666667
117,142,290.933333333
118,142,290.95
119,142,290.966666667
120,142,290.983333333
1,143,291
2,143,291.016666667
3,143,291.033333333
4,143,291.05
5,143,291.066666667
6,143,291.083333333
7,143,291.1
8,143,291.116666667
9,143,291.133333333
10,143,291.15
11,143,291.166666667
12,143,291.183333333
13,143,291.2
14,143,291.216666667
15,143,291.233333333
16,143,291.25
17,143,291.266666667
18,143,291.283333333
19,143,291.3
20,143,291.316666667
21,143,291.333333333
22,143,291.35
23,143,291.366666667
24,143,291.383333333
25,143,291.4
26,143,291.416666667
27,143,291.433333333
28,143,291.45
29,143,291.466666667
30,143,291.483333333
31,143,291.5
32,143,291.516666667
33,143,291.533333333
34,143,291.55
35,143,291.566666667
36,143,291.583333333
37,143,291.6
38,143,291.616666667
39,143,291.633333333
40,143,291.65
41,143,291.666666667
42,143,291.683333333
43,143,291.7
44,143,291.716666667
45,143,291.733333333
46,143,291.75
47,143,291.766666667
48,143,291.783333333
49,143,291.8
50,143,291.816666667
51,143,291.833333333
52,143,291.85
53,143,291.866666667
54,143,291.883333333
55,143,291.9
56,143,291.916666667
57,143,291.933333333
58,143,291.95
59,143,291.966666667
60,143,291.983333333
61,143,292
62,143,292.016666667
63,143,292.033333333
64,143,292.05
65,143,292.066666667
66,143,292.083333333
67,143,292.1
68,143,292.116666667
69,143,292.133333333
70,143,292.15
71,143,292.166666667
72,143,292.183333333
73,143,292.2
74,143,292.216666667
75,143,292.233333333
76,143,292.25
77,143,292.266666667
78,143,292.283333333
79,143,292.3
80,143,292.316666667
81,143,292.333333333
82,143,292.35
83,143,292.366666667
84,143,292.383333333
85,143,292.4
86,143,292.416666667
87,143,292.433333333
88,143,292.45
89,143,292.466666667
90,143,292.483333333
91,143,292.5
92,143,292.516666667
93,143,292.533333333
94,143,292.55
95,143,292.566666667
96,143,292.583333333
97,143,292.6
98,143,292.616666667
99,143,292.633333333
100,143,292.65
101,143,292.666666667
102,143,292.683333333
103,143,292.7
104,143,292.716666667
105,143,292.733333333
106,143,292.75
107,143,292.766666667
108,143,292.783333333
109,143,292.8
110,143,292.816666667
111,143,292.833333333
112,143,292.85
113,143,292.866666667
114,143,292.883333333
115,143,292.9
116,143,292.916666667
117,143,292.933333333
118,143,292.95
119,143,292.966666667
120,143,292.983333333
1,144,293
2,144,293.016666667
3,144,293.033333333
4,144,293.05
5,144,293.066666667
6,144,293.083333333
7,144,293.1
8,144,293.116666667
9,144,293.133333333
10,144,293.15
11,144,293.166666667
12,144,293.183333333
13,144,293.2
14,144,293.216666667
15,144,293.233333333
16,144,293.25
17,144,293.266666667
18,144,293.283333333
19,144,293.3
20,144,293.316666667
21,144,293.333333333
22,144,293.35
23,144,293.366666667
24,144,293.383333333
25,144,293.4
26,144,293.416666667
27,144,293.433333333
28,144,293.45
29,144,293.466666667
30,144,293.483333333
31,144,293.5
32,144,293.516666667
33,144,293.533333333
34,144,293.55
35,144,293.566666667
36,144,293.583333333
37,144,293.6
38,144,293.616666667
39,144,293.633333333
40,144,293.65
41,144,293.666666667
42,144,293.683333333
43,144,293.7
44,144,293.716666667
45,144,293.733333333
46,144,293.75
47,144,293.766666667
48,144,293.783333333
49,144,293.8
50,144,293.816666667
51,144,293.833333333
52,144,293.85
53,144,293.866666667
54,144,293.883333333
55,144,293.9
56,144,293.916666667
57,144,293.933333333
58,144,293.95
59,144,293.966666667
60,144,293.983333333
61,144,294
62,144,294.016666667
63,144,294.033333333
64,144,294.05
65,144,294.066666667
66,144,294.083333333
67,144,294.1
68,144,294.116666667
69,144,294.133333333
70,144,294.15
71,144,294.166666667
72,144,294.183333333
73,144,294.2
74,144,294.216666667
75,144,294.233333333
76,144,294.25
77,144,294.266666667
78,144,294.283333333
79,144,294.3
80,144,294.316666667
81,144,294.333333333
82,144,294.35
83,144,294.366666667
84,144,294.383333333
85,144,294.4
86,144,294.416666667
87,144,294.433333333
88,144,294.45
89,144,294.466666667
90,144,294.483333333
91,144,294.5
92,144,294.516666667
93,144,294.533333333
94,144,294.55
95,144,294.566666667
96,144,294.583333333
97,144,294.6
98,144,294.616666667
99,144,294.633333333
100,144,294.65
101,144,294.666666667
102,144,294.683333333
103,144,294.7
104,144,294.716666667
105,144,294.733333333
106,144,294.75
107,144,294.766666667
108,144,294.783333333
109,144,294.8
110,144,294.816666667
111,144,294.833333333
112,144,294.85
113,144,294.866666667
114,144,294.883333333
115,144,294.9
116,144,294.916666667
117,144,294.933333333
118,144,294.95
119,144,294.966666667
120,144,294.983333333
1,145,295
2,145,295.016666667
3,145,295.033333333
4,145,295.05
5,145,295.066666667
6,145,295.083333333
7,145,295.1
8,145,295.116666667
9,145,295.133333333
10,145,295.15
11,145,295.166666667
12,145,295.183333333
13,145,295.2
14,145,295.216666667
15,145,295.233333333
16,145,295.25
17,145,295.266666667
18,145,295.283333333
19,145,295.3
20,145,295.316666667
21,145,295.333333333
22,145,295.35
23,145,295.366666667
24,145,295.383333333
25,145,295.4
26,145,295.416666667
27,145,295.433333333
28,145,295.45
29,145,295.466666667
30,145,295.483333333
31,145,295.5
32,145,295.516666667
33,145,295.533333333
34,145,295.55
35,145,295.566666667
36,145,295.583333333
37,145,295.6
38,145,295.616666667
39,145,295.633333333
40,145,295.65
41,145,295.666666667
42,145,295.683333333
43,145,295.7
44,145,295.716666667
45,145,295.733333333
46,145,295.75
47,145,295.766666667
48,145,295.783333333
49,145,295.8
50,145,295.816666667
51,145,295.833333333
52,145,295.85
53,145,295.866666667
54,145,295.883333333
55,145,295.9
56,145,295.916666667
57,145,295.933333333
58,145,295.95
59,145,295.966666667
60,145,295.983333333
61,145,296
62,145,296.016666667
63,145,296.033333333
64,145,296.05
65,145,296.066666667
66,145,296.083333333
67,145,296.1
68,145,296.116666667
69,145,296.133333333
70,145,296.15
71,145,296.166666667
72,145,296.183333333
73,145,296.2
74,145,296.216666667
75,145,296.233333333
76,145,296.25
77,145,296.266666667
78,145,296.283333333
79,145,296.3
80,145,296.316666667
81,145,296.333333333
82,145,296.35
83,145,296.366666667
84,145,296.383333333
85,145,296.4
86,145,296.416666667
87,145,296.433333333
88,145,296.45
89,145,296.466666667
90,145,296.483333333
91,145,296.5
92,145,296.516666667
93,145,296.533333333
94,145,296.55
95,145,296.566666667
96,145,296.583333333
97,145,296.6
98,145,296.616666667
99,145,296.633333333
100,145,296.65
101,145,296.666666667
102,145,296.683333333
103,145,296.7
104,145,296.716666667
105,145,296.733333333
106,145,296.75
107,145,296.766666667
108,145,296.783333333
109,145,296.8
110,145,296.816666667
111,145,296.833333333
112,145,296.85
113,145,296.866666667
114,145,296.883333333
115,145,296.9
116,145,296.916666667
117,145,296.933333333
118,145,296.95
119,145,296.966666667
120,145,296.983333333
1,146,297
2,146,297.016666667
3,146,297.033333333
4,146,297.05
5,146,297.066666667
6,146,297.083333333
7,146,297.1
8,146,297.116666667
9,146,297.133333333
10,146,297.15
11,146,297.166666667
12,146,297.183333333
13,146,297.2
14,146,297.216666667
15,146,297.233333333
16,146,297.25
17,146,297.266666667
18,146,297.283333333
19,146,297.3
20,146,297.316666667
21,146,297.333333333
22,146,297.35
23,146,297.366666667
24,146,297.383333333
25,146,297.4
26,146,297.416666667
27,146,297.433333333
28,146,297.45
29,146,297.466666667
30,146,297.483333333
31,146,297.5
32,146,297.516666667
33,146,297.533333333
34,146,297.55
35,146,297.566666667
36,146,297.583333333
37,146,297.6
38,146,297.616666667
39,146,297.633333333
40,146,297.65
41,146,297.666666667
42,146,297.683333333
43,146,297.7
44,146,297.716666667
45,146,297.733333333
46,146,297.75
47,146,297.766666667
48,146,297.783333333
49,146,297.8
50,146,297.816666667
51,146,297.833333333
52,146,297.85
53,146,297.866666667
54,146,297.883333333
55,146,297.9
56,146,297.916666667
57,146,297.933333333
58,146,297.95
59,146,297.966666667
60,146,297.983333333
61,146,298
62,146,298.016666667
63,146,298.033333333
64,146,298.05
65,146,298.066666667
66,146,298.083333333
67,146,298.1
68,146,298.116666667
69,146,298.133333333
70,146,298.15
71,146,298.166666667
72,146,298.183333333
73,146,298.2
74,146,298.216666667
75,146,298.233333333
76,146,298.25
77,146,298.266666667
78,146,298.283333333
79,146,298.3
80,146,298.316666667
81,146,298.333333333
82,146,298.35
83,146,298.366666667
84,146,298.383333333
85,146,298.4
86,146,298.416666667
87,146,298.433333333
88,146,298.45
89,146,298.466666667
90,146,298.483333333
91,146,298.5
92,146,298.516666667
93,146,298.533333333
94,146,298.55
95,146,298.566666667
96,146,298.583333333
97,146,298.6
98,146,298.616666667
99,146,298.633333333
100,146,298.65
101,146,298.666666667
102,146,298.683333333
103,146,298.7
104,146,298.716666667
105,146,298.733333333
106,146,298.75
107,146,298.766666667
108,146,298.783333333
109,146,298.8
110,146,298.816666667
111,146,298.833333333
112,146,298.85
113,146,298.866666667
114,146,298.883333333
115,146,298.9
116,146,298.916666667
117,146,298.933333333
118,146,298.95
119,146,298.966666667
120,146,298.983333333
1,147,299
2,147,299.016666667
3,147,299.033333333
4,147,299.05
5,147,299.066666667
6,147,299.083333333
7,147,299.1
8,147,299.116666667
9,147,299.133333333
10,147,299.15
11,147,299.166666667
12,147,299.183333333
13,147,299.2
14,147,299.216666667
15,147,299.233333333
16,147,299.25
17,147,299.266666667
18,147,299.283333333
19,147,299.3
20,147,299.316666667
21,147,299.333333333
22,147,299.35
23,147,299.366666667
24,147,299.383333333
25,147,299.4
26,147,299.416666667
27,147,299.433333333
28,147,299.45
29,147,299.466666667
30,147,299.483333333
31,147,299.5
32,147,299.516666667
33,147,299.533333333
34,147,299.55
35,147,299.566666667
36,147,299.583333333
37,147,299.6
38,147,299.616666667
39,147,299.633333333
40,147,299.65
41,147,299.666666667
42,147,299.683333333
43,147,299.7
44,147,299.716666667
45,147,299.733333333
46,147,299.75
47,147,299.766666667
48,147,299.783333333
49,147,299.8
50,147,299.816666667
51,147,299.833333333
52,147,299.85
53,147,299.866666667
54,147,299.883333333
55,147,299.9
56,147,299.916666667
57,147,299.933333333
58,147,299.95
59,147,299.966666667
60,147,299.983333333
61,147,300
62,147,300.016666667
63,147,300.033333333
64,147,300.05
65,147,300.066666667
66,147,300.083333333
67,147,300.1
68,147,300.116666667
69,147,300.133333333
70,147,300.15
71,147,300.166666667
72,147,300.183333333
73,147,300.2
74,147,300.216666667
75,147,300.233333333
76,147,300.25
77,147,300.266666667
78,147,300.283333333
79,147,300.3
80,147,300.316666667
81,147,300.333333333
82,147,300.35
83,147,300.366666667
84,147,300.383333333
85,147,300.4
86,147,300.416666667
87,147,300.433333333
88,147,300.45
89,147,300.466666667
90,147,300.483333333
91,147,300.5
92,147,300.516666667
93,147,300.533333333
94,147,300.55
95,147,300.566666667
96,147,300.583333333
97,147,300.6
98,147,300.616666667
99,147,300.633333333
100,147,300.65
101,147,300.666666667
102,147,300.683333333
103,147,300.7
104,147,300.716666667
105,147,300.733333333
106,147,300.75
107,147,300.766666667
108,147,300.783333333
109,147,300.8
110,147,300.816666667
111,147,300.833333333
112,147,300.85
113,147,300.866666667
114,147,300.883333333
115,147,300.9
116,147,300.916666667
117,147,300.933333333
118,147,300.95
119,147,300.966666667
120,147,300.983333333
1,148,301
2,148,301.016666667
3,148,301.033333333
4,148,301.05
5,148,301.066666667
6,148,301.083333333
7,148,301.1
8,148,301.116666667
9,148,301.133333333
10,148,301.15
11,148,301.166666667
12,148,301.183333333
13,148,301.2
14,148,301.216666667
15,148,301.233333333
16,148,301.25
17,148,301.266666667
18,148,301.283333333
19,148,301.3
20,148,301.316666667
21,148,301.333333333
22,148,301.35
23,148,301.366666667
24,148,301.383333333
25,148,301.4
26,148,301.416666667
27,148,301.433333333
28,148,301.45
29,148,301.466666667
30,148,301.483333333
31,148,301.5
32,148,301.516666667
33,148,301.533333333
34,148,301.55
35,148,301.566666667
36,148,301.583333333
37,148,301.6
38,148,301.616666667
39,148,301.633333333
40,148,301.65
41,148,301.666666667
42,148,301.683333333
43,148,301.7
44,148,301.716666667
45,148,301.733333333
46,148,301.75
47,148,301.766666667
48,148,301.783333333
49,148,301.8
50,148,301.816666667
51,148,301.833333333
52,148,301.85
53,148,301.866666667
54,148,301.883333333
55,148,301.9
56,148,301.916666667
57,148,301.933333333
58,148,301.95
59,148,301.966666667
60,148,301.983333333
61,148,302
62,148,302.016666667
63,148,302.033333333
64,148,302.05
65,148,302.066666667
66,148,302.083333333
67,148,302.1
68,148,302.116666667
69,148,302.133333333
70,148,302.15
71,148,302.166666667
72,148,302.183333333
73,148,302.2
74,148,302.216666667
75,148,302.233333333
76,148,302.25
77,148,302.266666667
78,148,302.283333333
79,148,302.3
80,148,302.316666667
81,148,302.333333333
82,148,302.35
83,148,302.366666667
84,148,302.383333333
85,148,302.4
86,148,302.416666667
87,148,302.433333333
88,148,302.45
89,148,302.466666667
90,148,302.483333333
91,148,302.5
92,148,302.516666667
93,148,302.533333333
94,148,302.55
95,148,302.566666667
96,148,302.583333333
97,148,302.6
98,148,302.616666667
99,148,302.633333333
100,148,302.65
101,148,302.666666667
102,148,302.683333333
103,148,302.7
104,148,302.716666667
105,148,302.733333333
106,148,302.75
107,148,302.766666667
108,148,302.783333333
109,148,302.8
110,148,302.816666667
111,148,302.833333333
112,148,302.85
113,148,302.866666667
114,148,302.883333333
115,148,302.9
116,148,302.916666667
117,148,302.933333333
118,148,302.95
119,148,302.966666667
120,148,302.983333333
1,149,303
2,149,303.016666667
3,149,303.033333333
4,149,303.05
5,149,303.066666667
6,149,303.083333333
7,149,303.1
8,149,303.116666667
9,149,303.133333333
10,149,303.15
11,149,303.166666667
12,149,303.183333333
13,149,303.2
14,149,303.216666667
15,149,303.233333333
16,149,303.25
17,149,303.266666667
18,149,303.283333333
19,149,303.3
20,149,303.316666667
21,149,303.333333333
22,149,303.35
23,149,303.366666667
24,149,303.383333333
25,149,303.4
26,149,303.416666667
27,149,303.433333333
28,149,303.45
29,149,303.466666667
30,149,303.483333333
31,149,303.5
32,149,303.516666667
33,149,303.533333333
34,149,303.55
35,149,303.566666667
36,149,303.583333333
37,149,303.6
38,149,303.616666667
39,149,303.633333333
40,149,303.65
41,149,303.666666667
42,149,303.683333333
43,149,303.7
44,149,303.716666667
45,149,303.733333333
46,149,303.75
47,149,303.766666667
48,149,303.783333333
49,149,303.8
50,149,303.816666667
51,149,303.833333333
52,149,303.85
53,149,303.866666667
54,149,303.883333333
55,149,303.9
56,149,303.916666667
57,149,303.933333333
58,149,303.95
59,149,303.966666667
60,149,303.983333333
61,149,304
62,149,304.016666667
63,149,304.033333333
64,149,304.05
65,149,304.066666667
66,149,304.083333333
67,149,304.1
68,149,304.116666667
69,149,304.133333333
70,149,304.15
71,149,304.166666667
72,149,304.183333333
73,149,304.2
74,149,304.216666667
75,149,304.233333333
76,149,304.25
77,149,304.266666667
78,149,304.283333333
79,149,304.3
80,149,304.316666667
81,149,304.333333333
82,149,304.35
83,149,304.366666667
84,149,304.383333333
85,149,304.4
86,149,304.416666667
87,149,304.433333333
88,149,304.45
89,149,304.466666667
90,149,304.483333333
91,149,304.5
92,149,304.516666667
93,149,304.533333333
94,149,304.55
95,149,304.566666667
96,149,304.583333333
97,149,304.6
98,149,304.616666667
99,149,304.633333333
100,149,304.65
101,149,304.666666667
102,149,304.683333333
103,149,304.7
104,149,304.716666667
105,149,304.733333333
106,149,304.75
107,149,304.766666667
108,149,304.783333333
109,149,304.8
110,149,304.816666667
111,149,304.833333333
112,149,304.85
113,149,304.866666667
114,149,304.883333333
115,149,304.9
116,149,304.916666667
117,149,304.933333333
118,149,304.95
119,149,304.966666667
120,149,304.983333333
1,150,305
2,150,305.016666667
3,150,305.033333333
4,150,305.05
5,150,305.066666667
6,150,305.083333333
7,150,305.1
8,150,305.116666667
9,150,305.133333333
10,150,305.15
11,150,305.166666667
12,150,305.183333333
13,150,305.2
14,150,305.216666667
15,150,305.233333333
16,150,305.25
17,150,305.266666667
18,150,305.283333333
19,150,305.3
20,150,305.316666667
21,150,305.333333333
22,150,305.35
23,150,305.366666667
24,150,305.383333333
25,150,305.4
26,150,305.416666667
27,150,305.433333333
28,150,305.45
29,150,305.466666667
30,150,305.483333333
31,150,305.5
32,150,305.516666667
33,150,305.533333333
34,150,305.55
35,150,305.566666667
36,150,305.583333333
37,150,305.6
38,150,305.616666667
39,150,305.633333333
40,150,305.65
41,150,305.666666667
42,150,305.683333333
43,150,305.7
44,150,305.716666667
45,150,305.733333333
46,150,305.75
47,150,305.766666667
48,150,305.783333333
49,150,305.8
50,150,305.816666667
51,150,305.833333333
52,150,305.85
53,150,305.866666667
54,150,305.883333333
55,150,305.9
56,150,305.916666667
57,150,305.933333333
58,150,305.95
59,150,305.966666667
60,150,305.983333333
61,150,306
62,150,306.016666667
63,150,306.033333333
64,150,306.05
65,150,306.066666667
66,150,306.083333333
67,150,306.1
68,150,306.116666667
69,150,306.133333333
70,150,306.15
71,150,306.166666667
72,150,306.183333333
73,150,306.2
74,150,306.216666667
75,150,306.233333333
76,150,306.25
77,150,306.266666667
78,150,306.283333333
79,150,306.3
80,150,306.316666667
81,150,306.333333333
82,150,306.35
83,150,306.366666667
84,150,306.383333333
85,150,306.4
86,150,306.416666667
87,150,306.433333333
88,150,306.45
89,150,306.466666667
90,150,306.483333333
91,150,306.5
92,150,306.516666667
93,150,306.533333333
94,150,306.55
95,150,306.566666667
96,150,306.583333333
97,150,306.6
98,150,306.616666667
99,150,306.633333333
100,150,306.65
101,150,306.666666667
102,150,306.683333333
103,150,306.7
104,150,306.716666667
105,150,306.733333333
106,150,306.75
107,150,306.766666667
108,150,306.783333333
109,150,306.8
110,150,306.816666667
111,150,306.833333333
112,150,306.85
113,150,306.866666667
114,150,306.883333333
115,150,306.9
116,150,306.916666667
117,150,306.933333333
118,150,306.95
119,150,306.966666667
120,150,306.983333333
1,151,307
2,151,307.016666667
3,151,307.033333333
4,151,307.05
5,151,307.066666667
6,151,307.083333333
7,151,307.1
8,151,307.116666667
9,151,307.133333333
10,151,307.15
11,151,307.166666667
12,151,307.183333333
13,151,307.2
14,151,307.216666667
15,151,307.233333333
16,151,307.25
17,151,307.266666667
18,151,307.283333333
19,151,307.3
20,151,307.316666667
21,151,307.333333333
22,151,307.35
23,151,307.366666667
24,151,307.383333333
25,151,307.4
26,151,307.416666667
27,151,307.433333333
28,151,307.45
29,151,307.466666667
30,151,307.483333333
31,151,307.5
32,151,307.516666667
33,151,307.533333333
34,151,307.55
35,151,307.566666667
36,151,307.583333333
37,151,307.6
38,151,307.616666667
39,151,307.633333333
40,151,307.65
41,151,307.666666667
42,151,307.683333333
43,151,307.7
44,151,307.716666667
45,151,307.733333333
46,151,307.75
47,151,307.766666667
48,151,307.783333333
49,151,307.8
50,151,307.816666667
51,151,307.833333333
52,151,307.85
53,151,307.866666667
54,151,307.883333333
55,151,307.9
56,151,307.916666667
57,151,307.933333333
58,151,307.95
59,151,307.966666667
60,151,307.983333333
61,151,308
62,151,308.016666667
63,151,308.033333333
64,151,308.05
65,151,308.066666667
66,151,308.083333333
67,151,308.1
68,151,308.116666667
69,151,308.133333333
70,151,308.15
71,151,308.166666667
72,151,308.183333333
73,151,308.2
74,151,308.216666667
75,151,308.233333333
76,151,308.25
77,151,308.266666667
78,151,308.283333333
79,151,308.3
80,151,308.316666667
81,151,308.333333333
82,151,308.35
83,151,308.366666667
84,151,308.383333333
85,151,308.4
86,151,308.416666667
87,151,308.433333333
88,151,308.45
89,151,308.466666667
90,151,308.483333333
91,151,308.5
92,151,308.516666667
93,151,308.533333333
94,151,308.55
95,151,308.566666667
96,151,308.583333333
97,151,308.6
98,151,308.616666667
99,151,308.633333333
100,151,308.65
101,151,308.666666667
102,151,308.683333333
103,151,308.7
104,151,308.716666667
105,151,308.733333333
106,151,308.75
107,151,308.766666667
108,151,308.783333333
109,151,308.8
110,151,308.816666667
111,151,308.833333333
112,151,308.85
113,151,308.866666667
114,151,308.883333333
115,151,308.9
116,151,308.916666667
117,151,308.933333333
118,151,308.95
119,151,308.966666667
120,151,308.983333333
1,152,309
2,152,309.016666667
3,152,309.033333333
4,152,309.05
5,152,309.066666667
6,152,309.083333333
7,152,309.1
8,152,309.116666667
9,152,309.133333333
10,152,309.15
11,152,309.166666667
12,152,309.183333333
13,152,309.2
14,152,309.216666667
15,152,309.233333333
16,152,309.25
17,152,309.266666667
18,152,309.283333333
19,152,309.3
20,152,309.316666667
21,152,309.333333333
22,152,309.35
23,152,309.366666667
24,152,309.383333333
25,152,309.4
26,152,309.416666667
27,152,309.433333333
28,152,309.45
29,152,309.466666667
30,152,309.483333333
31,152,309.5
32,152,309.516666667
33,152,309.533333333
34,152,309.55
35,152,309.566666667
36,152,309.583333333
37,152,309.6
38,152,309.616666667
39,152,309.633333333
40,152,309.65
41,152,309.666666667
42,152,309.683333333
43,152,309.7
44,152,309.716666667
45,152,309.733333333
46,152,309.75
47,152,309.766666667
48,152,309.783333333
49,152,309.8
50,152,309.816666667
51,152,309.833333333
52,152,309.85
53,152,309.866666667
54,152,309.883333333
55,152,309.9
56,152,309.916666667
57,152,309.933333333
58,152,309.95
59,152,309.966666667
60,152,309.983333333
61,152,310
62,152,310.016666667
63,152,310.033333333
64,152,310.05
65,152,310.066666667
66,152,310.083333333
67,152,310.1
68,152,310.116666667
69,152,310.133333333
70,152,310.15
71,152,310.166666667
72,152,310.183333333
73,152,310.2
74,152,310.216666667
75,152,310.233333333
76,152,310.25
77,152,310.266666667
78,152,310.283333333
79,152,310.3
80,152,310.316666667
81,152,310.333333333
82,152,310.35
83,152,310.366666667
84,152,310.383333333
85,152,310.4
86,152,310.416666667
87,152,310.433333333
88,152,310.45
89,152,310.466666667
90,152,310.483333333
91,152,310.5
92,152,310.516666667
93,152,310.533333333
94,152,310.55
95,152,310.566666667
96,152,310.583333333
97,152,310.6
98,152,310.616666667
99,152,310.633333333
100,152,310.65
101,152,310.666666667
102,152,310.683333333
103,152,310.7
104,152,310.716666667
105,152,310.733333333
106,152,310.75
107,152,310.766666667
108,152,310.783333333
109,152,310.8
110,152,310.816666667
111,152,310.833333333
112,152,310.85
113,152,310.866666667
114,152,310.883333333
115,152,310.9
116,152,310.916666667
117,152,310.933333333
118,152,310.95
119,152,310.966666667
120,152,310.983333333
1,153,311
2,153,311.016666667
3,153,311.033333333
4,153,311.05
5,153,311.066666667
6,153,311.083333333
7,153,311.1
8,153,311.116666667
9,153,311.133333333
10,153,311.15
11,153,311.166666667
12,153,311.183333333
13,153,311.2
14,153,311.216666667
15,153,311.233333333
16,153,311.25
17,153,311.266666667
18,153,311.283333333
19,153,311.3
20,153,311.316666667
21,153,311.333333333
22,153,311.35
23,153,311.366666667
24,153,311.383333333
25,153,311.4
26,153,311.416666667
27,153,311.433333333
28,153,311.45
29,153,311.466666667
30,153,311.483333333
31,153,311.5
32,153,311.516666667
33,153,311.533333333
34,153,311.55
35,153,311.566666667
36,153,311.583333333
37,153,311.6
38,153,311.616666667
39,153,311.633333333
40,153,311.65
41,153,311.666666667
42,153,311.683333333
43,153,311.7
44,153,311.716666667
45,153,311.733333333
46,153,311.75
47,153,311.766666667
48,153,311.783333333
49,153,311.8
50,153,311.816666667
51,153,311.833333333
52,153,311.85
53,153,311.866666667
54,153,311.883333333
55,153,311.9
56,153,311.916666667
57,153,311.933333333
58,153,311.95
59,153,311.966666667
60,153,311.983333333
61,153,312
62,153,312.016666667
63,153,312.033333333
64,153,312.05
65,153,312.066666667
66,153,312.083333333
67,153,312.1
68,153,312.116666667
69,153,312.133333333
70,153,312.15
71,153,312.166666667
72,153,312.183333333
73,153,312.2
74,153,312.216666667
75,153,312.233333333
76,153,312.25
77,153,312.266666667
78,153,312.283333333
79,153,312.3
80,153,312.316666667
81,153,312.333333333
82,153,312.35
83,153,312.366666667
84,153,312.383333333
85,153,312.4
86,153,312.416666667
87,153,312.433333333
88,153,312.45
89,153,312.466666667
90,153,312.483333333
91,153,312.5
92,153,312.516666667
93,153,312.533333333
94,153,312.55
95,153,312.566666667
96,153,312.583333333
97,153,312.6
98,153,312.616666667
99,153,312.633333333
100,153,312.65
101,153,312.666666667
102,153,312.683333333
103,153,312.7
104,153,312.716666667
105,153,312.733333333
106,153,312.75
107,153,312.766666667
108,153,312.783333333
109,153,312.8
110,153,312.816666667
111,153,312.833333333
112,153,312.85
113,153,312.866666667
114,153,312.883333333
115,153,312.9
116,153,312.916666667
117,153,312.933333333
118,153,312.95
119,153,312.966666667
120,153,312.983333333
1,154,313
2,154,313.016666667
3,154,313.033333333
4,154,313.05
5,154,313.066666667
6,154,313.083333333
7,154,313.1
8,154,313.116666667
9,154,313.133333333
10,154,313.15
11,154,313.166666667
12,154,313.183333333
13,154,313.2
14,154,313.216666667
15,154,313.233333333
16,154,313.25
17,154,313.266666667
18,154,313.283333333
19,154,313.3
20,154,313.316666667
21,154,313.333333333
22,154,313.35
23,154,313.366666667
24,154,313.383333333
25,154,313.4
26,154,313.416666667
27,154,313.433333333
28,154,313.45
29,154,313.466666667
30,154,313.483333333
31,154,313.5
32,154,313.516666667
33,154,313.533333333
34,154,313.55
35,154,313.566666667
36,154,313.583333333
37,154,313.6
38,154,313.616666667
39,154,313.633333333
40,154,313.65
41,154,313.666666667
42,154,313.683333333
43,154,313.7
44,154,313.716666667
45,154,313.733333333
46,154,313.75
47,154,313.766666667
48,154,313.783333333
49,154,313.8
50,154,313.816666667
51,154,313.833333333
52,154,313.85
53,154,313.866666667
54,154,313.883333333
55,154,313.9
56,154,313.916666667
57,154,313.933333333
58,154,313.95
59,154,313.966666667
60,154,313.983333333
61,154,314
62,154,314.016666667
63,154,314.033333333
64,154,314.05
65,154,314.066666667
66,154,314.083333333
67,154,314.1
68,154,314.116666667
69,154,314.133333333
70,154,314.15
71,154,314.166666667
72,154,314.183333333
73,154,314.2
74,154,314.216666667
75,154,314.233333333
76,154,314.25
77,154,314.266666667
78,154,314.283333333
79,154,314.3
80,154,314.316666667
81,154,314.333333333
82,154,314.35
83,154,314.366666667
84,154,314.383333333
85,154,314.4
86,154,314.416666667
87,154,314.433333333
88,154,314.45
89,154,314.466666667
90,154,314.483333333
91,154,314.5
92,154,314.516666667
93,154,314.533333333
94,154,314.55
95,154,314.566666667
96,154,314.583333333
97,154,314.6
98,154,314.616666667
99,154,314.633333333
100,154,314.65
101,154,314.666666667
102,154,314.683333333
103,154,314.7
104,154,314.716666667
105,154,314.733333333
106,154,314.75
107,154,314.766666667
108,154,314.783333333
109,154,314.8
110,154,314.816666667
111,154,314.833333333
112,154,314.85
113,154,314.866666667
114,154,314.883333333
115,154,314.9
116,154,314.916666667
117,154,314.933333333
118,154,314.95
119,154,314.966666667
120,154,314.983333333
1,155,315
2,155,315.016666667
3,155,315.033333333
4,155,315.05
5,155,315.066666667
6,155,315.083333333
7,155,315.1
8,155,315.116666667
9,155,315.133333333
10,155,315.15
11,155,315.166666667
12,155,315.183333333
13,155,315.2
14,155,315.216666667
15,155,315.233333333
16,155,315.25
17,155,315.266666667
18,155,315.283333333
19,155,315.3
20,155,315.316666667
21,155,315.333333333
22,155,315.35
23,155,315.366666667
24,155,315.383333333
25,155,315.4
26,155,315.416666667
27,155,315.433333333
28,155,315.45
29,155,315.466666667
30,155,315.483333333
31,155,315.5
32,155,315.516666667
33,155,315.533333333
34,155,315.55
35,155,315.566666667
36,155,315.583333333
37,155,315.6
38,155,315.616666667
39,155,315.633333333
40,155,315.65
41,155,315.666666667
42,155,315.683333333
43,155,315.7
44,155,315.716666667
45,155,315.733333333
46,155,315.75
47,155,315.766666667
48,155,315.783333333
49,155,315.8
50,155,315.816666667
51,155,315.833333333
52,155,315.85
53,155,315.866666667
54,155,315.883333333
55,155,315.9
56,155,315.916666667
57,155,315.933333333
58,155,315.95
59,155,315.966666667
60,155,315.983333333
61,155,316
62,155,316.016666667
63,155,316.033333333
64,155,316.05
65,155,316.066666667
66,155,316.083333333
67,155,316.1
68,155,316.116666667
69,155,316.133333333
70,155,316.15
71,155,316.166666667
72,155,316.183333333
73,155,316.2
74,155,316.216666667
75,155,316.233333333
76,155,316.25
77,155,316.266666667
78,155,316.283333333
79,155,316.3
80,155,316.316666667
81,155,316.333333333
82,155,316.35
83,155,316.366666667
84,155,316.383333333
85,155,316.4
86,155,316.416666667
87,155,316.433333333
88,155,316.45
89,155,316.466666667
90,155,316.483333333
91,155,316.5
92,155,316.516666667
93,155,316.533333333
94,155,316.55
95,155,316.566666667
96,155,316.583333333
97,155,316.6
98,155,316.616666667
99,155,316.633333333
100,155,316.65
101,155,316.666666667
102,155,316.683333333
103,155,316.7
104,155,316.716666667
105,155,316.733333333
106,155,316.75
107,155,316.766666667
108,155,316.783333333
109,155,316.8
110,155,316.816666667
111,155,316.833333333
112,155,316.85
113,155,316.866666667
114,155,316.883333333
115,155,316.9
116,155,316.916666667
117,155,316.933333333
118,155,316.95
119,155,316.966666667
120,155,316.983333333
1,156,317
2,156,317.016666667
3,156,317.033333333
4,156,317.05
5,156,317.066666667
6,156,317.083333333
7,156,317.1
8,156,317.116666667
9,156,317.133333333
10,156,317.15
11,156,317.166666667
12,156,317.183333333
13,156,317.2
14,156,317.216666667
15,156,317.233333333
16,156,317.25
17,156,317.266666667
18,156,317.283333333
19,156,317.3
20,156,317.316666667
21,156,317.333333333
22,156,317.35
23,156,317.366666667
24,156,317.383333333
25,156,317.4
26,156,317.416666667
27,156,317.433333333
28,156,317.45
29,156,317.466666667
30,156,317.483333333
31,156,317.5
32,156,317.516666667
33,156,317.533333333
34,156,317.55
35,156,317.566666667
36,156,317.583333333
37,156,317.6
38,156,317.616666667
39,156,317.633333333
40,156,317.65
41,156,317.666666667
42,156,317.683333333
43,156,317.7
44,156,317.716666667
45,156,317.733333333
46,156,317.75
47,156,317.766666667
48,156,317.783333333
49,156,317.8
50,156,317.816666667
51,156,317.833333333
52,156,317.85
53,156,317.866666667
54,156,317.883333333
55,156,317.9
56,156,317.916666667
57,156,317.933333333
58,156,317.95
59,156,317.966666667
60,156,317.983333333
61,156,318
62,156,318.016666667
63,156,318.033333333
64,156,318.05
65,156,318.066666667
66,156,318.083333333
67,156,318.1
68,156,318.116666667
69,156,318.133333333
70,156,318.15
71,156,318.166666667
72,156,318.183333333
73,156,318.2
74,156,318.216666667
75,156,318.233333333
76,156,318.25
77,156,318.266666667
78,156,318.283333333
79,156,318.3
80,156,318.316666667
81,156,318.333333333
82,156,318.35
83,156,318.366666667
84,156,318.383333333
85,156,318.4
86,156,318.416666667
87,156,318.433333333
88,156,318.45
89,156,318.466666667
90,156,318.483333333
91,156,318.5
92,156,318.516666667
93,156,318.533333333
94,156,318.55
95,156,318.566666667
96,156,318.583333333
97,156,318.6
98,156,318.616666667
99,156,318.633333333
100,156,318.65
101,156,318.666666667
102,156,318.683333333
103,156,318.7
104,156,318.716666667
105,156,318.733333333
106,156,318.75
107,156,318.766666667
108,156,318.783333333
109,156,318.8
110,156,318.816666667
111,156,318.833333333
112,156,318.85
113,156,318.866666667
114,156,318.883333333
115,156,318.9
116,156,318.916666667
117,156,318.933333333
118,156,318.95
119,156,318.966666667
120,156,318.983333333
1,157,319
2,157,319.016666667
3,157,319.033333333
4,157,319.05
5,157,319.066666667
6,157,319.083333333
7,157,319.1
8,157,319.116666667
9,157,319.133333333
10,157,319.15
11,157,319.166666667
12,157,319.183333333
13,157,319.2
14,157,319.216666667
15,157,319.233333333
16,157,319.25
17,157,319.266666667
18,157,319.283333333
19,157,319.3
20,157,319.316666667
21,157,319.333333333
22,157,319.35
23,157,319.366666667
24,157,319.383333333
25,157,319.4
26,157,319.416666667
27,157,319.433333333
28,157,319.45
29,157,319.466666667
30,157,319.483333333
31,157,319.5
32,157,319.516666667
33,157,319.533333333
34,157,319.55
35,157,319.566666667
36,157,319.583333333
37,157,319.6
38,157,319.616666667
39,157,319.633333333
40,157,319.65
41,157,319.666666667
42,157,319.683333333
43,157,319.7
44,157,319.716666667
45,157,319.733333333
46,157,319.75
47,157,319.766666667
48,157,319.783333333
49,157,319.8
50,157,319.816666667
51,157,319.833333333
52,157,319.85
53,157,319.866666667
54,157,319.883333333
55,157,319.9
56,157,319.916666667
57,157,319.933333333
58,157,319.95
59,157,319.966666667
60,157,319.983333333
61,157,320
62,157,320.016666667
63,157,320.033333333
64,157,320.05
65,157,320.066666667
66,157,320.083333333
67,157,320.1
68,157,320.116666667
69,157,320.133333333
70,157,320.15
71,157,320.166666667
72,157,320.183333333
73,157,320.2
74,157,320.216666667
75,157,320.233333333
76,157,320.25
77,157,320.266666667
78,157,320.283333333
79,157,320.3
80,157,320.316666667
81,157,320.333333333
82,157,320.35
83,157,320.366666667
84,157,320.383333333
85,157,320.4
86,157,320.416666667
87,157,320.433333333
88,157,320.45
89,157,320.466666667
90,157,320.483333333
91,157,320.5
92,157,320.516666667
93,157,320.533333333
94,157,320.55
95,157,320.566666667
96,157,320.583333333
97,157,320.6
98,157,320.616666667
99,157,320.633333333
100,157,320.65
101,157,320.666666667
102,157,320.683333333
103,157,320.7
104,157,320.716666667
105,157,320.733333333
106,157,320.75
107,157,320.766666667
108,157,320.783333333
109,157,320.8
110,157,320.816666667
111,157,320.833333333
112,157,320.85
113,157,320.866666667
114,157,320.883333333
115,157,320.9
116,157,320.916666667
117,157,320.933333333
118,157,320.95
119,157,320.966666667
120,157,320.983333333
1,158,321
2,158,321.016666667
3,158,321.033333333
4,158,321.05
5,158,321.066666667
6,158,321.083333333
7,158,321.1
8,158,321.116666667
9,158,321.133333333
10,158,321.15
11,158,321.166666667
12,158,321.183333333
13,158,321.2
14,158,321.216666667
15,158,321.233333333
16,158,321.25
17,158,321.266666667
18,158,321.283333333
19,158,321.3
20,158,321.316666667
21,158,321.333333333
22,158,321.35
23,158,321.366666667
24,158,321.383333333
25,158,321.4
26,158,321.416666667
27,158,321.433333333
28,158,321.45
29,158,321.466666667
30,158,321.483333333
31,158,321.5
32,158,321.516666667
33,158,321.533333333
34,158,321.55
35,158,321.566666667
36,158,321.583333333
37,158,321.6
38,158,321.616666667
39,158,321.633333333
40,158,321.65
41,158,321.666666667
42,158,321.683333333
43,158,321.7
44,158,321.716666667
45,158,321.733333333
46,158,321.75
47,158,321.766666667
48,158,321.783333333
49,158,321.8
50,158,321.816666667
51,158,321.833333333
52,158,321.85
53,158,321.866666667
54,158,321.883333333
55,158,321.9
56,158,321.916666667
57,158,321.933333333
58,158,321.95
59,158,321.966666667
60,158,321.983333333
61,158,322
62,158,322.016666667
63,158,322.033333333
64,158,322.05
65,158,322.066666667
66,158,322.083333333
67,158,322.1
68,158,322.116666667
69,158,322.133333333
70,158,322.15
71,158,322.166666667
72,158,322.183333333
73,158,322.2
74,158,322.216666667
75,158,322.233333333
76,158,322.25
77,158,322.266666667
78,158,322.283333333
79,158,322.3
80,158,322.316666667
81,158,322.333333333
82,158,322.35
83,158,322.366666667
84,158,322.383333333
85,158,322.4
86,158,322.416666667
87,158,322.433333333
88,158,322.45
89,158,322.466666667
90,158,322.483333333
91,158,322.5
92,158,322.516666667
93,158,322.533333333
94,158,322.55
95,158,322.566666667
96,158,322.583333333
97,158,322.6
98,158,322.616666667
99,158,322.633333333
100,158,322.65
101,158,322.666666667
102,158,322.683333333
103,158,322.7
104,158,322.716666667
105,158,322.733333333
106,158,322.75
107,158,322.766666667
108,158,322.783333333
109,158,322.8
110,158,322.816666667
111,158,322.833333333
112,158,322.85
113,158,322.866666667
114,158,322.883333333
115,158,322.9
116,158,322.916666667
117,158,322.933333333
118,158,322.95
119,158,322.966666667
120,158,322.983333333
1,159,323
2,159,323.016666667
3,159,323.033333333
4,159,323.05
5,159,323.066666667
6,159,323.083333333
7,159,323.1
8,159,323.116666667
9,159,323.133333333
10,159,323.15
11,159,323.166666667
12,159,323.183333333
13,159,323.2
14,159,323.216666667
15,159,323.233333333
16,159,323.25
17,159,323.266666667
18,159,323.283333333
19,159,323.3
20,159,323.316666667
21,159,323.333333333
22,159,323.35
23,159,323.366666667
24,159,323.383333333
25,159,323.4
26,159,323.416666667
27,159,323.433333333
28,159,323.45
29,159,323.466666667
30,159,323.483333333
31,159,323.5
32,159,323.516666667
33,159,323.533333333
34,159,323.55
35,159,323.566666667
36,159,323.583333333
37,159,323.6
38,159,323.616666667
39,159,323.633333333
40,159,323.65
41,159,323.666666667
42,159,323.683333333
43,159,323.7
44,159,323.716666667
45,159,323.733333333
46,159,323.75
47,159,323.766666667
48,159,323.783333333
49,159,323.8
50,159,323.816666667
51,159,323.833333333
52,159,323.85
53,159,323.866666667
54,159,323.883333333
55,159,323.9
56,159,323.916666667
57,159,323.933333333
58,159,323.95
59,159,323.966666667
60,159,323.983333333
61,159,324
62,159,324.016666667
63,159,324.033333333
64,159,324.05
65,159,324.066666667
66,159,324.083333333
67,159,324.1
68,159,324.116666667
69,159,324.133333333
70,159,324.15
71,159,324.166666667
72,159,324.183333333
73,159,324.2
74,159,324.216666667
75,159,324.233333333
76,159,324.25
77,159,324.266666667
78,159,324.283333333
79,159,324.3
80,159,324.316666667
81,159,324.333333333
82,159,324.35
83,159,324.366666667
84,159,324.383333333
85,159,324.4
86,159,324.416666667
87,159,324.433333333
88,159,324.45
89,159,324.466666667
90,159,324.483333333
91,159,324.5
92,159,324.516666667
93,159,324.533333333
94,159,324.55
95,159,324.566666667
96,159,324.583333333
97,159,324.6
98,159,324.616666667
99,159,324.633333333
100,159,324.65
101,159,324.666666667
102,159,324.683333333
103,159,324.7
104,159,324.716666667
105,159,324.733333333
106,159,324.75
107,159,324.766666667
108,159,324.783333333
109,159,324.8
110,159,324.816666667
111,159,324.833333333
112,159,324.85
113,159,324.866666667
114,159,324.883333333
115,159,324.9
116,159,324.916666667
117,159,324.933333333
118,159,324.95
119,159,324.966666667
120,159,324.983333333
1,160,325
2,160,325.016666667
3,160,325.033333333
4,160,325.05
5,160,325.066666667
6,160,325.083333333
7,160,325.1
8,160,325.116666667
9,160,325.133333333
10,160,325.15
11,160,325.166666667
12,160,325.183333333
13,160,325.2
14,160,325.216666667
15,160,325.233333333
16,160,325.25
17,160,325.266666667
18,160,325.283333333
19,160,325.3
20,160,325.316666667
21,160,325.333333333
22,160,325.35
23,160,325.366666667
24,160,325.383333333
25,160,325.4
26,160,325.416666667
27,160,325.433333333
28,160,325.45
29,160,325.466666667
30,160,325.483333333
31,160,325.5
32,160,325.516666667
33,160,325.533333333
34,160,325.55
35,160,325.566666667
36,160,325.583333333
37,160,325.6
38,160,325.616666667
39,160,325.633333333
40,160,325.65
41,160,325.666666667
42,160,325.683333333
43,160,325.7
44,160,325.716666667
45,160,325.733333333
46,160,325.75
47,160,325.766666667
48,160,325.783333333
49,160,325.8
50,160,325.816666667
51,160,325.833333333
52,160,325.85
53,160,325.866666667
54,160,325.883333333
55,160,325.9
56,160,325.916666667
57,160,325.933333333
58,160,325.95
59,160,325.966666667
60,160,325.983333333
61,160,326
62,160,326.016666667
63,160,326.033333333
64,160,326.05
65,160,326.066666667
66,160,326.083333333
67,160,326.1
68,160,326.116666667
69,160,326.133333333
70,160,326.15
71,160,326.166666667
72,160,326.183333333
73,160,326.2
74,160,326.216666667
75,160,326.233333333
76,160,326.25
77,160,326.266666667
78,160,326.283333333
79,160,326.3
80,160,326.316666667
81,160,326.333333333
82,160,326.35
83,160,326.366666667
84,160,326.383333333
85,160,326.4
86,160,326.416666667
87,160,326.433333333
88,160,326.45
89,160,326.466666667
90,160,326.483333333
91,160,326.5
92,160,326.516666667
93,160,326.533333333
94,160,326.55
95,160,326.566666667
96,160,326.583333333
97,160,326.6
98,160,326.616666667
99,160,326.633333333
100,160,326.65
101,160,326.666666667
102,160,326.683333333
103,160,326.7
104,160,326.716666667
105,160,326.733333333
106,160,326.75
107,160,326.766666667
108,160,326.783333333
109,160,326.8
110,160,326.816666667
111,160,326.833333333
112,160,326.85
113,160,326.866666667
114,160,326.883333333
115,160,326.9
116,160,326.916666667
117,160,326.933333333
118,160,326.95
119,160,326.966666667
120,160,326.983333333
1,161,327
2,161,327.016666667
3,161,327.033333333
4,161,327.05
5,161,327.066666667
6,161,327.083333333
7,161,327.1
8,161,327.116666667
9,161,327.133333333
10,161,327.15
11,161,327.166666667
12,161,327.183333333
13,161,327.2
14,161,327.216666667
15,161,327.233333333
16,161,327.25
17,161,327.266666667
18,161,327.283333333
19,161,327.3
20,161,327.316666667
21,161,327.333333333
22,161,327.35
23,161,327.366666667
24,161,327.383333333
25,161,327.4
26,161,327.416666667
27,161,327.433333333
28,161,327.45
29,161,327.466666667
30,161,327.483333333
31,161,327.5
32,161,327.516666667
33,161,327.533333333
34,161,327.55
35,161,327.566666667
36,161,327.583333333
37,161,327.6
38,161,327.616666667
39,161,327.633333333
40,161,327.65
41,161,327.666666667
42,161,327.683333333
43,161,327.7
44,161,327.716666667
45,161,327.733333333
46,161,327.75
47,161,327.766666667
48,161,327.783333333
49,161,327.8
50,161,327.816666667
51,161,327.833333333
52,161,327.85
53,161,327.866666667
54,161,327.883333333
55,161,327.9
56,161,327.916666667
57,161,327.933333333
58,161,327.95
59,161,327.966666667
60,161,327.983333333
61,161,328
62,161,328.016666667
63,161,328.033333333
64,161,328.05
65,161,328.066666667
66,161,328.083333333
67,161,328.1
68,161,328.116666667
69,161,328.133333333
70,161,328.15
71,161,328.166666667
72,161,328.183333333
73,161,328.2
74,161,328.216666667
75,161,328.233333333
76,161,328.25
77,161,328.266666667
78,161,328.283333333
79,161,328.3
80,161,328.316666667
81,161,328.333333333
82,161,328.35
83,161,328.366666667
84,161,328.383333333
85,161,328.4
86,161,328.416666667
87,161,328.433333333
88,161,328.45
89,161,328.466666667
90,161,328.483333333
91,161,328.5
92,161,328.516666667
93,161,328.533333333
94,161,328.55
95,161,328.566666667
96,161,328.583333333
97,161,328.6
98,161,328.616666667
99,161,328.633333333
100,161,328.65
101,161,328.666666667
102,161,328.683333333
103,161,328.7
104,161,328.716666667
105,161,328.733333333
106,161,328.75
107,161,328.766666667
108,161,328.783333333
109,161,328.8
110,161,328.816666667
111,161,328.833333333
112,161,328.85
113,161,328.866666667
114,161,328.883333333
115,161,328.9
116,161,328.916666667
117,161,328.933333333
118,161,328.95
119,161,328.966666667
120,161,328.983333333
1,162,329
2,162,329.016666667
3,162,329.033333333
4,162,329.05
5,162,329.066666667
6,162,329.083333333
7,162,329.1
8,162,329.116666667
9,162,329.133333333
10,162,329.15
11,162,329.166666667
12,162,329.183333333
13,162,329.2
14,162,329.216666667
15,162,329.233333333
16,162,329.25
17,162,329.266666667
18,162,329.283333333
19,162,329.3
20,162,329.316666667
21,162,329.333333333
22,162,329.35
23,162,329.366666667
24,162,329.383333333
25,162,329.4
26,162,329.416666667
27,162,329.433333333
28,162,329.45
29,162,329.466666667
30,162,329.483333333
31,162,329.5
32,162,329.516666667
33,162,329.533333333
34,162,329.55
35,162,329.566666667
36,162,329.583333333
37,162,329.6
38,162,329.616666667
39,162,329.633333333
40,162,329.65
41,162,329.666666667
42,162,329.683333333
43,162,329.7
44,162,329.716666667
45,162,329.733333333
46,162,329.75
47,162,329.766666667
48,162,329.783333333
49,162,329.8
50,162,329.816666667
51,162,329.833333333
52,162,329.85
53,162,329.866666667
54,162,329.883333333
55,162,329.9
56,162,329.916666667
57,162,329.933333333
58,162,329.95
59,162,329.966666667
60,162,329.983333333
61,162,330
62,162,330.016666667
63,162,330.033333333
64,162,330.05
65,162,330.066666667
66,162,330.083333333
67,162,330.1
68,162,330.116666667
69,162,330.133333333
70,162,330.15
71,162,330.166666667
72,162,330.183333333
73,162,330.2
74,162,330.216666667
75,162,330.233333333
76,162,330.25
77,162,330.266666667
78,162,330.283333333
79,162,330.3
80,162,330.316666667
81,162,330.333333333
82,162,330.35
83,162,330.366666667
84,162,330.383333333
85,162,330.4
86,162,330.416666667
87,162,330.433333333
88,162,330.45
89,162,330.466666667
90,162,330.483333333
91,162,330.5
92,162,330.516666667
93,162,330.533333333
94,162,330.55
95,162,330.566666667
96,162,330.583333333
97,162,330.6
98,162,330.616666667
99,162,330.633333333
100,162,330.65
101,162,330.666666667
102,162,330.683333333
103,162,330.7
104,162,330.716666667
105,162,330.733333333
106,162,330.75
107,162,330.766666667
108,162,330.783333333
109,162,330.8
110,162,330.816666667
111,162,330.833333333
112,162,330.85
113,162,330.866666667
114,162,330.883333333
115,162,330.9
116,162,330.916666667
117,162,330.933333333
118,162,330.95
119,162,330.966666667
120,162,330.983333333
1,163,331
2,163,331.016666667
3,163,331.033333333
4,163,331.05
5,163,331.066666667
6,163,331.083333333
7,163,331.1
8,163,331.116666667
9,163,331.133333333
10,163,331.15
11,163,331.166666667
12,163,331.183333333
13,163,331.2
14,163,331.216666667
15,163,331.233333333
16,163,331.25
17,163,331.266666667
18,163,331.283333333
19,163,331.3
20,163,331.316666667
21,163,331.333333333
22,163,331.35
23,163,331.366666667
24,163,331.383333333
25,163,331.4
26,163,331.416666667
27,163,331.433333333
28,163,331.45
29,163,331.466666667
30,163,331.483333333
31,163,331.5
32,163,331.516666667
33,163,331.533333333
34,163,331.55
35,163,331.566666667
36,163,331.583333333
37,163,331.6
38,163,331.616666667
39,163,331.633333333
40,163,331.65
41,163,331.666666667
42,163,331.683333333
43,163,331.7
44,163,331.716666667
45,163,331.733333333
46,163,331.75
47,163,331.766666667
48,163,331.783333333
49,163,331.8
50,163,331.816666667
51,163,331.833333333
52,163,331.85
53,163,331.866666667
54,163,331.883333333
55,163,331.9
56,163,331.916666667
57,163,331.933333333
58,163,331.95
59,163,331.966666667
60,163,331.983333333
61,163,332
62,163,332.016666667
63,163,332.033333333
64,163,332.05
65,163,332.066666667
66,163,332.083333333
67,163,332.1
68,163,332.116666667
69,163,332.133333333
70,163,332.15
71,163,332.166666667
72,163,332.183333333
73,163,332.2
74,163,332.216666667
75,163,332.233333333
76,163,332.25
77,163,332.266666667
78,163,332.283333333
79,163,332.3
80,163,332.316666667
81,163,332.333333333
82,163,332.35
83,163,332.366666667
84,163,332.383333333
85,163,332.4
86,163,332.416666667
87,163,332.433333333
88,163,332.45
89,163,332.466666667
90,163,332.483333333
91,163,332.5
92,163,332.516666667
93,163,332.533333333
94,163,332.55
95,163,332.566666667
96,163,332.583333333
97,163,332.6
98,163,332.616666667
99,163,332.633333333
100,163,332.65
101,163,332.666666667
102,163,332.683333333
103,163,332.7
104,163,332.716666667
105,163,332.733333333
106,163,332.75
107,163,332.766666667
108,163,332.783333333
109,163,332.8
110,163,332.816666667
111,163,332.833333333
112,163,332.85
113,163,332.866666667
114,163,332.883333333
115,163,332.9
116,163,332.916666667
117,163,332.933333333
118,163,332.95
119,163,332.966666667
120,163,332.983333333
1,164,333
2,164,333.016666667
3,164,333.033333333
4,164,333.05
5,164,333.066666667
6,164,333.083333333
7,164,333.1
8,164,333.116666667
9,164,333.133333333
10,164,333.15
11,164,333.166666667
12,164,333.183333333
13,164,333.2
14,164,333.216666667
15,164,333.233333333
16,164,333.25
17,164,333.266666667
18,164,333.283333333
19,164,333.3
20,164,333.316666667
21,164,333.333333333
22,164,333.35
23,164,333.366666667
24,164,333.383333333
25,164,333.4
26,164,333.416666667
27,164,333.433333333
28,164,333.45
29,164,333.466666667
30,164,333.483333333
31,164,333.5
32,164,333.516666667
33,164,333.533333333
34,164,333.55
35,164,333.566666667
36,164,333.583333333
37,164,333.6
38,164,333.616666667
39,164,333.633333333
40,164,333.65
41,164,333.666666667
42,164,333.683333333
43,164,333.7
44,164,333.716666667
45,164,333.733333333
46,164,333.75
47,164,333.766666667
48,164,333.783333333
49,164,333.8
50,164,333.816666667
51,164,333.833333333
52,164,333.85
53,164,333.866666667
54,164,333.883333333
55,164,333.9
56,164,333.916666667
57,164,333.933333333
58,164,333.95
59,164,333.966666667
60,164,333.983333333
61,164,334
62,164,334.016666667
63,164,334.033333333
64,164,334.05
65,164,334.066666667
66,164,334.083333333
67,164,334.1
68,164,334.116666667
69,164,334.133333333
70,164,334.15
71,164,334.166666667
72,164,334.183333333
73,164,334.2
74,164,334.216666667
75,164,334.233333333
76,164,334.25
77,164,334.266666667
78,164,334.283333333
79,164,334.3
80,164,334.316666667
81,164,334.333333333
82,164,334.35
83,164,334.366666667
84,164,334.383333333
85,164,334.4
86,164,334.416666667
87,164,334.433333333
88,164,334.45
89,164,334.466666667
90,164,334.483333333
91,164,334.5
92,164,334.516666667
93,164,334.533333333
94,164,334.55
95,164,334.566666667
96,164,334.583333333
97,164,334.6
98,164,334.616666667
99,164,334.633333333
100,164,334.65
101,164,334.666666667
102,164,334.683333333
103,164,334.7
104,164,334.716666667
105,164,334.733333333
106,164,334.75
107,164,334.766666667
108,164,334.783333333
109,164,334.8
110,164,334.816666667
111,164,334.833333333
112,164,334.85
113,164,334.866666667
114,164,334.883333333
115,164,334.9
116,164,334.916666667
117,164,334.933333333
118,164,334.95
119,164,334.966666667
120,164,334.983333333
1,165,335
2,165,335.016666667
3,165,335.033333333
4,165,335.05
5,165,335.066666667
6,165,335.083333333
7,165,335.1
8,165,335.116666667
9,165,335.133333333
10,165,335.15
11,165,335.166666667
12,165,335.183333333
13,165,335.2
14,165,335.216666667
15,165,335.233333333
16,165,335.25
17,165,335.266666667
18,165,335.283333333
19,165,335.3
20,165,335.316666667
21,165,335.333333333
22,165,335.35
23,165,335.366666667
24,165,335.383333333
25,165,335.4
26,165,335.416666667
27,165,335.433333333
28,165,335.45
29,165,335.466666667
30,165,335.483333333
31,165,335.5
32,165,335.516666667
33,165,335.533333333
34,165,335.55
35,165,335.566666667
36,165,335.583333333
37,165,335.6
38,165,335.616666667
39,165,335.633333333
40,165,335.65
41,165,335.666666667
42,165,335.683333333
43,165,335.7
44,165,335.716666667
45,165,335.733333333
46,165,335.75
47,165,335.766666667
48,165,335.783333333
49,165,335.8
50,165,335.816666667
51,165,335.833333333
52,165,335.85
53,165,335.866666667
54,165,335.883333333
55,165,335.9
56,165,335.916666667
57,165,335.933333333
58,165,335.95
59,165,335.966666667
60,165,335.983333333
61,165,336
62,165,336.016666667
63,165,336.033333333
64,165,336.05
65,165,336.066666667
66,165,336.083333333
67,165,336.1
68,165,336.116666667
69,165,336.133333333
70,165,336.15
71,165,336.166666667
72,165,336.183333333
73,165,336.2
74,165,336.216666667
75,165,336.233333333
76,165,336.25
77,165,336.266666667
78,165,336.283333333
79,165,336.3
80,165,336.316666667
81,165,336.333333333
82,165,336.35
83,165,336.366666667
84,165,336.383333333
85,165,336.4
86,165,336.416666667
87,165,336.433333333
88,165,336.45
89,165,336.466666667
90,165,336.483333333
91,165,336.5
92,165,336.516666667
93,165,336.533333333
94,165,336.55
95,165,336.566666667
96,165,336.583333333
97,165,336.6
98,165,336.616666667
99,165,336.633333333
100,165,336.65
101,165,336.666666667
102,165,336.683333333
103,165,336.7
104,165,336.716666667
105,165,336.733333333
106,165,336.75
107,165,336.766666667
108,165,336.783333333
109,165,336.8
110,165,336.816666667
111,165,336.833333333
112,165,336.85
113,165,336.866666667
114,165,336.883333333
115,165,336.9
116,165,336.916666667
117,165,336.933333333
118,165,336.95
119,165,336.966666667
120,165,336.983333333
1,166,337
2,166,337.016666667
3,166,337.033333333
4,166,337.05
5,166,337.066666667
6,166,337.083333333
7,166,337.1
8,166,337.116666667
9,166,337.133333333
10,166,337.15
11,166,337.166666667
12,166,337.183333333
13,166,337.2
14,166,337.216666667
15,166,337.233333333
16,166,337.25
17,166,337.266666667
18,166,337.283333333
19,166,337.3
20,166,337.316666667
21,166,337.333333333
22,166,337.35
23,166,337.366666667
24,166,337.383333333
25,166,337.4
26,166,337.416666667
27,166,337.433333333
28,166,337.45
29,166,337.466666667
30,166,337.483333333
31,166,337.5
32,166,337.516666667
33,166,337.533333333
34,166,337.55
35,166,337.566666667
36,166,337.583333333
37,166,337.6
38,166,337.616666667
39,166,337.633333333
40,166,337.65
41,166,337.666666667
42,166,337.683333333
43,166,337.7
44,166,337.716666667
45,166,337.733333333
46,166,337.75
47,166,337.766666667
48,166,337.783333333
49,166,337.8
50,166,337.816666667
51,166,337.833333333
52,166,337.85
53,166,337.866666667
54,166,337.883333333
55,166,337.9
56,166,337.916666667
57,166,337.933333333
58,166,337.95
59,166,337.966666667
60,166,337.983333333
61,166,338
62,166,338.016666667
63,166,338.033333333
64,166,338.05
65,166,338.066666667
66,166,338.083333333
67,166,338.1
68,166,338.116666667
69,166,338.133333333
70,166,338.15
71,166,338.166666667
72,166,338.183333333
73,166,338.2
74,166,338.216666667
75,166,338.233333333
76,166,338.25
77,166,338.266666667
78,166,338.283333333
79,166,338.3
80,166,338.316666667
81,166,338.333333333
82,166,338.35
83,166,338.366666667
84,166,338.383333333
85,166,338.4
86,166,338.416666667
87,166,338.433333333
88,166,338.45
89,166,338.466666667
90,166,338.483333333
91,166,338.5
92,166,338.516666667
93,166,338.533333333
94,166,338.55
95,166,338.566666667
96,166,338.583333333
97,166,338.6
98,166,338.616666667
99,166,338.633333333
100,166,338.65
101,166,338.666666667
102,166,338.683333333
103,166,338.7
104,166,338.716666667
105,166,338.733333333
106,166,338.75
107,166,338.766666667
108,166,338.783333333
109,166,338.8
110,166,338.816666667
111,166,338.833333333
112,166,338.85
113,166,338.866666667
114,166,338.883333333
115,166,338.9
116,166,338.916666667
117,166,338.933333333
118,166,338.95
119,166,338.966666667
120,166,338.983333333
1,167,339
2,167,339.016666667
3,167,339.033333333
4,167,339.05
5,167,339.066666667
6,167,339.083333333
7,167,339.1
8,167,339.116666667
9,167,339.133333333
10,167,339.15
11,167,339.166666667
12,167,339.183333333
13,167,339.2
14,167,339.216666667
15,167,339.233333333
16,167,339.25
17,167,339.266666667
18,167,339.283333333
19,167,339.3
20,167,339.316666667
21,167,339.333333333
22,167,339.35
23,167,339.366666667
24,167,339.383333333
25,167,339.4
26,167,339.416666667
27,167,339.433333333
28,167,339.45
29,167,339.466666667
30,167,339.483333333
31,167,339.5
32,167,339.516666667
33,167,339.533333333
34,167,339.55
35,167,339.566666667
36,167,339.583333333
37,167,339.6
38,167,339.616666667
39,167,339.633333333
40,167,339.65
41,167,339.666666667
42,167,339.683333333
43,167,339.7
44,167,339.716666667
45,167,339.733333333
46,167,339.75
47,167,339.766666667
48,167,339.783333333
49,167,339.8
50,167,339.816666667
51,167,339.833333333
52,167,339.85
53,167,339.866666667
54,167,339.883333333
55,167,339.9
56,167,339.916666667
57,167,339.933333333
58,167,339.95
59,167,339.966666667
60,167,339.983333333
61,167,340
62,167,340.016666667
63,167,340.033333333
64,167,340.05
65,167,340.066666667
66,167,340.083333333
67,167,340.1
68,167,340.116666667
69,167,340.133333333
70,167,340.15
71,167,340.166666667
72,167,340.183333333
73,167,340.2
74,167,340.216666667
75,167,340.233333333
76,167,340.25
77,167,340.266666667
78,167,340.283333333
79,167,340.3
80,167,340.316666667
81,167,340.333333333
82,167,340.35
83,167,340.366666667
84,167,340.383333333
85,167,340.4
86,167,340.416666667
87,167,340.433333333
88,167,340.45
89,167,340.466666667
90,167,340.483333333
91,167,340.5
92,167,340.516666667
93,167,340.533333333
94,167,340.55
95,167,340.566666667
96,167,340.583333333
97,167,340.6
98,167,340.616666667
99,167,340.633333333
100,167,340.65
101,167,340.666666667
102,167,340.683333333
103,167,340.7
104,167,340.716666667
105,167,340.733333333
106,167,340.75
107,167,340.766666667
108,167,340.783333333
109,167,340.8
110,167,340.816666667
111,167,340.833333333
112,167,340.85
113,167,340.866666667
114,167,340.883333333
115,167,340.9
116,167,340.916666667
117,167,340.933333333
118,167,340.95
119,167,340.966666667
120,167,340.983333333
1,168,341
2,168,341.016666667
3,168,341.033333333
4,168,341.05
5,168,341.066666667
6,168,341.083333333
7,168,341.1
8,168,341.116666667
9,168,341.133333333
10,168,341.15
11,168,341.166666667
12,168,341.183333333
13,168,341.2
14,168,341.216666667
15,168,341.233333333
16,168,341.25
17,168,341.266666667
18,168,341.283333333
19,168,341.3
20,168,341.316666667
21,168,341.333333333
22,168,341.35
23,168,341.366666667
24,168,341.383333333
25,168,341.4
26,168,341.416666667
27,168,341.433333333
28,168,341.45
29,168,341.466666667
30,168,341.483333333
31,168,341.5
32,168,341.516666667
33,168,341.533333333
34,168,341.55
35,168,341.566666667
36,168,341.583333333
37,168,341.6
38,168,341.616666667
39,168,341.633333333
40,168,341.65
41,168,341.666666667
42,168,341.683333333
43,168,341.7
44,168,341.716666667
45,168,341.733333333
46,168,341.75
47,168,341.766666667
48,168,341.783333333
49,168,341.8
50,168,341.816666667
51,168,341.833333333
52,168,341.85
53,168,341.866666667
54,168,341.883333333
55,168,341.9
56,168,341.916666667
57,168,341.933333333
58,168,341.95
59,168,341.966666667
60,168,341.983333333
61,168,342
62,168,342.016666667
63,168,342.033333333
64,168,342.05
65,168,342.066666667
66,168,342.083333333
67,168,342.1
68,168,342.116666667
69,168,342.133333333
70,168,342.15
71,168,342.166666667
72,168,342.183333333
73,168,342.2
74,168,342.216666667
75,168,342.233333333
76,168,342.25
77,168,342.266666667
78,168,342.283333333
79,168,342.3
80,168,342.316666667
81,168,342.333333333
82,168,342.35
83,168,342.366666667
84,168,342.383333333
85,168,342.4
86,168,342.416666667
87,168,342.433333333
88,168,342.45
89,168,342.466666667
90,168,342.483333333
91,168,342.5
92,168,342.516666667
93,168,342.533333333
94,168,342.55
95,168,342.566666667
96,168,342.583333333
97,168,342.6
98,168,342.616666667
99,168,342.633333333
100,168,342.65
101,168,342.666666667
102,168,342.683333333
103,168,342.7
104,168,342.716666667
105,168,342.733333333
106,168,342.75
107,168,342.766666667
108,168,342.783333333
109,168,342.8
110,168,342.816666667
111,168,342.833333333
112,168,342.85
113,168,342.866666667
114,168,342.883333333
115,168,342.9
116,168,342.916666667
117,168,342.933333333
118,168,342.95
119,168,342.966666667
120,168,342.983333333
1,169,343
2,169,343.016666667
3,169,343.033333333
4,169,343.05
5,169,343.066666667
6,169,343.083333333
7,169,343.1
8,169,343.116666667
9,169,343.133333333
10,169,343.15
11,169,343.166666667
12,169,343.183333333
13,169,343.2
14,169,343.216666667
15,169,343.233333333
16,169,343.25
17,169,343.266666667
18,169,343.283333333
19,169,343.3
20,169,343.316666667
21,169,343.333333333
22,169,343.35
23,169,343.366666667
24,169,343.383333333
25,169,343.4
26,169,343.416666667
27,169,343.433333333
28,169,343.45
29,169,343.466666667
30,169,343.483333333
31,169,343.5
32,169,343.516666667
33,169,343.533333333
34,169,343.55
35,169,343.566666667
36,169,343.583333333
37,169,343.6
38,169,343.616666667
39,169,343.633333333
40,169,343.65
41,169,343.666666667
42,169,343.683333333
43,169,343.7
44,169,343.716666667
45,169,343.733333333
46,169,343.75
47,169,343.766666667
48,169,343.783333333
49,169,343.8
50,169,343.816666667
51,169,343.833333333
52,169,343.85
53,169,343.866666667
54,169,343.883333333
55,169,343.9
56,169,343.916666667
57,169,343.933333333
58,169,343.95
59,169,343.966666667
60,169,343.983333333
61,169,344
62,169,344.016666667
63,169,344.033333333
64,169,344.05
65,169,344.066666667
66,169,344.083333333
67,169,344.1
68,169,344.116666667
69,169,344.133333333
70,169,344.15
71,169,344.166666667
72,169,344.183333333
73,169,344.2
74,169,344.216666667
75,169,344.233333333
76,169,344.25
77,169,344.266666667
78,169,344.283333333
79,169,344.3
80,169,344.316666667
81,169,344.333333333
82,169,344.35
83,169,344.366666667
84,169,344.383333333
85,169,344.4
86,169,344.416666667
87,169,344.433333333
88,169,344.45
89,169,344.466666667
90,169,344.483333333
91,169,344.5
92,169,344.516666667
93,169,344.533333333
94,169,344.55
95,169,344.566666667
96,169,344.583333333
97,169,344.6
98,169,344.616666667
99,169,344.633333333
100,169,344.65
101,169,344.666666667
102,169,344.683333333
103,169,344.7
104,169,344.716666667
105,169,344.733333333
106,169,344.75
107,169,344.766666667
108,169,344.783333333
109,169,344.8
110,169,344.816666667
111,169,344.833333333
112,169,344.85
113,169,344.866666667
114,169,344.883333333
115,169,344.9
116,169,344.916666667
117,169,344.933333333
118,169,344.95
119,169,344.966666667
120,169,344.983333333
1,170,345
2,170,345.016666667
3,170,345.033333333
4,170,345.05
5,170,345.066666667
6,170,345.083333333
7,170,345.1
8,170,345.116666667
9,170,345.133333333
10,170,345.15
11,170,345.166666667
12,170,345.183333333
13,170,345.2
14,170,345.216666667
15,170,345.233333333
16,170,345.25
17,170,345.266666667
18,170,345.283333333
19,170,345.3
20,170,345.316666667
21,170,345.333333333
22,170,345.35
23,170,345.366666667
24,170,345.383333333
25,170,345.4
26,170,345.416666667
27,170,345.433333333
28,170,345.45
29,170,345.466666667
30,170,345.483333333
31,170,345.5
32,170,345.516666667
33,170,345.533333333
34,170,345.55
35,170,345.566666667
36,170,345.583333333
37,170,345.6
38,170,345.616666667
39,170,345.633333333
40,170,345.65
41,170,345.666666667
42,170,345.683333333
43,170,345.7
44,170,345.716666667
45,170,345.733333333
46,170,345.75
47,170,345.766666667
48,170,345.783333333
49,170,345.8
50,170,345.816666667
51,170,345.833333333
52,170,345.85
53,170,345.866666667
54,170,345.883333333
55,170,345.9
56,170,345.916666667
57,170,345.933333333
58,170,345.95
59,170,345.966666667
60,170,345.983333333
61,170,346
62,170,346.016666667
63,170,346.033333333
64,170,346.05
65,170,346.066666667
66,170,346.083333333
67,170,346.1
68,170,346.116666667
69,170,346.133333333
70,170,346.15
71,170,346.166666667
72,170,346.183333333
73,170,346.2
74,170,346.216666667
75,170,346.233333333
76,170,346.25
77,170,346.266666667
78,170,346.283333333
79,170,346.3
80,170,346.316666667
81,170,346.333333333
82,170,346.35
83,170,346.366666667
84,170,346.383333333
85,170,346.4
86,170,346.416666667
87,170,346.433333333
88,170,346.45
89,170,346.466666667
90,170,346.483333333
91,170,346.5
92,170,346.516666667
93,170,346.533333333
94,170,346.55
95,170,346.566666667
96,170,346.583333333
97,170,346.6
98,170,346.616666667
99,170,346.633333333
100,170,346.65
101,170,346.666666667
102,170,346.683333333
103,170,346.7
104,170,346.716666667
105,170,346.733333333
106,170,346.75
107,170,346.766666667
108,170,346.783333333
109,170,346.8
110,170,346.816666667
111,170,346.833333333
112,170,346.85
113,170,346.866666667
114,170,346.883333333
115,170,346.9
116,170,346.916666667
117,170,346.933333333
118,170,346.95
119,170,346.966666667
120,170,346.983333333
1,171,347
2,171,347.016666667
3,171,347.033333333
4,171,347.05
5,171,347.066666667
6,171,347.083333333
7,171,347.1
8,171,347.116666667
9,171,347.133333333
10,171,347.15
11,171,347.166666667
12,171,347.183333333
13,171,347.2
14,171,347.216666667
15,171,347.233333333
16,171,347.25
17,171,347.266666667
18,171,347.283333333
19,171,347.3
20,171,347.316666667
21,171,347.333333333
22,171,347.35
23,171,347.366666667
24,171,347.383333333
25,171,347.4
26,171,347.416666667
27,171,347.433333333
28,171,347.45
29,171,347.466666667
30,171,347.483333333
31,171,347.5
32,171,347.516666667
33,171,347.533333333
34,171,347.55
35,171,347.566666667
36,171,347.583333333
37,171,347.6
38,171,347.616666667
39,171,347.633333333
40,171,347.65
41,171,347.666666667
42,171,347.683333333
43,171,347.7
44,171,347.716666667
45,171,347.733333333
46,171,347.75
47,171,347.766666667
48,171,347.783333333
49,171,347.8
50,171,347.816666667
51,171,347.833333333
52,171,347.85
53,171,347.866666667
54,171,347.883333333
55,171,347.9
56,171,347.916666667
57,171,347.933333333
58,171,347.95
59,171,347.966666667
60,171,347.983333333
61,171,348
62,171,348.016666667
63,171,348.033333333
64,171,348.05
65,171,348.066666667
66,171,348.083333333
67,171,348.1
68,171,348.116666667
69,171,348.133333333
70,171,348.15
71,171,348.166666667
72,171,348.183333333
73,171,348.2
74,171,348.216666667
75,171,348.233333333
76,171,348.25
77,171,348.266666667
78,171,348.283333333
79,171,348.3
80,171,348.316666667
81,171,348.333333333
82,171,348.35
83,171,348.366666667
84,171,348.383333333
85,171,348.4
86,171,348.416666667
87,171,348.433333333
88,171,348.45
89,171,348.466666667
90,171,348.483333333
91,171,348.5
92,171,348.516666667
93,171,348.533333333
94,171,348.55
95,171,348.566666667
96,171,348.583333333
97,171,348.6
98,171,348.616666667
99,171,348.633333333
100,171,348.65
101,171,348.666666667
102,171,348.683333333
103,171,348.7
104,171,348.716666667
105,171,348.733333333
106,171,348.75
107,171,348.766666667
108,171,348.783333333
109,171,348.8
110,171,348.816666667
111,171,348.833333333
112,171,348.85
113,171,348.866666667
114,171,348.883333333
115,171,348.9
116,171,348.916666667
117,171,348.933333333
118,171,348.95
119,171,348.966666667
120,171,348.983333333
1,172,349
2,172,349.016666667
3,172,349.033333333
4,172,349.05
5,172,349.066666667
6,172,349.083333333
7,172,349.1
8,172,349.116666667
9,172,349.133333333
10,172,349.15
11,172,349.166666667
12,172,349.183333333
13,172,349.2
14,172,349.216666667
15,172,349.233333333
16,172,349.25
17,172,349.266666667
18,172,349.283333333
19,172,349.3
20,172,349.316666667
21,172,349.333333333
22,172,349.35
23,172,349.366666667
24,172,349.383333333
25,172,349.4
26,172,349.416666667
27,172,349.433333333
28,172,349.45
29,172,349.466666667
30,172,349.483333333
31,172,349.5
32,172,349.516666667
33,172,349.533333333
34,172,349.55
35,172,349.566666667
36,172,349.583333333
37,172,349.6
38,172,349.616666667
39,172,349.633333333
40,172,349.65
41,172,349.666666667
42,172,349.683333333
43,172,349.7
44,172,349.716666667
45,172,349.733333333
46,172,349.75
47,172,349.766666667
48,172,349.783333333
49,172,349.8
50,172,349.816666667
51,172,349.833333333
52,172,349.85
53,172,349.866666667
54,172,349.883333333
55,172,349.9
56,172,349.916666667
57,172,349.933333333
58,172,349.95
59,172,349.966666667
60,172,349.983333333
61,172,350
62,172,350.016666667
63,172,350.033333333
64,172,350.05
65,172,350.066666667
66,172,350.083333333
67,172,350.1
68,172,350.116666667
69,172,350.133333333
70,172,350.15
71,172,350.166666667
72,172,350.183333333
73,172,350.2
74,172,350.216666667
75,172,350.233333333
76,172,350.25
77,172,350.266666667
78,172,350.283333333
79,172,350.3
80,172,350.316666667
81,172,350.333333333
82,172,350.35
83,172,350.366666667
84,172,350.383333333
85,172,350.4
86,172,350.416666667
87,172,350.433333333
88,172,350.45
89,172,350.466666667
90,172,350.483333333
91,172,350.5
92,172,350.516666667
93,172,350.533333333
94,172,350.55
95,172,350.566666667
96,172,350.583333333
97,172,350.6
98,172,350.616666667
99,172,350.633333333
100,172,350.65
101,172,350.666666667
102,172,350.683333333
103,172,350.7
104,172,350.716666667
105,172,350.733333333
106,172,350.75
107,172,350.766666667
108,172,350.783333333
109,172,350.8
110,172,350.816666667
111,172,350.833333333
112,172,350.85
113,172,350.866666667
114,172,350.883333333
115,172,350.9
116,172,350.916666667
117,172,350.933333333
118,172,350.95
119,172,350.966666667
120,172,350.983333333
1,173,351
2,173,351.016666667
3,173,351.033333333
4,173,351.05
5,173,351.066666667
6,173,351.083333333
7,173,351.1
8,173,351.116666667
9,173,351.133333333
10,173,351.15
11,173,351.166666667
12,173,351.183333333
13,173,351.2
14,173,351.216666667
15,173,351.233333333
16,173,351.25
17,173,351.266666667
18,173,351.283333333
19,173,351.3
20,173,351.316666667
21,173,351.333333333
22,173,351.35
23,173,351.366666667
24,173,351.383333333
25,173,351.4
26,173,351.416666667
27,173,351.433333333
28,173,351.45
29,173,351.466666667
30,173,351.483333333
31,173,351.5
32,173,351.516666667
33,173,351.533333333
34,173,351.55
35,173,351.566666667
36,173,351.583333333
37,173,351.6
38,173,351.616666667
39,173,351.633333333
40,173,351.65
41,173,351.666666667
42,173,351.683333333
43,173,351.7
44,173,351.716666667
45,173,351.733333333
46,173,351.75
47,173,351.766666667
48,173,351.783333333
49,173,351.8
50,173,351.816666667
51,173,351.833333333
52,173,351.85
53,173,351.866666667
54,173,351.883333333
55,173,351.9
56,173,351.916666667
57,173,351.933333333
58,173,351.95
59,173,351.966666667
60,173,351.983333333
61,173,352
62,173,352.016666667
63,173,352.033333333
64,173,352.05
65,173,352.066666667
66,173,352.083333333
67,173,352.1
68,173,352.116666667
69,173,352.133333333
70,173,352.15
71,173,352.166666667
72,173,352.183333333
73,173,352.2
74,173,352.216666667
75,173,352.233333333
76,173,352.25
77,173,352.266666667
78,173,352.283333333
79,173,352.3
80,173,352.316666667
81,173,352.333333333
82,173,352.35
83,173,352.366666667
84,173,352.383333333
85,173,352.4
86,173,352.416666667
87,173,352.433333333
88,173,352.45
89,173,352.466666667
90,173,352.483333333
91,173,352.5
92,173,352.516666667
93,173,352.533333333
94,173,352.55
95,173,352.566666667
96,173,352.583333333
97,173,352.6
98,173,352.616666667
99,173,352.633333333
100,173,352.65
101,173,352.666666667
102,173,352.683333333
103,173,352.7
104,173,352.716666667
105,173,352.733333333
106,173,352.75
107,173,352.766666667
108,173,352.783333333
109,173,352.8
110,173,352.816666667
111,173,352.833333333
112,173,352.85
113,173,352.866666667
114,173,352.883333333
115,173,352.9
116,173,352.916666667
117,173,352.933333333
118,173,352.95
119,173,352.966666667
120,173,352.983333333
1,174,353
2,174,353.016666667
3,174,353.033333333
4,174,353.05
5,174,353.066666667
6,174,353.083333333
7,174,353.1
8,174,353.116666667
9,174,353.133333333
10,174,353.15
11,174,353.166666667
12,174,353.183333333
13,174,353.2
14,174,353.216666667
15,174,353.233333333
16,174,353.25
17,174,353.266666667
18,174,353.283333333
19,174,353.3
20,174,353.316666667
21,174,353.333333333
22,174,353.35
23,174,353.366666667
24,174,353.383333333
25,174,353.4
26,174,353.416666667
27,174,353.433333333
28,174,353.45
29,174,353.466666667
30,174,353.483333333
31,174,353.5
32,174,353.516666667
33,174,353.533333333
34,174,353.55
35,174,353.566666667
36,174,353.583333333
37,174,353.6
38,174,353.616666667
39,174,353.633333333
40,174,353.65
41,174,353.666666667
42,174,353.683333333
43,174,353.7
44,174,353.716666667
45,174,353.733333333
46,174,353.75
47,174,353.766666667
48,174,353.783333333
49,174,353.8
50,174,353.816666667
51,174,353.833333333
52,174,353.85
53,174,353.866666667
54,174,353.883333333
55,174,353.9
56,174,353.916666667
57,174,353.933333333
58,174,353.95
59,174,353.966666667
60,174,353.983333333
61,174,354
62,174,354.016666667
63,174,354.033333333
64,174,354.05
65,174,354.066666667
66,174,354.083333333
67,174,354.1
68,174,354.116666667
69,174,354.133333333
70,174,354.15
71,174,354.166666667
72,174,354.183333333
73,174,354.2
74,174,354.216666667
75,174,354.233333333
76,174,354.25
77,174,354.266666667
78,174,354.283333333
79,174,354.3
80,174,354.316666667
81,174,354.333333333
82,174,354.35
83,174,354.366666667
84,174,354.383333333
85,174,354.4
86,174,354.416666667
87,174,354.433333333
88,174,354.45
89,174,354.466666667
90,174,354.483333333
91,174,354.5
92,174,354.516666667
93,174,354.533333333
94,174,354.55
95,174,354.566666667
96,174,354.583333333
97,174,354.6
98,174,354.616666667
99,174,354.633333333
100,174,354.65
101,174,354.666666667
102,174,354.683333333
103,174,354.7
104,174,354.716666667
105,174,354.733333333
106,174,354.75
107,174,354.766666667
108,174,354.783333333
109,174,354.8
110,174,354.816666667
111,174,354.833333333
112,174,354.85
113,174,354.866666667
114,174,354.883333333
115,174,354.9
116,174,354.916666667
117,174,354.933333333
118,174,354.95
119,174,354.966666667
120,174,354.983333333
1,175,355
2,175,355.016666667
3,175,355.033333333
4,175,355.05
5,175,355.066666667
6,175,355.083333333
7,175,355.1
8,175,355.116666667
9,175,355.133333333
10,175,355.15
11,175,355.166666667
12,175,355.183333333
13,175,355.2
14,175,355.216666667
15,175,355.233333333
16,175,355.25
17,175,355.266666667
18,175,355.283333333
19,175,355.3
20,175,355.316666667
21,175,355.333333333
22,175,355.35
23,175,355.366666667
24,175,355.383333333
25,175,355.4
26,175,355.416666667
27,175,355.433333333
28,175,355.45
29,175,355.466666667
30,175,355.483333333
31,175,355.5
32,175,355.516666667
33,175,355.533333333
34,175,355.55
35,175,355.566666667
36,175,355.583333333
37,175,355.6
38,175,355.616666667
39,175,355.633333333
40,175,355.65
41,175,355.666666667
42,175,355.683333333
43,175,355.7
44,175,355.716666667
45,175,355.733333333
46,175,355.75
47,175,355.766666667
48,175,355.783333333
49,175,355.8
50,175,355.816666667
51,175,355.833333333
52,175,355.85
53,175,355.866666667
54,175,355.883333333
55,175,355.9
56,175,355.916666667
57,175,355.933333333
58,175,355.95
59,175,355.966666667
60,175,355.983333333
61,175,356
62,175,356.016666667
63,175,356.033333333
64,175,356.05
65,175,356.066666667
66,175,356.083333333
67,175,356.1
68,175,356.116666667
69,175,356.133333333
70,175,356.15
71,175,356.166666667
72,175,356.183333333
73,175,356.2
74,175,356.216666667
75,175,356.233333333
76,175,356.25
77,175,356.266666667
78,175,356.283333333
79,175,356.3
80,175,356.316666667
81,175,356.333333333
82,175,356.35
83,175,356.366666667
84,175,356.383333333
85,175,356.4
86,175,356.416666667
87,175,356.433333333
88,175,356.45
89,175,356.466666667
90,175,356.483333333
91,175,356.5
92,175,356.516666667
93,175,356.533333333
94,175,356.55
95,175,356.566666667
96,175,356.583333333
97,175,356.6
98,175,356.616666667
99,175,356.633333333
100,175,356.65
101,175,356.666666667
102,175,356.683333333
103,175,356.7
104,175,356.716666667
105,175,356.733333333
106,175,356.75
107,175,356.766666667
108,175,356.783333333
109,175,356.8
110,175,356.816666667
111,175,356.833333333
112,175,356.85
113,175,356.866666667
114,175,356.883333333
115,175,356.9
116,175,356.916666667
117,175,356.933333333
118,175,356.95
119,175,356.966666667
120,175,356.983333333
1,176,357
2,176,357.016666667
3,176,357.033333333
4,176,357.05
5,176,357.066666667
6,176,357.083333333
7,176,357.1
8,176,357.116666667
9,176,357.133333333
10,176,357.15
11,176,357.166666667
12,176,357.183333333
13,176,357.2
14,176,357.216666667
15,176,357.233333333
16,176,357.25
17,176,357.266666667
18,176,357.283333333
19,176,357.3
20,176,357.316666667
21,176,357.333333333
22,176,357.35
23,176,357.366666667
24,176,357.383333333
25,176,357.4
26,176,357.416666667
27,176,357.433333333
28,176,357.45
29,176,357.466666667
30,176,357.483333333
31,176,357.5
32,176,357.516666667
33,176,357.533333333
34,176,357.55
35,176,357.566666667
36,176,357.583333333
37,176,357.6
38,176,357.616666667
39,176,357.633333333
40,176,357.65
41,176,357.666666667
42,176,357.683333333
43,176,357.7
44,176,357.716666667
45,176,357.733333333
46,176,357.75
47,176,357.766666667
48,176,357.783333333
49,176,357.8
50,176,357.816666667
51,176,357.833333333
52,176,357.85
53,176,357.866666667
54,176,357.883333333
55,176,357.9
56,176,357.916666667
57,176,357.933333333
58,176,357.95
59,176,357.966666667
60,176,357.983333333
61,176,358
62,176,358.016666667
63,176,358.033333333
64,176,358.05
65,176,358.066666667
66,176,358.083333333
67,176,358.1
68,176,358.116666667
69,176,358.133333333
70,176,358.15
71,176,358.166666667
72,176,358.183333333
73,176,358.2
74,176,358.216666667
75,176,358.233333333
76,176,358.25
77,176,358.266666667
78,176,358.283333333
79,176,358.3
80,176,358.316666667
81,176,358.333333333
82,176,358.35
83,176,358.366666667
84,176,358.383333333
85,176,358.4
86,176,358.416666667
87,176,358.433333333
88,176,358.45
89,176,358.466666667
90,176,358.483333333
91,176,358.5
92,176,358.516666667
93,176,358.533333333
94,176,358.55
95,176,358.566666667
96,176,358.583333333
97,176,358.6
98,176,358.616666667
99,176,358.633333333
100,176,358.65
101,176,358.666666667
102,176,358.683333333
103,176,358.7
104,176,358.716666667
105,176,358.733333333
106,176,358.75
107,176,358.766666667
108,176,358.783333333
109,176,358.8
110,176,358.816666667
111,176,358.833333333
112,176,358.85
113,176,358.866666667
114,176,358.883333333
115,176,358.9
116,176,358.916666667
117,176,358.933333333
118,176,358.95
119,176,358.966666667
120,176,358.983333333
1,177,359
2,177,359.016666667
3,177,359.033333333
4,177,359.05
5,177,359.066666667
6,177,359.083333333
7,177,359.1
8,177,359.116666667
9,177,359.133333333
10,177,359.15
11,177,359.166666667
12,177,359.183333333
13,177,359.2
14,177,359.216666667
15,177,359.233333333
16,177,359.25
17,177,359.266666667
18,177,359.283333333
19,177,359.3
20,177,359.316666667
21,177,359.333333333
22,177,359.35
23,177,359.366666667
24,177,359.383333333
25,177,359.4
26,177,359.416666667
27,177,359.433333333
28,177,359.45
29,177,359.466666667
30,177,359.483333333
31,177,359.5
32,177,359.516666667
33,177,359.533333333
34,177,359.55
35,177,359.566666667
36,177,359.583333333
37,177,359.6
38,177,359.616666667
39,177,359.633333333
40,177,359.65
41,177,359.666666667
42,177,359.683333333
43,177,359.7
44,177,359.716666667
45,177,359.733333333
46,177,359.75
47,177,359.766666667
48,177,359.783333333
49,177,359.8
50,177,359.816666667
51,177,359.833333333
52,177,359.85
53,177,359.866666667
54,177,359.883333333
55,177,359.9
56,177,359.916666667
57,177,359.933333333
58,177,359.95
59,177,359.966666667
60,177,359.983333333
61,177,360
62,177,360.016666667
63,177,360.033333333
64,177,360.05
65,177,360.066666667
66,177,360.083333333
67,177,360.1
68,177,360.116666667
69,177,360.133333333
70,177,360.15
71,177,360.166666667
72,177,360.183333333
73,177,360.2
74,177,360.216666667
75,177,360.233333333
76,177,360.25
77,177,360.266666667
78,177,360.283333333
79,177,360.3
80,177,360.316666667
81,177,360.333333333
82,177,360.35
83,177,360.366666667
84,177,360.383333333
85,177,360.4
86,177,360.416666667
87,177,360.433333333
88,177,360.45
89,177,360.466666667
90,177,360.483333333
91,177,360.5
92,177,360.516666667
93,177,360.533333333
94,177,360.55
95,177,360.566666667
96,177,360.583333333
97,177,360.6
98,177,360.616666667
99,177,360.633333333
100,177,360.65
101,177,360.666666667
102,177,360.683333333
103,177,360.7
104,177,360.716666667
105,177,360.733333333
106,177,360.75
107,177,360.766666667
108,177,360.783333333
109,177,360.8
110,177,360.816666667
111,177,360.833333333
112,177,360.85
113,177,360.866666667
114,177,360.883333333
115,177,360.9
116,177,360.916666667
117,177,360.933333333
118,177,360.95
119,177,360.966666667
120,177,360.983333333
1,178,361
2,178,361.016666667
3,178,361.033333333
4,178,361.05
5,178,361.066666667
6,178,361.083333333
7,178,361.1
8,178,361.116666667
9,178,361.133333333
10,178,361.15
11,178,361.166666667
12,178,361.183333333
13,178,361.2
14,178,361.216666667
15,178,361.233333333
16,178,361.25
17,178,361.266666667
18,178,361.283333333
19,178,361.3
20,178,361.316666667
21,178,361.333333333
22,178,361.35
23,178,361.366666667
24,178,361.383333333
25,178,361.4
26,178,361.416666667
27,178,361.433333333
28,178,361.45
29,178,361.466666667
30,178,361.483333333
31,178,361.5
32,178,361.516666667
33,178,361.533333333
34,178,361.55
35,178,361.566666667
36,178,361.583333333
37,178,361.6
38,178,361.616666667
39,178,361.633333333
40,178,361.65
41,178,361.666666667
42,178,361.683333333
43,178,361.7
44,178,361.716666667
45,178,361.733333333
46,178,361.75
47,178,361.766666667
48,178,361.783333333
49,178,361.8
50,178,361.816666667
51,178,361.833333333
52,178,361.85
53,178,361.866666667
54,178,361.883333333
55,178,361.9
56,178,361.916666667
57,178,361.933333333
58,178,361.95
59,178,361.966666667
60,178,361.983333333
61,178,362
62,178,362.016666667
63,178,362.033333333
64,178,362.05
65,178,362.066666667
66,178,362.083333333
67,178,362.1
68,178,362.116666667
69,178,362.133333333
70,178,362.15
71,178,362.166666667
72,178,362.183333333
73,178,362.2
74,178,362.216666667
75,178,362.233333333
76,178,362.25
77,178,362.266666667
78,178,362.283333333
79,178,362.3
80,178,362.316666667
81,178,362.333333333
82,178,362.35
83,178,362.366666667
84,178,362.383333333
85,178,362.4
86,178,362.416666667
87,178,362.433333333
88,178,362.45
89,178,362.466666667
90,178,362.483333333
91,178,362.5
92,178,362.516666667
93,178,362.533333333
94,178,362.55
95,178,362.566666667
96,178,362.583333333
97,178,362.6
98,178,362.616666667
99,178,362.633333333
100,178,362.65
101,178,362.666666667
102,178,362.683333333
103,178,362.7
104,178,362.716666667
105,178,362.733333333
106,178,362.75
107,178,362.766666667
108,178,362.783333333
109,178,362.8
110,178,362.816666667
111,178,362.833333333
112,178,362.85
113,178,362.866666667
114,178,362.883333333
115,178,362.9
116,178,362.916666667
117,178,362.933333333
118,178,362.95
119,178,362.966666667
120,178,362.983333333
1,179,363
2,179,363.016666667
3,179,363.033333333
4,179,363.05
5,179,363.066666667
6,179,363.083333333
7,179,363.1
8,179,363.116666667
9,179,363.133333333
10,179,363.15
11,179,363.166666667
12,179,363.183333333
13,179,363.2
14,179,363.216666667
15,179,363.233333333
16,179,363.25
17,179,363.266666667
18,179,363.283333333
19,179,363.3
20,179,363.316666667
21,179,363.333333333
22,179,363.35
23,179,363.366666667
24,179,363.383333333
25,179,363.4
26,179,363.416666667
27,179,363.433333333
28,179,363.45
29,179,363.466666667
30,179,363.483333333
31,179,363.5
32,179,363.516666667
33,179,363.533333333
34,179,363.55
35,179,363.566666667
36,179,363.583333333
37,179,363.6
38,179,363.616666667
39,179,363.633333333
40,179,363.65
41,179,363.666666667
42,179,363.683333333
43,179,363.7
44,179,363.716666667
45,179,363.733333333
46,179,363.75
47,179,363.766666667
48,179,363.783333333
49,179,363.8
50,179,363.816666667
51,179,363.833333333
52,179,363.85
53,179,363.866666667
54,179,363.883333333
55,179,363.9
56,179,363.916666667
57,179,363.933333333
58,179,363.95
59,179,363.966666667
60,179,363.983333333
61,179,364
62,179,364.016666667
63,179,364.033333333
64,179,364.05
65,179,364.066666667
66,179,364.083333333
67,179,364.1
68,179,364.116666667
69,179,364.133333333
70,179,364.15
71,179,364.166666667
72,179,364.183333333
73,179,364.2
74,179,364.216666667
75,179,364.233333333
76,179,364.25
77,179,364.266666667
78,179,364.283333333
79,179,364.3
80,179,364.316666667
81,179,364.333333333
82,179,364.35
83,179,364.366666667
84,179,364.383333333
85,179,364.4
86,179,364.416666667
87,179,364.433333333
88,179,364.45
89,179,364.466666667
90,179,364.483333333
91,179,364.5
92,179,364.516666667
93,179,364.533333333
94,179,364.55
95,179,364.566666667
96,179,364.583333333
97,179,364.6
98,179,364.616666667
99,179,364.633333333
100,179,364.65
101,179,364.666666667
102,179,364.683333333
103,179,364.7
104,179,364.716666667
105,179,364.733333333
106,179,364.75
107,179,364.766666667
108,179,364.783333333
109,179,364.8
110,179,364.816666667
111,179,364.833333333
112,179,364.85
113,179,364.866666667
114,179,364.883333333
115,179,364.9
116,179,364.916666667
117,179,364.933333333
118,179,364.95
119,179,364.966666667
120,179,364.983333333
1,180,365
2,180,365.016666667
3,180,365.033333333
4,180,365.05
5,180,365.066666667
6,180,365.083333333
7,180,365.1
8,180,365.116666667
9,180,365.133333333
10,180,365.15
11,180,365.166666667
12,180,365.183333333
13,180,365.2
14,180,365.216666667
15,180,365.233333333
16,180,365.25
17,180,365.266666667
18,180,365.283333333
19,180,365.3
20,180,365.316666667
21,180,365.333333333
22,180,365.35
23,180,365.366666667
24,180,365.383333333
25,180,365.4
26,180,365.416666667
27,180,365.433333333
28,180,365.45
29,180,365.466666667
30,180,365.483333333
31,180,365.5
32,180,365.516666667
33,180,365.533333333
34,180,365.55
35,180,365.566666667
36,180,365.583333333
37,180,365.6
38,180,365.616666667
39,180,365.633333333
40,180,365.65
41,180,365.666666667
42,180,365.683333333
43,180,365.7
44,180,365.716666667
45,180,365.733333333
46,180,365.75
47,180,365.766666667
48,180,365.783333333
49,180,365.8
50,180,365.816666667
51,180,365.833333333
52,180,365.85
53,180,365.866666667
54,180,365.883333333
55,180,365.9
56,180,365.916666667
57,180,365.933333333
58,180,365.95
59,180,365.966666667
60,180,365.983333333
61,180,366
62,180,366.016666667
63,180,366.033333333
64,180,366.05
65,180,366.066666667
66,180,366.083333333
67,180,366.1
68,180,366.116666667
69,180,366.133333333
70,180,366.15
71,180,366.166666667
72,180,366.183333333
73,180,366.2
74,180,366.216666667
75,180,366.233333333
76,180,366.25
77,180,366.266666667
78,180,366.283333333
79,180,366.3
80,180,366.316666667
81,180,366.333333333
82,180,366.35
83,180,366.366666667
84,180,366.383333333
85,180,366.4
86,180,366.416666667
87,180,366.433333333
88,180,366.45
89,180,366.466666667
90,180,366.483333333
91,180,366.5
92,180,366.516666667
93,180,366.533333333
94,180,366.55
95,180,366.566666667
96,180,366.583333333
97,180,366.6
98,180,366.616666667
99,180,366.633333333
100,180,366.65
101,180,366.666666667
102,180,366.683333333
103,180,366.7
104,180,366.716666667
105,180,366.733333333
106,180,366.75
107,180,366.766666667
108,180,366.783333333
109,180,366.8
110,180,366.816666667
111,180,366.833333333
112,180,366.85
113,180,366.866666667
114,180,366.883333333
115,180,366.9
116,180,366.916666667
117,180,366.933333333
118,180,366.95
119,180,366.966666667
120,180,366.983333333
1,181,367
2,181,367.016666667
3,181,367.033333333
4,181,367.05
5,181,367.066666667
6,181,367.083333333
7,181,367.1
8,181,367.116666667
9,181,367.133333333
10,181,367.15
11,181,367.166666667
12,181,367.183333333
13,181,367.2
14,181,367.216666667
15,181,367.233333333
16,181,367.25
17,181,367.266666667
18,181,367.283333333
19,181,367.3
20,181,367.316666667
21,181,367.333333333
22,181,367.35
23,181,367.366666667
24,181,367.383333333
25,181,367.4
26,181,367.416666667
27,181,367.433333333
28,181,367.45
29,181,367.466666667
30,181,367.483333333
31,181,367.5
32,181,367.516666667
33,181,367.533333333
34,181,367.55
35,181,367.566666667
36,181,367.583333333
37,181,367.6
38,181,367.616666667
39,181,367.633333333
40,181,367.65
41,181,367.666666667
42,181,367.683333333
43,181,367.7
44,181,367.716666667
45,181,367.733333333
46,181,367.75
47,181,367.766666667
48,181,367.783333333
49,181,367.8
50,181,367.816666667
51,181,367.833333333
52,181,367.85
53,181,367.866666667
54,181,367.883333333
55,181,367.9
56,181,367.916666667
57,181,367.933333333
58,181,367.95
59,181,367.966666667
60,181,367.983333333
61,181,368
62,181,368.016666667
63,181,368.033333333
64,181,368.05
65,181,368.066666667
66,181,368.083333333
67,181,368.1
68,181,368.116666667
69,181,368.133333333
70,181,368.15
71,181,368.166666667
72,181,368.183333333
73,181,368.2
74,181,368.216666667
75,181,368.233333333
76,181,368.25
77,181,368.266666667
78,181,368.283333333
79,181,368.3
80,181,368.316666667
81,181,368.333333333
82,181,368.35
83,181,368.366666667
84,181,368.383333333
85,181,368.4
86,181,368.416666667
87,181,368.433333333
88,181,368.45
89,181,368.466666667
90,181,368.483333333
91,181,368.5
92,181,368.516666667
93,181,368.533333333
94,181,368.55
95,181,368.566666667
96,181,368.583333333
97,181,368.6
98,181,368.616666667
99,181,368.633333333
100,181,368.65
101,181,368.666666667
102,181,368.683333333
103,181,368.7
104,181,368.716666667
105,181,368.733333333
106,181,368.75
107,181,368.766666667
108,181,368.783333333
109,181,368.8
110,181,368.816666667
111,181,368.833333333
112,181,368.85
113,181,368.866666667
114,181,368.883333333
115,181,368.9
116,181,368.916666667
117,181,368.933333333
118,181,368.95
119,181,368.966666667
120,181,368.983333333
1,182,369
2,182,369.016666667
3,182,369.033333333
4,182,369.05
5,182,369.066666667
6,182,369.083333333
7,182,369.1
8,182,369.116666667
9,182,369.133333333
10,182,369.15
11,182,369.166666667
12,182,369.183333333
13,182,369.2
14,182,369.216666667
15,182,369.233333333
16,182,369.25
17,182,369.266666667
18,182,369.283333333
19,182,369.3
20,182,369.316666667
21,182,369.333333333
22,182,369.35
23,182,369.366666667
24,182,369.383333333
25,182,369.4
26,182,369.416666667
27,182,369.433333333
28,182,369.45
29,182,369.466666667
30,182,369.483333333
31,182,369.5
32,182,369.516666667
33,182,369.533333333
34,182,369.55
35,182,369.566666667
36,182,369.583333333
37,182,369.6
38,182,369.616666667
39,182,369.633333333
40,182,369.65
41,182,369.666666667
42,182,369.683333333
43,182,369.7
44,182,369.716666667
45,182,369.733333333
46,182,369.75
47,182,369.766666667
48,182,369.783333333
49,182,369.8
50,182,369.816666667
51,182,369.833333333
52,182,369.85
53,182,369.866666667
54,182,369.883333333
55,182,369.9
56,182,369.916666667
57,182,369.933333333
58,182,369.95
59,182,369.966666667
60,182,369.983333333
61,182,370
62,182,370.016666667
63,182,370.033333333
64,182,370.05
65,182,370.066666667
66,182,370.083333333
67,182,370.1
68,182,370.116666667
69,182,370.133333333
70,182,370.15
71,182,370.166666667
72,182,370.183333333
73,182,370.2
74,182,370.216666667
75,182,370.233333333
76,182,370.25
77,182,370.266666667
78,182,370.283333333
79,182,370.3
80,182,370.316666667
81,182,370.333333333
82,182,370.35
83,182,370.366666667
84,182,370.383333333
85,182,370.4
86,182,370.416666667
87,182,370.433333333
88,182,370.45
89,182,370.466666667
90,182,370.483333333
91,182,370.5
92,182,370.516666667
93,182,370.533333333
94,182,370.55
95,182,370.566666667
96,182,370.583333333
97,182,370.6
98,182,370.616666667
99,182,370.633333333
100,182,370.65
101,182,370.666666667
102,182,370.683333333
103,182,370.7
104,182,370.716666667
105,182,370.733333333
106,182,370.75
107,182,370.766666667
108,182,370.783333333
109,182,370.8
110,182,370.816666667
111,182,370.833333333
112,182,370.85
113,182,370.866666667
114,182,370.883333333
115,182,370.9
116,182,370.916666667
117,182,370.933333333
118,182,370.95
119,182,370.966666667
120,182,370.983333333
1,183,371
2,183,371.016666667
3,183,371.033333333
4,183,371.05
5,183,371.066666667
6,183,371.083333333
7,183,371.1
8,183,371.116666667
9,183,371.133333333
10,183,371.15
11,183,371.166666667
12,183,371.183333333
13,183,371.2
14,183,371.216666667
15,183,371.233333333
16,183,371.25
17,183,371.266666667
18,183,371.283333333
19,183,371.3
20,183,371.316666667
21,183,371.333333333
22,183,371.35
23,183,371.366666667
24,183,371.383333333
25,183,371.4
26,183,371.416666667
27,183,371.433333333
28,183,371.45
29,183,371.466666667
30,183,371.483333333
31,183,371.5
32,183,371.516666667
33,183,371.533333333
34,183,371.55
35,183,371.566666667
36,183,371.583333333
37,183,371.6
38,183,371.616666667
39,183,371.633333333
40,183,371.65
41,183,371.666666667
42,183,371.683333333
43,183,371.7
44,183,371.716666667
45,183,371.733333333
46,183,371.75
47,183,371.766666667
48,183,371.783333333
49,183,371.8
50,183,371.816666667
51,183,371.833333333
52,183,371.85
53,183,371.866666667
54,183,371.883333333
55,183,371.9
56,183,371.916666667
57,183,371.933333333
58,183,371.95
59,183,371.966666667
60,183,371.983333333
61,183,372
62,183,372.016666667
63,183,372.033333333
64,183,372.05
65,183,372.066666667
66,183,372.083333333
67,183,372.1
68,183,372.116666667
69,183,372.133333333
70,183,372.15
71,183,372.166666667
72,183,372.183333333
73,183,372.2
74,183,372.216666667
75,183,372.233333333
76,183,372.25
77,183,372.266666667
78,183,372.283333333
79,183,372.3
80,183,372.316666667
81,183,372.333333333
82,183,372.35
83,183,372.366666667
84,183,372.383333333
85,183,372.4
86,183,372.416666667
87,183,372.433333333
88,183,372.45
89,183,372.466666667
90,183,372.483333333
91,183,372.5
92,183,372.516666667
93,183,372.533333333
94,183,372.55
95,183,372.566666667
96,183,372.583333333
97,183,372.6
98,183,372.616666667
99,183,372.633333333
100,183,372.65
101,183,372.666666667
102,183,372.683333333
103,183,372.7
104,183,372.716666667
105,183,372.733333333
106,183,372.75
107,183,372.766666667
108,183,372.783333333
109,183,372.8
110,183,372.816666667
111,183,372.833333333
112,183,372.85
113,183,372.866666667
114,183,372.883333333
115,183,372.9
116,183,372.916666667
117,183,372.933333333
118,183,372.95
119,183,372.966666667
120,183,372.983333333
1,184,373
2,184,373.016666667
3,184,373.033333333
4,184,373.05
5,184,373.066666667
6,184,373.083333333
7,184,373.1
8,184,373.116666667
9,184,373.133333333
10,184,373.15
11,184,373.166666667
12,184,373.183333333
13,184,373.2
14,184,373.216666667
15,184,373.233333333
16,184,373.25
17,184,373.266666667
18,184,373.283333333
19,184,373.3
20,184,373.316666667
21,184,373.333333333
22,184,373.35
23,184,373.366666667
24,184,373.383333333
25,184,373.4
26,184,373.416666667
27,184,373.433333333
28,184,373.45
29,184,373.466666667
30,184,373.483333333
31,184,373.5
32,184,373.516666667
33,184,373.533333333
34,184,373.55
35,184,373.566666667
36,184,373.583333333
37,184,373.6
38,184,373.616666667
39,184,373.633333333
40,184,373.65
41,184,373.666666667
42,184,373.683333333
43,184,373.7
44,184,373.716666667
45,184,373.733333333
46,184,373.75
47,184,373.766666667
48,184,373.783333333
49,184,373.8
50,184,373.816666667
51,184,373.833333333
52,184,373.85
53,184,373.866666667
54,184,373.883333333
55,184,373.9
56,184,373.916666667
57,184,373.933333333
58,184,373.95
59,184,373.966666667
60,184,373.983333333
61,184,374
62,184,374.016666667
63,184,374.033333333
64,184,374.05
65,184,374.066666667
66,184,374.083333333
67,184,374.1
68,184,374.116666667
69,184,374.133333333
70,184,374.15
71,184,374.166666667
72,184,374.183333333
73,184,374.2
74,184,374.216666667
75,184,374.233333333
76,184,374.25
77,184,374.266666667
78,184,374.283333333
79,184,374.3
80,184,374.316666667
81,184,374.333333333
82,184,374.35
83,184,374.366666667
84,184,374.383333333
85,184,374.4
86,184,374.416666667
87,184,374.433333333
88,184,374.45
89,184,374.466666667
90,184,374.483333333
91,184,374.5
92,184,374.516666667
93,184,374.533333333
94,184,374.55
95,184,374.566666667
96,184,374.583333333
97,184,374.6
98,184,374.616666667
99,184,374.633333333
100,184,374.65
101,184,374.666666667
102,184,374.683333333
103,184,374.7
104,184,374.716666667
105,184,374.733333333
106,184,374.75
107,184,374.766666667
108,184,374.783333333
109,184,374.8
110,184,374.816666667
111,184,374.833333333
112,184,374.85
113,184,374.866666667
114,184,374.883333333
115,184,374.9
116,184,374.916666667
117,184,374.933333333
118,184,374.95
119,184,374.966666667
120,184,374.983333333
1,185,375
2,185,375.016666667
3,185,375.033333333
4,185,375.05
5,185,375.066666667
6,185,375.083333333
7,185,375.1
8,185,375.116666667
9,185,375.133333333
10,185,375.15
11,185,375.166666667
12,185,375.183333333
13,185,375.2
14,185,375.216666667
15,185,375.233333333
16,185,375.25
17,185,375.266666667
18,185,375.283333333
19,185,375.3
20,185,375.316666667
21,185,375.333333333
22,185,375.35
23,185,375.366666667
24,185,375.383333333
25,185,375.4
26,185,375.416666667
27,185,375.433333333
28,185,375.45
29,185,375.466666667
30,185,375.483333333
31,185,375.5
32,185,375.516666667
33,185,375.533333333
34,185,375.55
35,185,375.566666667
36,185,375.583333333
37,185,375.6
38,185,375.616666667
39,185,375.633333333
40,185,375.65
41,185,375.666666667
42,185,375.683333333
43,185,375.7
44,185,375.716666667
45,185,375.733333333
46,185,375.75
47,185,375.766666667
48,185,375.783333333
49,185,375.8
50,185,375.816666667
51,185,375.833333333
52,185,375.85
53,185,375.866666667
54,185,375.883333333
55,185,375.9
56,185,375.916666667
57,185,375.933333333
58,185,375.95
59,185,375.966666667
60,185,375.983333333
61,185,376
62,185,376.016666667
63,185,376.033333333
64,185,376.05
65,185,376.066666667
66,185,376.083333333
67,185,376.1
68,185,376.116666667
69,185,376.133333333
70,185,376.15
71,185,376.166666667
72,185,376.183333333
73,185,376.2
74,185,376.216666667
75,185,376.233333333
76,185,376.25
77,185,376.266666667
78,185,376.283333333
79,185,376.3
80,185,376.316666667
81,185,376.333333333
82,185,376.35
83,185,376.366666667
84,185,376.383333333
85,185,376.4
86,185,376.416666667
87,185,376.433333333
88,185,376.45
89,185,376.466666667
90,185,376.483333333
91,185,376.5
92,185,376.516666667
93,185,376.533333333
94,185,376.55
95,185,376.566666667
96,185,376.583333333
97,185,376.6
98,185,376.616666667
99,185,376.633333333
100,185,376.65
101,185,376.666666667
102,185,376.683333333
103,185,376.7
104,185,376.716666667
105,185,376.733333333
106,185,376.75
107,185,376.766666667
108,185,376.783333333
109,185,376.8
110,185,376.816666667
111,185,376.833333333
112,185,376.85
113,185,376.866666667
114,185,376.883333333
115,185,376.9
116,185,376.916666667
117,185,376.933333333
118,185,376.95
119,185,376.966666667
120,185,376.983333333
1,186,377
2,186,377.016666667
3,186,377.033333333
4,186,377.05
5,186,377.066666667
6,186,377.083333333
7,186,377.1
8,186,377.116666667
9,186,377.133333333
10,186,377.15
11,186,377.166666667
12,186,377.183333333
13,186,377.2
14,186,377.216666667
15,186,377.233333333
16,186,377.25
17,186,377.266666667
18,186,377.283333333
19,186,377.3
20,186,377.316666667
21,186,377.333333333
22,186,377.35
23,186,377.366666667
24,186,377.383333333
25,186,377.4
26,186,377.416666667
27,186,377.433333333
28,186,377.45
29,186,377.466666667
30,186,377.483333333
31,186,377.5
32,186,377.516666667
33,186,377.533333333
34,186,377.55
35,186,377.566666667
36,186,377.583333333
37,186,377.6
38,186,377.616666667
39,186,377.633333333
40,186,377.65
41,186,377.666666667
42,186,377.683333333
43,186,377.7
44,186,377.716666667
45,186,377.733333333
46,186,377.75
47,186,377.766666667
48,186,377.783333333
49,186,377.8
50,186,377.816666667
51,186,377.833333333
52,186,377.85
53,186,377.866666667
54,186,377.883333333
55,186,377.9
56,186,377.916666667
57,186,377.933333333
58,186,377.95
59,186,377.966666667
60,186,377.983333333
61,186,378
62,186,378.016666667
63,186,378.033333333
64,186,378.05
65,186,378.066666667
66,186,378.083333333
67,186,378.1
68,186,378.116666667
69,186,378.133333333
70,186,378.15
71,186,378.166666667
72,186,378.183333333
73,186,378.2
74,186,378.216666667
75,186,378.233333333
76,186,378.25
77,186,378.266666667
78,186,378.283333333
79,186,378.3
80,186,378.316666667
81,186,378.333333333
82,186,378.35
83,186,378.366666667
84,186,378.383333333
85,186,378.4
86,186,378.416666667
87,186,378.433333333
88,186,378.45
89,186,378.466666667
90,186,378.483333333
91,186,378.5
92,186,378.516666667
93,186,378.533333333
94,186,378.55
95,186,378.566666667
96,186,378.583333333
97,186,378.6
98,186,378.616666667
99,186,378.633333333
100,186,378.65
101,186,378.666666667
102,186,378.683333333
103,186,378.7
104,186,378.716666667
105,186,378.733333333
106,186,378.75
107,186,378.766666667
108,186,378.783333333
109,186,378.8
110,186,378.816666667
111,186,378.833333333
112,186,378.85
113,186,378.866666667
114,186,378.883333333
115,186,378.9
116,186,378.916666667
117,186,378.933333333
118,186,378.95
119,186,378.966666667
120,186,378.983333333
1,187,379
2,187,379.016666667
3,187,379.033333333
4,187,379.05
5,187,379.066666667
6,187,379.083333333
7,187,379.1
8,187,379.116666667
9,187,379.133333333
10,187,379.15
11,187,379.166666667
12,187,379.183333333
13,187,379.2
14,187,379.216666667
15,187,379.233333333
16,187,379.25
17,187,379.266666667
18,187,379.283333333
19,187,379.3
20,187,379.316666667
21,187,379.333333333
22,187,379.35
23,187,379.366666667
24,187,379.383333333
25,187,379.4
26,187,379.416666667
27,187,379.433333333
28,187,379.45
29,187,379.466666667
30,187,379.483333333
31,187,379.5
32,187,379.516666667
33,187,379.533333333
34,187,379.55
35,187,379.566666667
36,187,379.583333333
37,187,379.6
38,187,379.616666667
39,187,379.633333333
40,187,379.65
41,187,379.666666667
42,187,379.683333333
43,187,379.7
44,187,379.716666667
45,187,379.733333333
46,187,379.75
47,187,379.766666667
48,187,379.783333333
49,187,379.8
50,187,379.816666667
51,187,379.833333333
52,187,379.85
53,187,379.866666667
54,187,379.883333333
55,187,379.9
56,187,379.916666667
57,187,379.933333333
58,187,379.95
59,187,379.966666667
60,187,379.983333333
61,187,380
62,187,380.016666667
63,187,380.033333333
64,187,380.05
65,187,380.066666667
66,187,380.083333333
67,187,380.1
68,187,380.116666667
69,187,380.133333333
70,187,380.15
71,187,380.166666667
72,187,380.183333333
73,187,380.2
74,187,380.216666667
75,187,380.233333333
76,187,380.25
77,187,380.266666667
78,187,380.283333333
79,187,380.3
80,187,380.316666667
81,187,380.333333333
82,187,380.35
83,187,380.366666667
84,187,380.383333333
85,187,380.4
86,187,380.416666667
87,187,380.433333333
88,187,380.45
89,187,380.466666667
90,187,380.483333333
91,187,380.5
92,187,380.516666667
93,187,380.533333333
94,187,380.55
95,187,380.566666667
96,187,380.583333333
97,187,380.6
98,187,380.616666667
99,187,380.633333333
100,187,380.65
101,187,380.666666667
102,187,380.683333333
103,187,380.7
104,187,380.716666667
105,187,380.733333333
106,187,380.75
107,187,380.766666667
108,187,380.783333333
109,187,380.8
110,187,380.816666667
111,187,380.833333333
112,187,380.85
113,187,380.866666667
114,187,380.883333333
115,187,380.9
116,187,380.916666667
117,187,380.933333333
118,187,380.95
119,187,380.966666667
120,187,380.983333333
1,188,381
2,188,381.016666667
3,188,381.033333333
4,188,381.05
5,188,381.066666667
6,188,381.083333333
7,188,381.1
8,188,381.116666667
9,188,381.133333333
10,188,381.15
11,188,381.166666667
12,188,381.183333333
13,188,381.2
14,188,381.216666667
15,188,381.233333333
16,188,381.25
17,188,381.266666667
18,188,381.283333333
19,188,381.3
20,188,381.316666667
21,188,381.333333333
22,188,381.35
23,188,381.366666667
24,188,381.383333333
25,188,381.4
26,188,381.416666667
27,188,381.433333333
28,188,381.45
29,188,381.466666667
30,188,381.483333333
31,188,381.5
32,188,381.516666667
33,188,381.533333333
34,188,381.55
35,188,381.566666667
36,188,381.583333333
37,188,381.6
38,188,381.616666667
39,188,381.633333333
40,188,381.65
41,188,381.666666667
42,188,381.683333333
43,188,381.7
44,188,381.716666667
45,188,381.733333333
46,188,381.75
47,188,381.766666667
48,188,381.783333333
49,188,381.8
50,188,381.816666667
51,188,381.833333333
52,188,381.85
53,188,381.866666667
54,188,381.883333333
55,188,381.9
56,188,381.916666667
57,188,381.933333333
58,188,381.95
59,188,381.966666667
60,188,381.983333333
61,188,382
62,188,382.016666667
63,188,382.033333333
64,188,382.05
65,188,382.066666667
66,188,382.083333333
67,188,382.1
68,188,382.116666667
69,188,382.133333333
70,188,382.15
71,188,382.166666667
72,188,382.183333333
73,188,382.2
74,188,382.216666667
75,188,382.233333333
76,188,382.25
77,188,382.266666667
78,188,382.283333333
79,188,382.3
80,188,382.316666667
81,188,382.333333333
82,188,382.35
83,188,382.366666667
84,188,382.383333333
85,188,382.4
86,188,382.416666667
87,188,382.433333333
88,188,382.45
89,188,382.466666667
90,188,382.483333333
91,188,382.5
92,188,382.516666667
93,188,382.533333333
94,188,382.55
95,188,382.566666667
96,188,382.583333333
97,188,382.6
98,188,382.616666667
99,188,382.633333333
100,188,382.65
101,188,382.666666667
102,188,382.683333333
103,188,382.7
104,188,382.716666667
105,188,382.733333333
106,188,382.75
107,188,382.766666667
108,188,382.783333333
109,188,382.8
110,188,382.816666667
111,188,382.833333333
112,188,382.85
113,188,382.866666667
114,188,382.883333333
115,188,382.9
116,188,382.916666667
117,188,382.933333333
118,188,382.95
119,188,382.966666667
120,188,382.983333333
1,189,383
2,189,383.016666667
3,189,383.033333333
4,189,383.05
5,189,383.066666667
6,189,383.083333333
7,189,383.1
8,189,383.116666667
9,189,383.133333333
10,189,383.15
11,189,383.166666667
12,189,383.183333333
13,189,383.2
14,189,383.216666667
15,189,383.233333333
16,189,383.25
17,189,383.266666667
18,189,383.283333333
19,189,383.3
20,189,383.316666667
21,189,383.333333333
22,189,383.35
23,189,383.366666667
24,189,383.383333333
25,189,383.4
26,189,383.416666667
27,189,383.433333333
28,189,383.45
29,189,383.466666667
30,189,383.483333333
31,189,383.5
32,189,383.516666667
33,189,383.533333333
34,189,383.55
35,189,383.566666667
36,189,383.583333333
37,189,383.6
38,189,383.616666667
39,189,383.633333333
40,189,383.65
41,189,383.666666667
42,189,383.683333333
43,189,383.7
44,189,383.716666667
45,189,383.733333333
46,189,383.75
47,189,383.766666667
48,189,383.783333333
49,189,383.8
50,189,383.816666667
51,189,383.833333333
52,189,383.85
53,189,383.866666667
54,189,383.883333333
55,189,383.9
56,189,383.916666667
57,189,383.933333333
58,189,383.95
59,189,383.966666667
60,189,383.983333333
61,189,384
62,189,384.016666667
63,189,384.033333333
64,189,384.05
65,189,384.066666667
66,189,384.083333333
67,189,384.1
68,189,384.116666667
69,189,384.133333333
70,189,384.15
71,189,384.166666667
72,189,384.183333333
73,189,384.2
74,189,384.216666667
75,189,384.233333333
76,189,384.25
77,189,384.266666667
78,189,384.283333333
79,189,384.3
80,189,384.316666667
81,189,384.333333333
82,189,384.35
83,189,384.366666667
84,189,384.383333333
85,189,384.4
86,189,384.416666667
87,189,384.433333333
88,189,384.45
89,189,384.466666667
90,189,384.483333333
91,189,384.5
92,189,384.516666667
93,189,384.533333333
94,189,384.55
95,189,384.566666667
96,189,384.583333333
97,189,384.6
98,189,384.616666667
99,189,384.633333333
100,189,384.65
101,189,384.666666667
102,189,384.683333333
103,189,384.7
104,189,384.716666667
105,189,384.733333333
106,189,384.75
107,189,384.766666667
108,189,384.783333333
109,189,384.8
110,189,384.816666667
111,189,384.833333333
112,189,384.85
113,189,384.866666667
114,189,384.883333333
115,189,384.9
116,189,384.916666667
117,189,384.933333333
118,189,384.95
119,189,384.966666667
120,189,384.983333333
1,190,385
2,190,385.016666667
3,190,385.033333333
4,190,385.05
5,190,385.066666667
6,190,385.083333333
7,190,385.1
8,190,385.116666667
9,190,385.133333333
10,190,385.15
11,190,385.166666667
12,190,385.183333333
13,190,385.2
14,190,385.216666667
15,190,385.233333333
16,190,385.25
17,190,385.266666667
18,190,385.283333333
19,190,385.3
20,190,385.316666667
21,190,385.333333333
22,190,385.35
23,190,385.366666667
24,190,385.383333333
25,190,385.4
26,190,385.416666667
27,190,385.433333333
28,190,385.45
29,190,385.466666667
30,190,385.483333333
31,190,385.5
32,190,385.516666667
33,190,385.533333333
34,190,385.55
35,190,385.566666667
36,190,385.583333333
37,190,385.6
38,190,385.616666667
39,190,385.633333333
40,190,385.65
41,190,385.666666667
42,190,385.683333333
43,190,385.7
44,190,385.716666667
45,190,385.733333333
46,190,385.75
47,190,385.766666667
48,190,385.783333333
49,190,385.8
50,190,385.816666667
51,190,385.833333333
52,190,385.85
53,190,385.866666667
54,190,385.883333333
55,190,385.9
56,190,385.916666667
57,190,385.933333333
58,190,385.95
59,190,385.966666667
60,190,385.983333333
61,190,386
62,190,386.016666667
63,190,386.033333333
64,190,386.05
65,190,386.066666667
66,190,386.083333333
67,190,386.1
68,190,386.116666667
69,190,386.133333333
70,190,386.15
71,190,386.166666667
72,190,386.183333333
73,190,386.2
74,190,386.216666667
75,190,386.233333333
76,190,386.25
77,190,386.266666667
78,190,386.283333333
79,190,386.3
80,190,386.316666667
81,190,386.333333333
82,190,386.35
83,190,386.366666667
84,190,386.383333333
85,190,386.4
86,190,386.416666667
87,190,386.433333333
88,190,386.45
89,190,386.466666667
90,190,386.483333333
91,190,386.5
92,190,386.516666667
93,190,386.533333333
94,190,386.55
95,190,386.566666667
96,190,386.583333333
97,190,386.6
98,190,386.616666667
99,190,386.633333333
100,190,386.65
101,190,386.666666667
102,190,386.683333333
103,190,386.7
104,190,386.716666667
105,190,386.733333333
106,190,386.75
107,190,386.766666667
108,190,386.783333333
109,190,386.8
110,190,386.816666667
111,190,386.833333333
112,190,386.85
113,190,386.866666667
114,190,386.883333333
115,190,386.9
116,190,386.916666667
117,190,386.933333333
118,190,386.95
119,190,386.966666667
120,190,386.983333333
1,191,387
2,191,387.016666667
3,191,387.033333333
4,191,387.05
5,191,387.066666667
6,191,387.083333333
7,191,387.1
8,191,387.116666667
9,191,387.133333333
10,191,387.15
11,191,387.166666667
12,191,387.183333333
13,191,387.2
14,191,387.216666667
15,191,387.233333333
16,191,387.25
17,191,387.266666667
18,191,387.283333333
19,191,387.3
20,191,387.316666667
21,191,387.333333333
22,191,387.35
23,191,387.366666667
24,191,387.383333333
25,191,387.4
26,191,387.416666667
27,191,387.433333333
28,191,387.45
29,191,387.466666667
30,191,387.483333333
31,191,387.5
32,191,387.516666667
33,191,387.533333333
34,191,387.55
35,191,387.566666667
36,191,387.583333333
37,191,387.6
38,191,387.616666667
39,191,387.633333333
40,191,387.65
41,191,387.666666667
42,191,387.683333333
43,191,387.7
44,191,387.716666667
45,191,387.733333333
46,191,387.75
47,191,387.766666667
48,191,387.783333333
49,191,387.8
50,191,387.816666667
51,191,387.833333333
52,191,387.85
53,191,387.866666667
54,191,387.883333333
55,191,387.9
56,191,387.916666667
57,191,387.933333333
58,191,387.95
59,191,387.966666667
60,191,387.983333333
61,191,388
62,191,388.016666667
63,191,388.033333333
64,191,388.05
65,191,388.066666667
66,191,388.083333333
67,191,388.1
68,191,388.116666667
69,191,388.133333333
70,191,388.15
71,191,388.166666667
72,191,388.183333333
73,191,388.2
74,191,388.216666667
75,191,388.233333333
76,191,388.25
77,191,388.266666667
78,191,388.283333333
79,191,388.3
80,191,388.316666667
81,191,388.333333333
82,191,388.35
83,191,388.366666667
84,191,388.383333333
85,191,388.4
86,191,388.416666667
87,191,388.433333333
88,191,388.45
89,191,388.466666667
90,191,388.483333333
91,191,388.5
92,191,388.516666667
93,191,388.533333333
94,191,388.55
95,191,388.566666667
96,191,388.583333333
97,191,388.6
98,191,388.616666667
99,191,388.633333333
100,191,388.65
101,191,388.666666667
102,191,388.683333333
103,191,388.7
104,191,388.716666667
105,191,388.733333333
106,191,388.75
107,191,388.766666667
108,191,388.783333333
109,191,388.8
110,191,388.816666667
111,191,388.833333333
112,191,388.85
113,191,388.866666667
114,191,388.883333333
115,191,388.9
116,191,388.916666667
117,191,388.933333333
118,191,388.95
119,191,388.966666667
120,191,388.983333333
1,192,389
2,192,389.016666667
3,192,389.033333333
4,192,389.05
5,192,389.066666667
6,192,389.083333333
7,192,389.1
8,192,389.116666667
9,192,389.133333333
10,192,389.15
11,192,389.166666667
12,192,389.183333333
13,192,389.2
14,192,389.216666667
15,192,389.233333333
16,192,389.25
17,192,389.266666667
18,192,389.283333333
19,192,389.3
20,192,389.316666667
21,192,389.333333333
22,192,389.35
23,192,389.366666667
24,192,389.383333333
25,192,389.4
26,192,389.416666667
27,192,389.433333333
28,192,389.45
29,192,389.466666667
30,192,389.483333333
31,192,389.5
32,192,389.516666667
33,192,389.533333333
34,192,389.55
35,192,389.566666667
36,192,389.583333333
37,192,389.6
38,192,389.616666667
39,192,389.633333333
40,192,389.65
41,192,389.666666667
42,192,389.683333333
43,192,389.7
44,192,389.716666667
45,192,389.733333333
46,192,389.75
47,192,389.766666667
48,192,389.783333333
49,192,389.8
50,192,389.816666667
51,192,389.833333333
52,192,389.85
53,192,389.866666667
54,192,389.883333333
55,192,389.9
56,192,389.916666667
57,192,389.933333333
58,192,389.95
59,192,389.966666667
60,192,389.983333333
61,192,390
62,192,390.016666667
63,192,390.033333333
64,192,390.05
65,192,390.066666667
66,192,390.083333333
67,192,390.1
68,192,390.116666667
69,192,390.133333333
70,192,390.15
71,192,390.166666667
72,192,390.183333333
73,192,390.2
74,192,390.216666667
75,192,390.233333333
76,192,390.25
77,192,390.266666667
78,192,390.283333333
79,192,390.3
80,192,390.316666667
81,192,390.333333333
82,192,390.35
83,192,390.366666667
84,192,390.383333333
85,192,390.4
86,192,390.416666667
87,192,390.433333333
88,192,390.45
89,192,390.466666667
90,192,390.483333333
91,192,390.5
92,192,390.516666667
93,192,390.533333333
94,192,390.55
95,192,390.566666667
96,192,390.583333333
97,192,390.6
98,192,390.616666667
99,192,390.633333333
100,192,390.65
101,192,390.666666667
102,192,390.683333333
103,192,390.7
104,192,390.716666667
105,192,390.733333333
106,192,390.75
107,192,390.766666667
108,192,390.783333333
109,192,390.8
110,192,390.816666667
111,192,390.833333333
112,192,390.85
113,192,390.866666667
114,192,390.883333333
115,192,390.9
116,192,390.916666667
117,192,390.933333333
118,192,390.95
119,192,390.966666667
120,192,390.983333333
1,193,391
2,193,391.016666667
3,193,391.033333333
4,193,391.05
5,193,391.066666667
6,193,391.083333333
7,193,391.1
8,193,391.116666667
9,193,391.133333333
10,193,391.15
11,193,391.166666667
12,193,391.183333333
13,193,391.2
14,193,391.216666667
15,193,391.233333333
16,193,391.25
17,193,391.266666667
18,193,391.283333333
19,193,391.3
20,193,391.316666667
21,193,391.333333333
22,193,391.35
23,193,391.366666667
24,193,391.383333333
25,193,391.4
26,193,391.416666667
27,193,391.433333333
28,193,391.45
29,193,391.466666667
30,193,391.483333333
31,193,391.5
32,193,391.516666667
33,193,391.533333333
34,193,391.55
35,193,391.566666667
36,193,391.583333333
37,193,391.6
38,193,391.616666667
39,193,391.633333333
40,193,391.65
41,193,391.666666667
42,193,391.683333333
43,193,391.7
44,193,391.716666667
45,193,391.733333333
46,193,391.75
47,193,391.766666667
48,193,391.783333333
49,193,391.8
50,193,391.816666667
51,193,391.833333333
52,193,391.85
53,193,391.866666667
54,193,391.883333333
55,193,391.9
56,193,391.916666667
57,193,391.933333333
58,193,391.95
59,193,391.966666667
60,193,391.983333333
61,193,392
62,193,392.016666667
63,193,392.033333333
64,193,392.05
65,193,392.066666667
66,193,392.083333333
67,193,392.1
68,193,392.116666667
69,193,392.133333333
70,193,392.15
71,193,392.166666667
72,193,392.183333333
73,193,392.2
74,193,392.216666667
75,193,392.233333333
76,193,392.25
77,193,392.266666667
78,193,392.283333333
79,193,392.3
80,193,392.316666667
81,193,392.333333333
82,193,392.35
83,193,392.366666667
84,193,392.383333333
85,193,392.4
86,193,392.416666667
87,193,392.433333333
88,193,392.45
89,193,392.466666667
90,193,392.483333333
91,193,392.5
92,193,392.516666667
93,193,392.533333333
94,193,392.55
95,193,392.566666667
96,193,392.583333333
97,193,392.6
98,193,392.616666667
99,193,392.633333333
100,193,392.65
101,193,392.666666667
102,193,392.683333333
103,193,392.7
104,193,392.716666667
105,193,392.733333333
106,193,392.75
107,193,392.766666667
108,193,392.783333333
109,193,392.8
110,193,392.816666667
111,193,392.833333333
112,193,392.85
113,193,392.866666667
114,193,392.883333333
115,193,392.9
116,193,392.916666667
117,193,392.933333333
118,193,392.95
119,193,392.966666667
120,193,392.983333333
1,194,393
2,194,393.016666667
3,194,393.033333333
4,194,393.05
5,194,393.066666667
6,194,393.083333333
7,194,393.1
8,194,393.116666667
9,194,393.133333333
10,194,393.15
11,194,393.166666667
12,194,393.183333333
13,194,393.2
14,194,393.216666667
15,194,393.233333333
16,194,393.25
17,194,393.266666667
18,194,393.283333333
19,194,393.3
20,194,393.316666667
21,194,393.333333333
22,194,393.35
23,194,393.366666667
24,194,393.383333333
25,194,393.4
26,194,393.416666667
27,194,393.433333333
28,194,393.45
29,194,393.466666667
30,194,393.483333333
31,194,393.5
32,194,393.516666667
33,194,393.533333333
34,194,393.55
35,194,393.566666667
36,194,393.583333333
37,194,393.6
38,194,393.616666667
39,194,393.633333333
40,194,393.65
41,194,393.666666667
42,194,393.683333333
43,194,393.7
44,194,393.716666667
45,194,393.733333333
46,194,393.75
47,194,393.766666667
48,194,393.783333333
49,194,393.8
50,194,393.816666667
51,194,393.833333333
52,194,393.85
53,194,393.866666667
54,194,393.883333333
55,194,393.9
56,194,393.916666667
57,194,393.933333333
58,194,393.95
59,194,393.966666667
60,194,393.983333333
61,194,394
62,194,394.016666667
63,194,394.033333333
64,194,394.05
65,194,394.066666667
66,194,394.083333333
67,194,394.1
68,194,394.116666667
69,194,394.133333333
70,194,394.15
71,194,394.166666667
72,194,394.183333333
73,194,394.2
74,194,394.216666667
75,194,394.233333333
76,194,394.25
77,194,394.266666667
78,194,394.283333333
79,194,394.3
80,194,394.316666667
81,194,394.333333333
82,194,394.35
83,194,394.366666667
84,194,394.383333333
85,194,394.4
86,194,394.416666667
87,194,394.433333333
88,194,394.45
89,194,394.466666667
90,194,394.483333333
91,194,394.5
92,194,394.516666667
93,194,394.533333333
94,194,394.55
95,194,394.566666667
96,194,394.583333333
97,194,394.6
98,194,394.616666667
99,194,394.633333333
100,194,394.65
101,194,394.666666667
102,194,394.683333333
103,194,394.7
104,194,394.716666667
105,194,394.733333333
106,194,394.75
107,194,394.766666667
108,194,394.783333333
109,194,394.8
110,194,394.816666667
111,194,394.833333333
112,194,394.85
113,194,394.866666667
114,194,394.883333333
115,194,394.9
116,194,394.916666667
117,194,394.933333333
118,194,394.95
119,194,394.966666667
120,194,394.983333333
1,195,395
2,195,395.016666667
3,195,395.033333333
4,195,395.05
5,195,395.066666667
6,195,395.083333333
7,195,395.1
8,195,395.116666667
9,195,395.133333333
10,195,395.15
11,195,395.166666667
12,195,395.183333333
13,195,395.2
14,195,395.216666667
15,195,395.233333333
16,195,395.25
17,195,395.266666667
18,195,395.283333333
19,195,395.3
20,195,395.316666667
21,195,395.333333333
22,195,395.35
23,195,395.366666667
24,195,395.383333333
25,195,395.4
26,195,395.416666667
27,195,395.433333333
28,195,395.45
29,195,395.466666667
30,195,395.483333333
31,195,395.5
32,195,395.516666667
33,195,395.533333333
34,195,395.55
35,195,395.566666667
36,195,395.583333333
37,195,395.6
38,195,395.616666667
39,195,395.633333333
40,195,395.65
41,195,395.666666667
42,195,395.683333333
43,195,395.7
44,195,395.716666667
45,195,395.733333333
46,195,395.75
47,195,395.766666667
48,195,395.783333333
49,195,395.8
50,195,395.816666667
51,195,395.833333333
52,195,395.85
53,195,395.866666667
54,195,395.883333333
55,195,395.9
56,195,395.916666667
57,195,395.933333333
58,195,395.95
59,195,395.966666667
60,195,395.983333333
61,195,396
62,195,396.016666667
63,195,396.033333333
64,195,396.05
65,195,396.066666667
66,195,396.083333333
67,195,396.1
68,195,396.116666667
69,195,396.133333333
70,195,396.15
71,195,396.166666667
72,195,396.183333333
73,195,396.2
74,195,396.216666667
75,195,396.233333333
76,195,396.25
77,195,396.266666667
78,195,396.283333333
79,195,396.3
80,195,396.316666667
81,195,396.333333333
82,195,396.35
83,195,396.366666667
84,195,396.383333333
85,195,396.4
86,195,396.416666667
87,195,396.433333333
88,195,396.45
89,195,396.466666667
90,195,396.483333333
91,195,396.5
92,195,396.516666667
93,195,396.533333333
94,195,396.55
95,195,396.566666667
96,195,396.583333333
97,195,396.6
98,195,396.616666667
99,195,396.633333333
100,195,396.65
101,195,396.666666667
102,195,396.683333333
103,195,396.7
104,195,396.716666667
105,195,396.733333333
106,195,396.75
107,195,396.766666667
108,195,396.783333333
109,195,396.8
110,195,396.816666667
111,195,396.833333333
112,195,396.85
113,195,396.866666667
114,195,396.883333333
115,195,396.9
116,195,396.916666667
117,195,396.933333333
118,195,396.95
119,195,396.966666667
120,195,396.983333333
1,196,397
2,196,397.016666667
3,196,397.033333333
4,196,397.05
5,196,397.066666667
6,196,397.083333333
7,196,397.1
8,196,397.116666667
9,196,397.133333333
10,196,397.15
11,196,397.166666667
12,196,397.183333333
13,196,397.2
14,196,397.216666667
15,196,397.233333333
16,196,397.25
17,196,397.266666667
18,196,397.283333333
19,196,397.3
20,196,397.316666667
21,196,397.333333333
22,196,397.35
23,196,397.366666667
24,196,397.383333333
25,196,397.4
26,196,397.416666667
27,196,397.433333333
28,196,397.45
29,196,397.466666667
30,196,397.483333333
31,196,397.5
32,196,397.516666667
33,196,397.533333333
34,196,397.55
35,196,397.566666667
36,196,397.583333333
37,196,397.6
38,196,397.616666667
39,196,397.633333333
40,196,397.65
41,196,397.666666667
42,196,397.683333333
43,196,397.7
44,196,397.716666667
45,196,397.733333333
46,196,397.75
47,196,397.766666667
48,196,397.783333333
49,196,397.8
50,196,397.816666667
51,196,397.833333333
52,196,397.85
53,196,397.866666667
54,196,397.883333333
55,196,397.9
56,196,397.916666667
57,196,397.933333333
58,196,397.95
59,196,397.966666667
60,196,397.983333333
61,196,398
62,196,398.016666667
63,196,398.033333333
64,196,398.05
65,196,398.066666667
66,196,398.083333333
67,196,398.1
68,196,398.116666667
69,196,398.133333333
70,196,398.15
71,196,398.166666667
72,196,398.183333333
73,196,398.2
74,196,398.216666667
75,196,398.233333333
76,196,398.25
77,196,398.266666667
78,196,398.283333333
79,196,398.3
80,196,398.316666667
81,196,398.333333333
82,196,398.35
83,196,398.366666667
84,196,398.383333333
85,196,398.4
86,196,398.416666667
87,196,398.433333333
88,196,398.45
89,196,398.466666667
90,196,398.483333333
91,196,398.5
92,196,398.516666667
93,196,398.533333333
94,196,398.55
95,196,398.566666667
96,196,398.583333333
97,196,398.6
98,196,398.616666667
99,196,398.633333333
100,196,398.65
101,196,398.666666667
102,196,398.683333333
103,196,398.7
104,196,398.716666667
105,196,398.733333333
106,196,398.75
107,196,398.766666667
108,196,398.783333333
109,196,398.8
110,196,398.816666667
111,196,398.833333333
112,196,398.85
113,196,398.866666667
114,196,398.883333333
115,196,398.9
116,196,398.916666667
117,196,398.933333333
118,196,398.95
119,196,398.966666667
120,196,398.983333333
1,197,399
2,197,399.016666667
3,197,399.033333333
4,197,399.05
5,197,399.066666667
6,197,399.083333333
7,197,399.1
8,197,399.116666667
9,197,399.133333333
10,197,399.15
11,197,399.166666667
12,197,399.183333333
13,197,399.2
14,197,399.216666667
15,197,399.233333333
16,197,399.25
17,197,399.266666667
18,197,399.283333333
19,197,399.3
20,197,399.316666667
21,197,399.333333333
22,197,399.35
23,197,399.366666667
24,197,399.383333333
25,197,399.4
26,197,399.416666667
27,197,399.433333333
28,197,399.45
29,197,399.466666667
30,197,399.483333333
31,197,399.5
32,197,399.516666667
33,197,399.533333333
34,197,399.55
35,197,399.566666667
36,197,399.583333333
37,197,399.6
38,197,399.616666667
39,197,399.633333333
40,197,399.65
41,197,399.666666667
42,197,399.683333333
43,197,399.7
44,197,399.716666667
45,197,399.733333333
46,197,399.75
47,197,399.766666667
48,197,399.783333333
49,197,399.8
50,197,399.816666667
51,197,399.833333333
52,197,399.85
53,197,399.866666667
54,197,399.883333333
55,197,399.9
56,197,399.916666667
57,197,399.933333333
58,197,399.95
59,197,399.966666667
60,197,399.983333333
61,197,400
62,197,400.016666667
63,197,400.033333333
64,197,400.05
65,197,400.066666667
66,197,400.083333333
67,197,400.1
68,197,400.116666667
69,197,400.133333333
70,197,400.15
71,197,400.166666667
72,197,400.183333333
73,197,400.2
74,197,400.216666667
75,197,400.233333333
76,197,400.25
77,197,400.266666667
78,197,400.283333333
79,197,400.3
80,197,400.316666667
81,197,400.333333333
82,197,400.35
83,197,400.366666667
84,197,400.383333333
85,197,400.4
86,197,400.416666667
87,197,400.433333333
88,197,400.45
89,197,400.466666667
90,197,400.483333333
91,197,400.5
92,197,400.516666667
93,197,400.533333333
94,197,400.55
95,197,400.566666667
96,197,400.583333333
97,197,400.6
98,197,400.616666667
99,197,400.633333333
100,197,400.65
101,197,400.666666667
102,197,400.683333333
103,197,400.7
104,197,400.716666667
105,197,400.733333333
106,197,400.75
107,197,400.766666667
108,197,400.783333333
109,197,400.8
110,197,400.816666667
111,197,400.833333333
112,197,400.85
113,197,400.866666667
114,197,400.883333333
115,197,400.9
116,197,400.916666667
117,197,400.933333333
118,197,400.95
119,197,400.966666667
120,197,400.983333333
1,198,401
2,198,401.016666667
3,198,401.033333333
4,198,401.05
5,198,401.066666667
6,198,401.083333333
7,198,401.1
8,198,401.116666667
9,198,401.133333333
10,198,401.15
11,198,401.166666667
12,198,401.183333333
13,198,401.2
14,198,401.216666667
15,198,401.233333333
16,198,401.25
17,198,401.266666667
18,198,401.283333333
19,198,401.3
20,198,401.316666667
21,198,401.333333333
22,198,401.35
23,198,401.366666667
24,198,401.383333333
25,198,401.4
26,198,401.416666667
27,198,401.433333333
28,198,401.45
29,198,401.466666667
30,198,401.483333333
31,198,401.5
32,198,401.516666667
33,198,401.533333333
34,198,401.55
35,198,401.566666667
36,198,401.583333333
37,198,401.6
38,198,401.616666667
39,198,401.633333333
40,198,401.65
41,198,401.666666667
42,198,401.683333333
43,198,401.7
44,198,401.716666667
45,198,401.733333333
46,198,401.75
47,198,401.766666667
48,198,401.783333333
49,198,401.8
50,198,401.816666667
51,198,401.833333333
52,198,401.85
53,198,401.866666667
54,198,401.883333333
55,198,401.9
56,198,401.916666667
57,198,401.933333333
58,198,401.95
59,198,401.966666667
60,198,401.983333333
61,198,402
62,198,402.016666667
63,198,402.033333333
64,198,402.05
65,198,402.066666667
66,198,402.083333333
67,198,402.1
68,198,402.116666667
69,198,402.133333333
70,198,402.15
71,198,402.166666667
72,198,402.183333333
73,198,402.2
74,198,402.216666667
75,198,402.233333333
76,198,402.25
77,198,402.266666667
78,198,402.283333333
79,198,402.3
80,198,402.316666667
81,198,402.333333333
82,198,402.35
83,198,402.366666667
84,198,402.383333333
85,198,402.4
86,198,402.416666667
87,198,402.433333333
88,198,402.45
89,198,402.466666667
90,198,402.483333333
91,198,402.5
92,198,402.516666667
93,198,402.533333333
94,198,402.55
95,198,402.566666667
96,198,402.583333333
97,198,402.6
98,198,402.616666667
99,198,402.633333333
100,198,402.65
101,198,402.666666667
102,198,402.683333333
103,198,402.7
104,198,402.716666667
105,198,402.733333333
106,198,402.75
107,198,402.766666667
108,198,402.783333333
109,198,402.8
110,198,402.816666667
111,198,402.833333333
112,198,402.85
113,198,402.866666667
114,198,402.883333333
115,198,402.9
116,198,402.916666667
117,198,402.933333333
118,198,402.95
119,198,402.966666667
120,198,402.983333333
1,199,403
2,199,403.016666667
3,199,403.033333333
4,199,403.05
5,199,403.066666667
6,199,403.083333333
7,199,403.1
8,199,403.116666667
9,199,403.133333333
10,199,403.15
11,199,403.166666667
12,199,403.183333333
13,199,403.2
14,199,403.216666667
15,199,403.233333333
16,199,403.25
17,199,403.266666667
18,199,403.283333333
19,199,403.3
20,199,403.316666667
21,199,403.333333333
22,199,403.35
23,199,403.366666667
24,199,403.383333333
25,199,403.4
26,199,403.416666667
27,199,403.433333333
28,199,403.45
29,199,403.466666667
30,199,403.483333333
31,199,403.5
32,199,403.516666667
33,199,403.533333333
34,199,403.55
35,199,403.566666667
36,199,403.583333333
37,199,403.6
38,199,403.616666667
39,199,403.633333333
40,199,403.65
41,199,403.666666667
42,199,403.683333333
43,199,403.7
44,199,403.716666667
45,199,403.733333333
46,199,403.75
47,199,403.766666667
48,199,403.783333333
49,199,403.8
50,199,403.816666667
51,199,403.833333333
52,199,403.85
53,199,403.866666667
54,199,403.883333333
55,199,403.9
56,199,403.916666667
57,199,403.933333333
58,199,403.95
59,199,403.966666667
60,199,403.983333333
61,199,404
62,199,404.016666667
63,199,404.033333333
64,199,404.05
65,199,404.066666667
66,199,404.083333333
67,199,404.1
68,199,404.116666667
69,199,404.133333333
70,199,404.15
71,199,404.166666667
72,199,404.183333333
73,199,404.2
74,199,404.216666667
75,199,404.233333333
76,199,404.25
77,199,404.266666667
78,199,404.283333333
79,199,404.3
80,199,404.316666667
81,199,404.333333333
82,199,404.35
83,199,404.366666667
84,199,404.383333333
85,199,404.4
86,199,404.416666667
87,199,404.433333333
88,199,404.45
89,199,404.466666667
90,199,404.483333333
91,199,404.5
92,199,404.516666667
93,199,404.533333333
94,199,404.55
95,199,404.566666667
96,199,404.583333333
97,199,404.6
98,199,404.616666667
99,199,404.633333333
100,199,404.65
101,199,404.666666667
102,199,404.683333333
103,199,404.7
104,199,404.716666667
105,199,404.733333333
106,199,404.75
107,199,404.766666667
108,199,404.783333333
109,199,404.8
110,199,404.816666667
111,199,404.833333333
112,199,404.85
113,199,404.866666667
114,199,404.883333333
115,199,404.9
116,199,404.916666667
117,199,404.933333333
118,199,404.95
119,199,404.966666667
120,199,404.983333333
1,200,405
2,200,405.016666667
3,200,405.033333333
4,200,405.05
5,200,405.066666667
6,200,405.083333333
7,200,405.1
8,200,405.116666667
9,200,405.133333333
10,200,405.15
11,200,405.166666667
12,200,405.183333333
13,200,405.2
14,200,405.216666667
15,200,405.233333333
16,200,405.25
17,200,405.266666667
18,200,405.283333333
19,200,405.3
20,200,405.316666667
21,200,405.333333333
22,200,405.35
23,200,405.366666667
24,200,405.383333333
25,200,405.4
26,200,405.416666667
27,200,405.433333333
28,200,405.45
29,200,405.466666667
30,200,405.483333333
31,200,405.5
32,200,405.516666667
33,200,405.533333333
34,200,405.55
35,200,405.566666667
36,200,405.583333333
37,200,405.6
38,200,405.616666667
39,200,405.633333333
40,200,405.65
41,200,405.666666667
42,200,405.683333333
43,200,405.7
44,200,405.716666667
45,200,405.733333333
46,200,405.75
47,200,405.766666667
48,200,405.783333333
49,200,405.8
50,200,405.816666667
51,200,405.833333333
52,200,405.85
53,200,405.866666667
54,200,405.883333333
55,200,405.9
56,200,405.916666667
57,200,405.933333333
58,200,405.95
59,200,405.966666667
60,200,405.983333333
61,200,406
62,200,406.016666667
63,200,406.033333333
64,200,406.05
65,200,406.066666667
66,200,406.083333333
67,200,406.1
68,200,406.116666667
69,200,406.133333333
70,200,406.15
71,200,406.166666667
72,200,406.183333333
73,200,406.2
74,200,406.216666667
75,200,406.233333333
76,200,406.25
77,200,406.266666667
78,200,406.283333333
79,200,406.3
80,200,406.316666667
81,200,406.333333333
82,200,406.35
83,200,406.366666667
84,200,406.383333333
85,200,406.4
86,200,406.416666667
87,200,406.433333333
88,200,406.45
89,200,406.466666667
90,200,406.483333333
91,200,406.5
92,200,406.516666667
93,200,406.533333333
94,200,406.55
95,200,406.566666667
96,200,406.583333333
97,200,406.6
98,200,406.616666667
99,200,406.633333333
100,200,406.65
101,200,406.666666667
102,200,406.683333333
103,200,406.7
104,200,406.716666667
105,200,406.733333333
106,200,406.75
107,200,406.766666667
108,200,406.783333333
109,200,406.8
110,200,406.816666667
111,200,406.833333333
112,200,406.85
113,200,406.866666667
114,200,406.883333333
115,200,406.9
116,200,406.916666667
117,200,406.933333333
118,200,406.95
119,200,406.966666667
120,200,406.983333333
1,201,407
2,201,407.016666667
3,201,407.033333333
4,201,407.05
5,201,407.066666667
6,201,407.083333333
7,201,407.1
8,201,407.116666667
9,201,407.133333333
10,201,407.15
11,201,407.166666667
12,201,407.183333333
13,201,407.2
14,201,407.216666667
15,201,407.233333333
16,201,407.25
17,201,407.266666667
18,201,407.283333333
19,201,407.3
20,201,407.316666667
21,201,407.333333333
22,201,407.35
23,201,407.366666667
24,201,407.383333333
25,201,407.4
26,201,407.416666667
27,201,407.433333333
28,201,407.45
29,201,407.466666667
30,201,407.483333333
31,201,407.5
32,201,407.516666667
33,201,407.533333333
34,201,407.55
35,201,407.566666667
36,201,407.583333333
37,201,407.6
38,201,407.616666667
39,201,407.633333333
40,201,407.65
41,201,407.666666667
42,201,407.683333333
43,201,407.7
44,201,407.716666667
45,201,407.733333333
46,201,407.75
47,201,407.766666667
48,201,407.783333333
49,201,407.8
50,201,407.816666667
51,201,407.833333333
52,201,407.85
53,201,407.866666667
54,201,407.883333333
55,201,407.9
56,201,407.916666667
57,201,407.933333333
58,201,407.95
59,201,407.966666667
60,201,407.983333333
61,201,408
62,201,408.016666667
63,201,408.033333333
64,201,408.05
65,201,408.066666667
66,201,408.083333333
67,201,408.1
68,201,408.116666667
69,201,408.133333333
70,201,408.15
71,201,408.166666667
72,201,408.183333333
73,201,408.2
74,201,408.216666667
75,201,408.233333333
76,201,408.25
77,201,408.266666667
78,201,408.283333333
79,201,408.3
80,201,408.316666667
81,201,408.333333333
82,201,408.35
83,201,408.366666667
84,201,408.383333333
85,201,408.4
86,201,408.416666667
87,201,408.433333333
88,201,408.45
89,201,408.466666667
90,201,408.483333333
91,201,408.5
92,201,408.516666667
93,201,408.533333333
94,201,408.55
95,201,408.566666667
96,201,408.583333333
97,201,408.6
98,201,408.616666667
99,201,408.633333333
100,201,408.65
101,201,408.666666667
102,201,408.683333333
103,201,408.7
104,201,408.716666667
105,201,408.733333333
106,201,408.75
107,201,408.766666667
108,201,408.783333333
109,201,408.8
110,201,408.816666667
111,201,408.833333333
112,201,408.85
113,201,408.866666667
114,201,408.883333333
115,201,408.9
116,201,408.916666667
117,201,408.933333333
118,201,408.95
119,201,408.966666667
120,201,408.983333333
1,202,409
2,202,409.016666667
3,202,409.033333333
4,202,409.05
5,202,409.066666667
6,202,409.083333333
7,202,409.1
8,202,409.116666667
9,202,409.133333333
10,202,409.15
11,202,409.166666667
12,202,409.183333333
13,202,409.2
14,202,409.216666667
15,202,409.233333333
16,202,409.25
17,202,409.266666667
18,202,409.283333333
19,202,409.3
20,202,409.316666667
21,202,409.333333333
22,202,409.35
23,202,409.366666667
24,202,409.383333333
25,202,409.4
26,202,409.416666667
27,202,409.433333333
28,202,409.45
29,202,409.466666667
30,202,409.483333333
31,202,409.5
32,202,409.516666667
33,202,409.533333333
34,202,409.55
35,202,409.566666667
36,202,409.583333333
37,202,409.6
38,202,409.616666667
39,202,409.633333333
40,202,409.65
41,202,409.666666667
42,202,409.683333333
43,202,409.7
44,202,409.716666667
45,202,409.733333333
46,202,409.75
47,202,409.766666667
48,202,409.783333333
49,202,409.8
50,202,409.816666667
51,202,409.833333333
52,202,409.85
53,202,409.866666667
54,202,409.883333333
55,202,409.9
56,202,409.916666667
57,202,409.933333333
58,202,409.95
59,202,409.966666667
60,202,409.983333333
61,202,410
62,202,410.016666667
63,202,410.033333333
64,202,410.05
65,202,410.066666667
66,202,410.083333333
67,202,410.1
68,202,410.116666667
69,202,410.133333333
70,202,410.15
71,202,410.166666667
72,202,410.183333333
73,202,410.2
74,202,410.216666667
75,202,410.233333333
76,202,410.25
77,202,410.266666667
78,202,410.283333333
79,202,410.3
80,202,410.316666667
81,202,410.333333333
82,202,410.35
83,202,410.366666667
84,202,410.383333333
85,202,410.4
86,202,410.416666667
87,202,410.433333333
88,202,410.45
89,202,410.466666667
90,202,410.483333333
91,202,410.5
92,202,410.516666667
93,202,410.533333333
94,202,410.55
95,202,410.566666667
96,202,410.583333333
97,202,410.6
98,202,410.616666667
99,202,410.633333333
100,202,410.65
101,202,410.666666667
102,202,410.683333333
103,202,410.7
104,202,410.716666667
105,202,410.733333333
106,202,410.75
107,202,410.766666667
108,202,410.783333333
109,202,410.8
110,202,410.816666667
111,202,410.833333333
112,202,410.85
113,202,410.866666667
114,202,410.883333333
115,202,410.9
116,202,410.916666667
117,202,410.933333333
118,202,410.95
119,202,410.966666667
120,202,410.983333333
1,203,411
2,203,411.016666667
3,203,411.033333333
4,203,411.05
5,203,411.066666667
6,203,411.083333333
7,203,411.1
8,203,411.116666667
9,203,411.133333333
10,203,411.15
11,203,411.166666667
12,203,411.183333333
13,203,411.2
14,203,411.216666667
15,203,411.233333333
16,203,411.25
17,203,411.266666667
18,203,411.283333333
19,203,411.3
20,203,411.316666667
21,203,411.333333333
22,203,411.35
23,203,411.366666667
24,203,411.383333333
25,203,411.4
26,203,411.416666667
27,203,411.433333333
28,203,411.45
29,203,411.466666667
30,203,411.483333333
31,203,411.5
32,203,411.516666667
33,203,411.533333333
34,203,411.55
35,203,411.566666667
36,203,411.583333333
37,203,411.6
38,203,411.616666667
39,203,411.633333333
40,203,411.65
41,203,411.666666667
42,203,411.683333333
43,203,411.7
44,203,411.716666667
45,203,411.733333333
46,203,411.75
47,203,411.766666667
48,203,411.783333333
49,203,411.8
50,203,411.816666667
51,203,411.833333333
52,203,411.85
53,203,411.866666667
54,203,411.883333333
55,203,411.9
56,203,411.916666667
57,203,411.933333333
58,203,411.95
59,203,411.966666667
60,203,411.983333333
61,203,412
62,203,412.016666667
63,203,412.033333333
64,203,412.05
65,203,412.066666667
66,203,412.083333333
67,203,412.1
68,203,412.116666667
69,203,412.133333333
70,203,412.15
71,203,412.166666667
72,203,412.183333333
73,203,412.2
74,203,412.216666667
75,203,412.233333333
76,203,412.25
77,203,412.266666667
78,203,412.283333333
79,203,412.3
80,203,412.316666667
81,203,412.333333333
82,203,412.35
83,203,412.366666667
84,203,412.383333333
85,203,412.4
86,203,412.416666667
87,203,412.433333333
88,203,412.45
89,203,412.466666667
90,203,412.483333333
91,203,412.5
92,203,412.516666667
93,203,412.533333333
94,203,412.55
95,203,412.566666667
96,203,412.583333333
97,203,412.6
98,203,412.616666667
99,203,412.633333333
100,203,412.65
101,203,412.666666667
102,203,412.683333333
103,203,412.7
104,203,412.716666667
105,203,412.733333333
106,203,412.75
107,203,412.766666667
108,203,412.783333333
109,203,412.8
110,203,412.816666667
111,203,412.833333333
112,203,412.85
113,203,412.866666667
114,203,412.883333333
115,203,412.9
116,203,412.916666667
117,203,412.933333333
118,203,412.95
119,203,412.966666667
120,203,412.983333333
1,204,413
2,204,413.016666667
3,204,413.033333333
4,204,413.05
5,204,413.066666667
6,204,413.083333333
7,204,413.1
8,204,413.116666667
9,204,413.133333333
10,204,413.15
11,204,413.166666667
12,204,413.183333333
13,204,413.2
14,204,413.216666667
15,204,413.233333333
16,204,413.25
17,204,413.266666667
18,204,413.283333333
19,204,413.3
20,204,413.316666667
21,204,413.333333333
22,204,413.35
23,204,413.366666667
24,204,413.383333333
25,204,413.4
26,204,413.416666667
27,204,413.433333333
28,204,413.45
29,204,413.466666667
30,204,413.483333333
31,204,413.5
32,204,413.516666667
33,204,413.533333333
34,204,413.55
35,204,413.566666667
36,204,413.583333333
37,204,413.6
38,204,413.616666667
39,204,413.633333333
40,204,413.65
41,204,413.666666667
42,204,413.683333333
43,204,413.7
44,204,413.716666667
45,204,413.733333333
46,204,413.75
47,204,413.766666667
48,204,413.783333333
49,204,413.8
50,204,413.816666667
51,204,413.833333333
52,204,413.85
53,204,413.866666667
54,204,413.883333333
55,204,413.9
56,204,413.916666667
57,204,413.933333333
58,204,413.95
59,204,413.966666667
60,204,413.983333333
61,204,414
62,204,414.016666667
63,204,414.033333333
64,204,414.05
65,204,414.066666667
66,204,414.083333333
67,204,414.1
68,204,414.116666667
69,204,414.133333333
70,204,414.15
71,204,414.166666667
72,204,414.183333333
73,204,414.2
74,204,414.216666667
75,204,414.233333333
76,204,414.25
77,204,414.266666667
78,204,414.283333333
79,204,414.3
80,204,414.316666667
81,204,414.333333333
82,204,414.35
83,204,414.366666667
84,204,414.383333333
85,204,414.4
86,204,414.416666667
87,204,414.433333333
88,204,414.45
89,204,414.466666667
90,204,414.483333333
91,204,414.5
92,204,414.516666667
93,204,414.533333333
94,204,414.55
95,204,414.566666667
96,204,414.583333333
97,204,414.6
98,204,414.616666667
99,204,414.633333333
100,204,414.65
101,204,414.666666667
102,204,414.683333333
103,204,414.7
104,204,414.716666667
105,204,414.733333333
106,204,414.75
107,204,414.766666667
108,204,414.783333333
109,204,414.8
110,204,414.816666667
111,204,414.833333333
112,204,414.85
113,204,414.866666667
114,204,414.883333333
115,204,414.9
116,204,414.916666667
117,204,414.933333333
118,204,414.95
119,204,414.966666667
120,204,414.983333333
1,205,415
2,205,415.016666667
3,205,415.033333333
4,205,415.05
5,205,415.066666667
6,205,415.083333333
7,205,415.1
8,205,415.116666667
9,205,415.133333333
10,205,415.15
11,205,415.166666667
12,205,415.183333333
13,205,415.2
14,205,415.216666667
15,205,415.233333333
16,205,415.25
17,205,415.266666667
18,205,415.283333333
19,205,415.3
20,205,415.316666667
21,205,415.333333333
22,205,415.35
23,205,415.366666667
24,205,415.383333333
25,205,415.4
26,205,415.416666667
27,205,415.433333333
28,205,415.45
29,205,415.466666667
30,205,415.483333333
31,205,415.5
32,205,415.516666667
33,205,415.533333333
34,205,415.55
35,205,415.566666667
36,205,415.583333333
37,205,415.6
38,205,415.616666667
39,205,415.633333333
40,205,415.65
41,205,415.666666667
42,205,415.683333333
43,205,415.7
44,205,415.716666667
45,205,415.733333333
46,205,415.75
47,205,415.766666667
48,205,415.783333333
49,205,415.8
50,205,415.816666667
51,205,415.833333333
52,205,415.85
53,205,415.866666667
54,205,415.883333333
55,205,415.9
56,205,415.916666667
57,205,415.933333333
58,205,415.95
59,205,415.966666667
60,205,415.983333333
61,205,416
62,205,416.016666667
63,205,416.033333333
64,205,416.05
65,205,416.066666667
66,205,416.083333333
67,205,416.1
68,205,416.116666667
69,205,416.133333333
70,205,416.15
71,205,416.166666667
72,205,416.183333333
73,205,416.2
74,205,416.216666667
75,205,416.233333333
76,205,416.25
77,205,416.266666667
78,205,416.283333333
79,205,416.3
80,205,416.316666667
81,205,416.333333333
82,205,416.35
83,205,416.366666667
84,205,416.383333333
85,205,416.4
86,205,416.416666667
87,205,416.433333333
88,205,416.45
89,205,416.466666667
90,205,416.483333333
91,205,416.5
92,205,416.516666667
93,205,416.533333333
94,205,416.55
95,205,416.566666667
96,205,416.583333333
97,205,416.6
98,205,416.616666667
99,205,416.633333333
100,205,416.65
101,205,416.666666667
102,205,416.683333333
103,205,416.7
104,205,416.716666667
105,205,416.733333333
106,205,416.75
107,205,416.766666667
108,205,416.783333333
109,205,416.8
110,205,416.816666667
111,205,416.833333333
112,205,416.85
113,205,416.866666667
114,205,416.883333333
115,205,416.9
116,205,416.916666667
117,205,416.933333333
118,205,416.95
119,205,416.966666667
120,205,416.983333333
1,206,417
2,206,417.016666667
3,206,417.033333333
4,206,417.05
5,206,417.066666667
6,206,417.083333333
7,206,417.1
8,206,417.116666667
9,206,417.133333333
10,206,417.15
11,206,417.166666667
12,206,417.183333333
13,206,417.2
14,206,417.216666667
15,206,417.233333333
16,206,417.25
17,206,417.266666667
18,206,417.283333333
19,206,417.3
20,206,417.316666667
21,206,417.333333333
22,206,417.35
23,206,417.366666667
24,206,417.383333333
25,206,417.4
26,206,417.416666667
27,206,417.433333333
28,206,417.45
29,206,417.466666667
30,206,417.483333333
31,206,417.5
32,206,417.516666667
33,206,417.533333333
34,206,417.55
35,206,417.566666667
36,206,417.583333333
37,206,417.6
38,206,417.616666667
39,206,417.633333333
40,206,417.65
41,206,417.666666667
42,206,417.683333333
43,206,417.7
44,206,417.716666667
45,206,417.733333333
46,206,417.75
47,206,417.766666667
48,206,417.783333333
49,206,417.8
50,206,417.816666667
51,206,417.833333333
52,206,417.85
53,206,417.866666667
54,206,417.883333333
55,206,417.9
56,206,417.916666667
57,206,417.933333333
58,206,417.95
59,206,417.966666667
60,206,417.983333333
61,206,418
62,206,418.016666667
63,206,418.033333333
64,206,418.05
65,206,418.066666667
66,206,418.083333333
67,206,418.1
68,206,418.116666667
69,206,418.133333333
70,206,418.15
71,206,418.166666667
72,206,418.183333333
73,206,418.2
74,206,418.216666667
75,206,418.233333333
76,206,418.25
77,206,418.266666667
78,206,418.283333333
79,206,418.3
80,206,418.316666667
81,206,418.333333333
82,206,418.35
83,206,418.366666667
84,206,418.383333333
85,206,418.4
86,206,418.416666667
87,206,418.433333333
88,206,418.45
89,206,418.466666667
90,206,418.483333333
91,206,418.5
92,206,418.516666667
93,206,418.533333333
94,206,418.55
95,206,418.566666667
96,206,418.583333333
97,206,418.6
98,206,418.616666667
99,206,418.633333333
100,206,418.65
101,206,418.666666667
102,206,418.683333333
103,206,418.7
104,206,418.716666667
105,206,418.733333333
106,206,418.75
107,206,418.766666667
108,206,418.783333333
109,206,418.8
110,206,418.816666667
111,206,418.833333333
112,206,418.85
113,206,418.866666667
114,206,418.883333333
115,206,418.9
116,206,418.916666667
117,206,418.933333333
118,206,418.95
119,206,418.966666667
120,206,418.983333333
1,207,419
2,207,419.016666667
3,207,419.033333333
4,207,419.05
5,207,419.066666667
6,207,419.083333333
7,207,419.1
8,207,419.116666667
9,207,419.133333333
10,207,419.15
11,207,419.166666667
12,207,419.183333333
13,207,419.2
14,207,419.216666667
15,207,419.233333333
16,207,419.25
17,207,419.266666667
18,207,419.283333333
19,207,419.3
20,207,419.316666667
21,207,419.333333333
22,207,419.35
23,207,419.366666667
24,207,419.383333333
25,207,419.4
26,207,419.416666667
27,207,419.433333333
28,207,419.45
29,207,419.466666667
30,207,419.483333333
31,207,419.5
32,207,419.516666667
33,207,419.533333333
34,207,419.55
35,207,419.566666667
36,207,419.583333333
37,207,419.6
38,207,419.616666667
39,207,419.633333333
40,207,419.65
41,207,419.666666667
42,207,419.683333333
43,207,419.7
44,207,419.716666667
45,207,419.733333333
46,207,419.75
47,207,419.766666667
48,207,419.783333333
49,207,419.8
50,207,419.816666667
51,207,419.833333333
52,207,419.85
53,207,419.866666667
54,207,419.883333333
55,207,419.9
56,207,419.916666667
57,207,419.933333333
58,207,419.95
59,207,419.966666667
60,207,419.983333333
61,207,420
62,207,420.016666667
63,207,420.033333333
64,207,420.05
65,207,420.066666667
66,207,420.083333333
67,207,420.1
68,207,420.116666667
69,207,420.133333333
70,207,420.15
71,207,420.166666667
72,207,420.183333333
73,207,420.2
74,207,420.216666667
75,207,420.233333333
76,207,420.25
77,207,420.266666667
78,207,420.283333333
79,207,420.3
80,207,420.316666667
81,207,420.333333333
82,207,420.35
83,207,420.366666667
84,207,420.383333333
85,207,420.4
86,207,420.416666667
87,207,420.433333333
88,207,420.45
89,207,420.466666667
90,207,420.483333333
91,207,420.5
92,207,420.516666667
93,207,420.533333333
94,207,420.55
95,207,420.566666667
96,207,420.583333333
97,207,420.6
98,207,420.616666667
99,207,420.633333333
100,207,420.65
101,207,420.666666667
102,207,420.683333333
103,207,420.7
104,207,420.716666667
105,207,420.733333333
106,207,420.75
107,207,420.766666667
108,207,420.783333333
109,207,420.8
110,207,420.816666667
111,207,420.833333333
112,207,420.85
113,207,420.866666667
114,207,420.883333333
115,207,420.9
116,207,420.916666667
117,207,420.933333333
118,207,420.95
119,207,420.966666667
120,207,420.983333333
1,208,421
2,208,421.016666667
3,208,421.033333333
4,208,421.05
5,208,421.066666667
6,208,421.083333333
7,208,421.1
8,208,421.116666667
9,208,421.133333333
10,208,421.15
11,208,421.166666667
12,208,421.183333333
13,208,421.2
14,208,421.216666667
15,208,421.233333333
16,208,421.25
17,208,421.266666667
18,208,421.283333333
19,208,421.3
20,208,421.316666667
21,208,421.333333333
22,208,421.35
23,208,421.366666667
24,208,421.383333333
25,208,421.4
26,208,421.416666667
27,208,421.433333333
28,208,421.45
29,208,421.466666667
30,208,421.483333333
31,208,421.5
32,208,421.516666667
33,208,421.533333333
34,208,421.55
35,208,421.566666667
36,208,421.583333333
37,208,421.6
38,208,421.616666667
39,208,421.633333333
40,208,421.65
41,208,421.666666667
42,208,421.683333333
43,208,421.7
44,208,421.716666667
45,208,421.733333333
46,208,421.75
47,208,421.766666667
48,208,421.783333333
49,208,421.8
50,208,421.816666667
51,208,421.833333333
52,208,421.85
53,208,421.866666667
54,208,421.883333333
55,208,421.9
56,208,421.916666667
57,208,421.933333333
58,208,421.95
59,208,421.966666667
60,208,421.983333333
61,208,422
62,208,422.016666667
63,208,422.033333333
64,208,422.05
65,208,422.066666667
66,208,422.083333333
67,208,422.1
68,208,422.116666667
69,208,422.133333333
70,208,422.15
71,208,422.166666667
72,208,422.183333333
73,208,422.2
74,208,422.216666667
75,208,422.233333333
76,208,422.25
77,208,422.266666667
78,208,422.283333333
79,208,422.3
80,208,422.316666667
81,208,422.333333333
82,208,422.35
83,208,422.366666667
84,208,422.383333333
85,208,422.4
86,208,422.416666667
87,208,422.433333333
88,208,422.45
89,208,422.466666667
90,208,422.483333333
91,208,422.5
92,208,422.516666667
93,208,422.533333333
94,208,422.55
95,208,422.566666667
96,208,422.583333333
97,208,422.6
98,208,422.616666667
99,208,422.633333333
100,208,422.65
101,208,422.666666667
102,208,422.683333333
103,208,422.7
104,208,422.716666667
105,208,422.733333333
106,208,422.75
107,208,422.766666667
108,208,422.783333333
109,208,422.8
110,208,422.816666667
111,208,422.833333333
112,208,422.85
113,208,422.866666667
114,208,422.883333333
115,208,422.9
116,208,422.916666667
117,208,422.933333333
118,208,422.95
119,208,422.966666667
120,208,422.983333333
1,209,423
2,209,423.016666667
3,209,423.033333333
4,209,423.05
5,209,423.066666667
6,209,423.083333333
7,209,423.1
8,209,423.116666667
9,209,423.133333333
10,209,423.15
11,209,423.166666667
12,209,423.183333333
13,209,423.2
14,209,423.216666667
15,209,423.233333333
16,209,423.25
17,209,423.266666667
18,209,423.283333333
19,209,423.3
20,209,423.316666667
21,209,423.333333333
22,209,423.35
23,209,423.366666667
24,209,423.383333333
25,209,423.4
26,209,423.416666667
27,209,423.433333333
28,209,423.45
29,209,423.466666667
30,209,423.483333333
31,209,423.5
32,209,423.516666667
33,209,423.533333333
34,209,423.55
35,209,423.566666667
36,209,423.583333333
37,209,423.6
38,209,423.616666667
39,209,423.633333333
40,209,423.65
41,209,423.666666667
42,209,423.683333333
43,209,423.7
44,209,423.716666667
45,209,423.733333333
46,209,423.75
47,209,423.766666667
48,209,423.783333333
49,209,423.8
50,209,423.816666667
51,209,423.833333333
52,209,423.85
53,209,423.866666667
54,209,423.883333333
55,209,423.9
56,209,423.916666667
57,209,423.933333333
58,209,423.95
59,209,423.966666667
60,209,423.983333333
61,209,424
62,209,424.016666667
63,209,424.033333333
64,209,424.05
65,209,424.066666667
66,209,424.083333333
67,209,424.1
68,209,424.116666667
69,209,424.133333333
70,209,424.15
71,209,424.166666667
72,209,424.183333333
73,209,424.2
74,209,424.216666667
75,209,424.233333333
76,209,424.25
77,209,424.266666667
78,209,424.283333333
79,209,424.3
80,209,424.316666667
81,209,424.333333333
82,209,424.35
83,209,424.366666667
84,209,424.383333333
85,209,424.4
86,209,424.416666667
87,209,424.433333333
88,209,424.45
89,209,424.466666667
90,209,424.483333333
91,209,424.5
92,209,424.516666667
93,209,424.533333333
94,209,424.55
95,209,424.566666667
96,209,424.583333333
97,209,424.6
98,209,424.616666667
99,209,424.633333333
100,209,424.65
101,209,424.666666667
102,209,424.683333333
103,209,424.7
104,209,424.716666667
105,209,424.733333333
106,209,424.75
107,209,424.766666667
108,209,424.783333333
109,209,424.8
110,209,424.816666667
111,209,424.833333333
112,209,424.85
113,209,424.866666667
114,209,424.883333333
115,209,424.9
116,209,424.916666667
117,209,424.933333333
118,209,424.95
119,209,424.966666667
120,209,424.983333333
1,210,425
2,210,425.016666667
3,210,425.033333333
4,210,425.05
5,210,425.066666667
6,210,425.083333333
7,210,425.1
8,210,425.116666667
9,210,425.133333333
10,210,425.15
11,210,425.166666667
12,210,425.183333333
13,210,425.2
14,210,425.216666667
15,210,425.233333333
16,210,425.25
17,210,425.266666667
18,210,425.283333333
19,210,425.3
20,210,425.316666667
21,210,425.333333333
22,210,425.35
23,210,425.366666667
24,210,425.383333333
25,210,425.4
26,210,425.416666667
27,210,425.433333333
28,210,425.45
29,210,425.466666667
30,210,425.483333333
31,210,425.5
32,210,425.516666667
33,210,425.533333333
34,210,425.55
35,210,425.566666667
36,210,425.583333333
37,210,425.6
38,210,425.616666667
39,210,425.633333333
40,210,425.65
41,210,425.666666667
42,210,425.683333333
43,210,425.7
44,210,425.716666667
45,210,425.733333333
46,210,425.75
47,210,425.766666667
48,210,425.783333333
49,210,425.8
50,210,425.816666667
51,210,425.833333333
52,210,425.85
53,210,425.866666667
54,210,425.883333333
55,210,425.9
56,210,425.916666667
57,210,425.933333333
58,210,425.95
59,210,425.966666667
60,210,425.983333333
61,210,426
62,210,426.016666667
63,210,426.033333333
64,210,426.05
65,210,426.066666667
66,210,426.083333333
67,210,426.1
68,210,426.116666667
69,210,426.133333333
70,210,426.15
71,210,426.166666667
72,210,426.183333333
73,210,426.2
74,210,426.216666667
75,210,426.233333333
76,210,426.25
77,210,426.266666667
78,210,426.283333333
79,210,426.3
80,210,426.316666667
81,210,426.333333333
82,210,426.35
83,210,426.366666667
84,210,426.383333333
85,210,426.4
86,210,426.416666667
87,210,426.433333333
88,210,426.45
89,210,426.466666667
90,210,426.483333333
91,210,426.5
92,210,426.516666667
93,210,426.533333333
94,210,426.55
95,210,426.566666667
96,210,426.583333333
97,210,426.6
98,210,426.616666667
99,210,426.633333333
100,210,426.65
101,210,426.666666667
102,210,426.683333333
103,210,426.7
104,210,426.716666667
105,210,426.733333333
106,210,426.75
107,210,426.766666667
108,210,426.783333333
109,210,426.8
110,210,426.816666667
111,210,426.833333333
112,210,426.85
113,210,426.866666667
114,210,426.883333333
115,210,426.9
116,210,426.916666667
117,210,426.933333333
118,210,426.95
119,210,426.966666667
120,210,426.983333333
1,211,427
2,211,427.016666667
3,211,427.033333333
4,211,427.05
5,211,427.066666667
6,211,427.083333333
7,211,427.1
8,211,427.116666667
9,211,427.133333333
10,211,427.15
11,211,427.166666667
12,211,427.183333333
13,211,427.2
14,211,427.216666667
15,211,427.233333333
16,211,427.25
17,211,427.266666667
18,211,427.283333333
19,211,427.3
20,211,427.316666667
21,211,427.333333333
22,211,427.35
23,211,427.366666667
24,211,427.383333333
25,211,427.4
26,211,427.416666667
27,211,427.433333333
28,211,427.45
29,211,427.466666667
30,211,427.483333333
31,211,427.5
32,211,427.516666667
33,211,427.533333333
34,211,427.55
35,211,427.566666667
36,211,427.583333333
37,211,427.6
38,211,427.616666667
39,211,427.633333333
40,211,427.65
41,211,427.666666667
42,211,427.683333333
43,211,427.7
44,211,427.716666667
45,211,427.733333333
46,211,427.75
47,211,427.766666667
48,211,427.783333333
49,211,427.8
50,211,427.816666667
51,211,427.833333333
52,211,427.85
53,211,427.866666667
54,211,427.883333333
55,211,427.9
56,211,427.916666667
57,211,427.933333333
58,211,427.95
59,211,427.966666667
60,211,427.983333333
61,211,428
62,211,428.016666667
63,211,428.033333333
64,211,428.05
65,211,428.066666667
66,211,428.083333333
67,211,428.1
68,211,428.116666667
69,211,428.133333333
70,211,428.15
71,211,428.166666667
72,211,428.183333333
73,211,428.2
74,211,428.216666667
75,211,428.233333333
76,211,428.25
77,211,428.266666667
78,211,428.283333333
79,211,428.3
80,211,428.316666667
81,211,428.333333333
82,211,428.35
83,211,428.366666667
84,211,428.383333333
85,211,428.4
86,211,428.416666667
87,211,428.433333333
88,211,428.45
89,211,428.466666667
90,211,428.483333333
91,211,428.5
92,211,428.516666667
93,211,428.533333333
94,211,428.55
95,211,428.566666667
96,211,428.583333333
97,211,428.6
98,211,428.616666667
99,211,428.633333333
100,211,428.65
101,211,428.666666667
102,211,428.683333333
103,211,428.7
104,211,428.716666667
105,211,428.733333333
106,211,428.75
107,211,428.766666667
108,211,428.783333333
109,211,428.8
110,211,428.816666667
111,211,428.833333333
112,211,428.85
113,211,428.866666667
114,211,428.883333333
115,211,428.9
116,211,428.916666667
117,211,428.933333333
118,211,428.95
119,211,428.966666667
120,211,428.983333333
1,212,429
2,212,429.016666667
3,212,429.033333333
4,212,429.05
5,212,429.066666667
6,212,429.083333333
7,212,429.1
8,212,429.116666667
9,212,429.133333333
10,212,429.15
11,212,429.166666667
12,212,429.183333333
13,212,429.2
14,212,429.216666667
15,212,429.233333333
16,212,429.25
17,212,429.266666667
18,212,429.283333333
19,212,429.3
20,212,429.316666667
21,212,429.333333333
22,212,429.35
23,212,429.366666667
24,212,429.383333333
25,212,429.4
26,212,429.416666667
27,212,429.433333333
28,212,429.45
29,212,429.466666667
30,212,429.483333333
31,212,429.5
32,212,429.516666667
33,212,429.533333333
34,212,429.55
35,212,429.566666667
36,212,429.583333333
37,212,429.6
38,212,429.616666667
39,212,429.633333333
40,212,429.65
41,212,429.666666667
42,212,429.683333333
43,212,429.7
44,212,429.716666667
45,212,429.733333333
46,212,429.75
47,212,429.766666667
48,212,429.783333333
49,212,429.8
50,212,429.816666667
51,212,429.833333333
52,212,429.85
53,212,429.866666667
54,212,429.883333333
55,212,429.9
56,212,429.916666667
57,212,429.933333333
58,212,429.95
59,212,429.966666667
60,212,429.983333333
61,212,430
62,212,430.016666667
63,212,430.033333333
64,212,430.05
65,212,430.066666667
66,212,430.083333333
67,212,430.1
68,212,430.116666667
69,212,430.133333333
70,212,430.15
71,212,430.166666667
72,212,430.183333333
73,212,430.2
74,212,430.216666667
75,212,430.233333333
76,212,430.25
77,212,430.266666667
78,212,430.283333333
79,212,430.3
80,212,430.316666667
81,212,430.333333333
82,212,430.35
83,212,430.366666667
84,212,430.383333333
85,212,430.4
86,212,430.416666667
87,212,430.433333333
88,212,430.45
89,212,430.466666667
90,212,430.483333333
91,212,430.5
92,212,430.516666667
93,212,430.533333333
94,212,430.55
95,212,430.566666667
96,212,430.583333333
97,212,430.6
98,212,430.616666667
99,212,430.633333333
100,212,430.65
101,212,430.666666667
102,212,430.683333333
103,212,430.7
104,212,430.716666667
105,212,430.733333333
106,212,430.75
107,212,430.766666667
108,212,430.783333333
109,212,430.8
110,212,430.816666667
111,212,430.833333333
112,212,430.85
113,212,430.866666667
114,212,430.883333333
115,212,430.9
116,212,430.916666667
117,212,430.933333333
118,212,430.95
119,212,430.966666667
120,212,430.983333333
1,213,431
2,213,431.016666667
3,213,431.033333333
4,213,431.05
5,213,431.066666667
6,213,431.083333333
7,213,431.1
8,213,431.116666667
9,213,431.133333333
10,213,431.15
11,213,431.166666667
12,213,431.183333333
13,213,431.2
14,213,431.216666667
15,213,431.233333333
16,213,431.25
17,213,431.266666667
18,213,431.283333333
19,213,431.3
20,213,431.316666667
21,213,431.333333333
22,213,431.35
23,213,431.366666667
24,213,431.383333333
25,213,431.4
26,213,431.416666667
27,213,431.433333333
28,213,431.45
29,213,431.466666667
30,213,431.483333333
31,213,431.5
32,213,431.516666667
33,213,431.533333333
34,213,431.55
35,213,431.566666667
36,213,431.583333333
37,213,431.6
38,213,431.616666667
39,213,431.633333333
40,213,431.65
41,213,431.666666667
42,213,431.683333333
43,213,431.7
44,213,431.716666667
45,213,431.733333333
46,213,431.75
47,213,431.766666667
48,213,431.783333333
49,213,431.8
50,213,431.816666667
51,213,431.833333333
52,213,431.85
53,213,431.866666667
54,213,431.883333333
55,213,431.9
56,213,431.916666667
57,213,431.933333333
58,213,431.95
59,213,431.966666667
60,213,431.983333333
61,213,432
62,213,432.016666667
63,213,432.033333333
64,213,432.05
65,213,432.066666667
66,213,432.083333333
67,213,432.1
68,213,432.116666667
69,213,432.133333333
70,213,432.15
71,213,432.166666667
72,213,432.183333333
73,213,432.2
74,213,432.216666667
75,213,432.233333333
76,213,432.25
77,213,432.266666667
78,213,432.283333333
79,213,432.3
80,213,432.316666667
81,213,432.333333333
82,213,432.35
83,213,432.366666667
84,213,432.383333333
85,213,432.4
86,213,432.416666667
87,213,432.433333333
88,213,432.45
89,213,432.466666667
90,213,432.483333333
91,213,432.5
92,213,432.516666667
93,213,432.533333333
94,213,432.55
95,213,432.566666667
96,213,432.583333333
97,213,432.6
98,213,432.616666667
99,213,432.633333333
100,213,432.65
101,213,432.666666667
102,213,432.683333333
103,213,432.7
104,213,432.716666667
105,213,432.733333333
106,213,432.75
107,213,432.766666667
108,213,432.783333333
109,213,432.8
110,213,432.816666667
111,213,432.833333333
112,213,432.85
113,213,432.866666667
114,213,432.883333333
115,213,432.9
116,213,432.916666667
117,213,432.933333333
118,213,432.95
119,213,432.966666667
120,213,432.983333333
1,214,433
2,214,433.016666667
3,214,433.033333333
4,214,433.05
5,214,433.066666667
6,214,433.083333333
7,214,433.1
8,214,433.116666667
9,214,433.133333333
10,214,433.15
11,214,433.166666667
12,214,433.183333333
13,214,433.2
14,214,433.216666667
15,214,433.233333333
16,214,433.25
17,214,433.266666667
18,214,433.283333333
19,214,433.3
20,214,433.316666667
21,214,433.333333333
22,214,433.35
23,214,433.366666667
24,214,433.383333333
25,214,433.4
26,214,433.416666667
27,214,433.433333333
28,214,433.45
29,214,433.466666667
30,214,433.483333333
31,214,433.5
32,214,433.516666667
33,214,433.533333333
34,214,433.55
35,214,433.566666667
36,214,433.583333333
37,214,433.6
38,214,433.616666667
39,214,433.633333333
40,214,433.65
41,214,433.666666667
42,214,433.683333333
43,214,433.7
44,214,433.716666667
45,214,433.733333333
46,214,433.75
47,214,433.766666667
48,214,433.783333333
49,214,433.8
50,214,433.816666667
51,214,433.833333333
52,214,433.85
53,214,433.866666667
54,214,433.883333333
55,214,433.9
56,214,433.916666667
57,214,433.933333333
58,214,433.95
59,214,433.966666667
60,214,433.983333333
61,214,434
62,214,434.016666667
63,214,434.033333333
64,214,434.05
65,214,434.066666667
66,214,434.083333333
67,214,434.1
68,214,434.116666667
69,214,434.133333333
70,214,434.15
71,214,434.166666667
72,214,434.183333333
73,214,434.2
74,214,434.216666667
75,214,434.233333333
76,214,434.25
77,214,434.266666667
78,214,434.283333333
79,214,434.3
80,214,434.316666667
81,214,434.333333333
82,214,434.35
83,214,434.366666667
84,214,434.383333333
85,214,434.4
86,214,434.416666667
87,214,434.433333333
88,214,434.45
89,214,434.466666667
90,214,434.483333333
91,214,434.5
92,214,434.516666667
93,214,434.533333333
94,214,434.55
95,214,434.566666667
96,214,434.583333333
97,214,434.6
98,214,434.616666667
99,214,434.633333333
100,214,434.65
101,214,434.666666667
102,214,434.683333333
103,214,434.7
104,214,434.716666667
105,214,434.733333333
106,214,434.75
107,214,434.766666667
108,214,434.783333333
109,214,434.8
110,214,434.816666667
111,214,434.833333333
112,214,434.85
113,214,434.866666667
114,214,434.883333333
115,214,434.9
116,214,434.916666667
117,214,434.933333333
118,214,434.95
119,214,434.966666667
120,214,434.983333333
1,215,435
2,215,435.016666667
3,215,435.033333333
4,215,435.05
5,215,435.066666667
6,215,435.083333333
7,215,435.1
8,215,435.116666667
9,215,435.133333333
10,215,435.15
11,215,435.166666667
12,215,435.183333333
13,215,435.2
14,215,435.216666667
15,215,435.233333333
16,215,435.25
17,215,435.266666667
18,215,435.283333333
19,215,435.3
20,215,435.316666667
21,215,435.333333333
22,215,435.35
23,215,435.366666667
24,215,435.383333333
25,215,435.4
26,215,435.416666667
27,215,435.433333333
28,215,435.45
29,215,435.466666667
30,215,435.483333333
31,215,435.5
32,215,435.516666667
33,215,435.533333333
34,215,435.55
35,215,435.566666667
36,215,435.583333333
37,215,435.6
38,215,435.616666667
39,215,435.633333333
40,215,435.65
41,215,435.666666667
42,215,435.683333333
43,215,435.7
44,215,435.716666667
45,215,435.733333333
46,215,435.75
47,215,435.766666667
48,215,435.783333333
49,215,435.8
50,215,435.816666667
51,215,435.833333333
52,215,435.85
53,215,435.866666667
54,215,435.883333333
55,215,435.9
56,215,435.916666667
57,215,435.933333333
58,215,435.95
59,215,435.966666667
60,215,435.983333333
61,215,436
62,215,436.016666667
63,215,436.033333333
64,215,436.05
65,215,436.066666667
66,215,436.083333333
67,215,436.1
68,215,436.116666667
69,215,436.133333333
70,215,436.15
71,215,436.166666667
72,215,436.183333333
73,215,436.2
74,215,436.216666667
75,215,436.233333333
76,215,436.25
77,215,436.266666667
78,215,436.283333333
79,215,436.3
80,215,436.316666667
81,215,436.333333333
82,215,436.35
83,215,436.366666667
84,215,436.383333333
85,215,436.4
86,215,436.416666667
87,215,436.433333333
88,215,436.45
89,215,436.466666667
90,215,436.483333333
91,215,436.5
92,215,436.516666667
93,215,436.533333333
94,215,436.55
95,215,436.566666667
96,215,436.583333333
97,215,436.6
98,215,436.616666667
99,215,436.633333333
100,215,436.65
101,215,436.666666667
102,215,436.683333333
103,215,436.7
104,215,436.716666667
105,215,436.733333333
106,215,436.75
107,215,436.766666667
108,215,436.783333333
109,215,436.8
110,215,436.816666667
111,215,436.833333333
112,215,436.85
113,215,436.866666667
114,215,436.883333333
115,215,436.9
116,215,436.916666667
117,215,436.933333333
118,215,436.95
119,215,436.966666667
120,215,436.983333333
1,216,437
2,216,437.016666667
3,216,437.033333333
4,216,437.05
5,216,437.066666667
6,216,437.083333333
7,216,437.1
8,216,437.116666667
9,216,437.133333333
10,216,437.15
11,216,437.166666667
12,216,437.183333333
13,216,437.2
14,216,437.216666667
15,216,437.233333333
16,216,437.25
17,216,437.266666667
18,216,437.283333333
19,216,437.3
20,216,437.316666667
21,216,437.333333333
22,216,437.35
23,216,437.366666667
24,216,437.383333333
25,216,437.4
26,216,437.416666667
27,216,437.433333333
28,216,437.45
29,216,437.466666667
30,216,437.483333333
31,216,437.5
32,216,437.516666667
33,216,437.533333333
34,216,437.55
35,216,437.566666667
36,216,437.583333333
37,216,437.6
38,216,437.616666667
39,216,437.633333333
40,216,437.65
41,216,437.666666667
42,216,437.683333333
43,216,437.7
44,216,437.716666667
45,216,437.733333333
46,216,437.75
47,216,437.766666667
48,216,437.783333333
49,216,437.8
50,216,437.816666667
51,216,437.833333333
52,216,437.85
53,216,437.866666667
54,216,437.883333333
55,216,437.9
56,216,437.916666667
57,216,437.933333333
58,216,437.95
59,216,437.966666667
60,216,437.983333333
61,216,438
62,216,438.016666667
63,216,438.033333333
64,216,438.05
65,216,438.066666667
66,216,438.083333333
67,216,438.1
68,216,438.116666667
69,216,438.133333333
70,216,438.15
71,216,438.166666667
72,216,438.183333333
73,216,438.2
74,216,438.216666667
75,216,438.233333333
76,216,438.25
77,216,438.266666667
78,216,438.283333333
79,216,438.3
80,216,438.316666667
81,216,438.333333333
82,216,438.35
83,216,438.366666667
84,216,438.383333333
85,216,438.4
86,216,438.416666667
87,216,438.433333333
88,216,438.45
89,216,438.466666667
90,216,438.483333333
91,216,438.5
92,216,438.516666667
93,216,438.533333333
94,216,438.55
95,216,438.566666667
96,216,438.583333333
97,216,438.6
98,216,438.616666667
99,216,438.633333333
100,216,438.65
101,216,438.666666667
102,216,438.683333333
103,216,438.7
104,216,438.716666667
105,216,438.733333333
106,216,438.75
107,216,438.766666667
108,216,438.783333333
109,216,438.8
110,216,438.816666667
111,216,438.833333333
112,216,438.85
113,216,438.866666667
114,216,438.883333333
115,216,438.9
116,216,438.916666667
117,216,438.933333333
118,216,438.95
119,216,438.966666667
120,216,438.983333333
1,217,439
2,217,439.016666667
3,217,439.033333333
4,217,439.05
5,217,439.066666667
6,217,439.083333333
7,217,439.1
8,217,439.116666667
9,217,439.133333333
10,217,439.15
11,217,439.166666667
12,217,439.183333333
13,217,439.2
14,217,439.216666667
15,217,439.233333333
16,217,439.25
17,217,439.266666667
18,217,439.283333333
19,217,439.3
20,217,439.316666667
21,217,439.333333333
22,217,439.35
23,217,439.366666667
24,217,439.383333333
25,217,439.4
26,217,439.416666667
27,217,439.433333333
28,217,439.45
29,217,439.466666667
30,217,439.483333333
31,217,439.5
32,217,439.516666667
33,217,439.533333333
34,217,439.55
35,217,439.566666667
36,217,439.583333333
37,217,439.6
38,217,439.616666667
39,217,439.633333333
40,217,439.65
41,217,439.666666667
42,217,439.683333333
43,217,439.7
44,217,439.716666667
45,217,439.733333333
46,217,439.75
47,217,439.766666667
48,217,439.783333333
49,217,439.8
50,217,439.816666667
51,217,439.833333333
52,217,439.85
53,217,439.866666667
54,217,439.883333333
55,217,439.9
56,217,439.916666667
57,217,439.933333333
58,217,439.95
59,217,439.966666667
60,217,439.983333333
61,217,440
62,217,440.016666667
63,217,440.033333333
64,217,440.05
65,217,440.066666667
66,217,440.083333333
67,217,440.1
68,217,440.116666667
69,217,440.133333333
70,217,440.15
71,217,440.166666667
72,217,440.183333333
73,217,440.2
74,217,440.216666667
75,217,440.233333333
76,217,440.25
77,217,440.266666667
78,217,440.283333333
79,217,440.3
80,217,440.316666667
81,217,440.333333333
82,217,440.35
83,217,440.366666667
84,217,440.383333333
85,217,440.4
86,217,440.416666667
87,217,440.433333333
88,217,440.45
89,217,440.466666667
90,217,440.483333333
91,217,440.5
92,217,440.516666667
93,217,440.533333333
94,217,440.55
95,217,440.566666667
96,217,440.583333333
97,217,440.6
98,217,440.616666667
99,217,440.633333333
100,217,440.65
101,217,440.666666667
102,217,440.683333333
103,217,440.7
104,217,440.716666667
105,217,440.733333333
106,217,440.75
107,217,440.766666667
108,217,440.783333333
109,217,440.8
110,217,440.816666667
111,217,440.833333333
112,217,440.85
113,217,440.866666667
114,217,440.883333333
115,217,440.9
116,217,440.916666667
117,217,440.933333333
118,217,440.95
119,217,440.966666667
120,217,440.983333333
1,218,441
2,218,441.016666667
3,218,441.033333333
4,218,441.05
5,218,441.066666667
6,218,441.083333333
7,218,441.1
8,218,441.116666667
9,218,441.133333333
10,218,441.15
11,218,441.166666667
12,218,441.183333333
13,218,441.2
14,218,441.216666667
15,218,441.233333333
16,218,441.25
17,218,441.266666667
18,218,441.283333333
19,218,441.3
20,218,441.316666667
21,218,441.333333333
22,218,441.35
23,218,441.366666667
24,218,441.383333333
25,218,441.4
26,218,441.416666667
27,218,441.433333333
28,218,441.45
29,218,441.466666667
30,218,441.483333333
31,218,441.5
32,218,441.516666667
33,218,441.533333333
34,218,441.55
35,218,441.566666667
36,218,441.583333333
37,218,441.6
38,218,441.616666667
39,218,441.633333333
40,218,441.65
41,218,441.666666667
42,218,441.683333333
43,218,441.7
44,218,441.716666667
45,218,441.733333333
46,218,441.75
47,218,441.766666667
48,218,441.783333333
49,218,441.8
50,218,441.816666667
51,218,441.833333333
52,218,441.85
53,218,441.866666667
54,218,441.883333333
55,218,441.9
56,218,441.916666667
57,218,441.933333333
58,218,441.95
59,218,441.966666667
60,218,441.983333333
61,218,442
62,218,442.016666667
63,218,442.033333333
64,218,442.05
65,218,442.066666667
66,218,442.083333333
67,218,442.1
68,218,442.116666667
69,218,442.133333333
70,218,442.15
71,218,442.166666667
72,218,442.183333333
73,218,442.2
74,218,442.216666667
75,218,442.233333333
76,218,442.25
77,218,442.266666667
78,218,442.283333333
79,218,442.3
80,218,442.316666667
81,218,442.333333333
82,218,442.35
83,218,442.366666667
84,218,442.383333333
85,218,442.4
86,218,442.416666667
87,218,442.433333333
88,218,442.45
89,218,442.466666667
90,218,442.483333333
91,218,442.5
92,218,442.516666667
93,218,442.533333333
94,218,442.55
95,218,442.566666667
96,218,442.583333333
97,218,442.6
98,218,442.616666667
99,218,442.633333333
100,218,442.65
101,218,442.666666667
102,218,442.683333333
103,218,442.7
104,218,442.716666667
105,218,442.733333333
106,218,442.75
107,218,442.766666667
108,218,442.783333333
109,218,442.8
110,218,442.816666667
111,218,442.833333333
112,218,442.85
113,218,442.866666667
114,218,442.883333333
115,218,442.9
116,218,442.916666667
117,218,442.933333333
118,218,442.95
119,218,442.966666667
120,218,442.983333333
1,219,443
2,219,443.016666667
3,219,443.033333333
4,219,443.05
5,219,443.066666667
6,219,443.083333333
7,219,443.1
8,219,443.116666667
9,219,443.133333333
10,219,443.15
11,219,443.166666667
12,219,443.183333333
13,219,443.2
14,219,443.216666667
15,219,443.233333333
16,219,443.25
17,219,443.266666667
18,219,443.283333333
19,219,443.3
20,219,443.316666667
21,219,443.333333333
22,219,443.35
23,219,443.366666667
24,219,443.383333333
25,219,443.4
26,219,443.416666667
27,219,443.433333333
28,219,443.45
29,219,443.466666667
30,219,443.483333333
31,219,443.5
32,219,443.516666667
33,219,443.533333333
34,219,443.55
35,219,443.566666667
36,219,443.583333333
37,219,443.6
38,219,443.616666667
39,219,443.633333333
40,219,443.65
41,219,443.666666667
42,219,443.683333333
43,219,443.7
44,219,443.716666667
45,219,443.733333333
46,219,443.75
47,219,443.766666667
48,219,443.783333333
49,219,443.8
50,219,443.816666667
51,219,443.833333333
52,219,443.85
53,219,443.866666667
54,219,443.883333333
55,219,443.9
56,219,443.916666667
57,219,443.933333333
58,219,443.95
59,219,443.966666667
60,219,443.983333333
61,219,444
62,219,444.016666667
63,219,444.033333333
64,219,444.05
65,219,444.066666667
66,219,444.083333333
67,219,444.1
68,219,444.116666667
69,219,444.133333333
70,219,444.15
71,219,444.166666667
72,219,444.183333333
73,219,444.2
74,219,444.216666667
75,219,444.233333333
76,219,444.25
77,219,444.266666667
78,219,444.283333333
79,219,444.3
80,219,444.316666667
81,219,444.333333333
82,219,444.35
83,219,444.366666667
84,219,444.383333333
85,219,444.4
86,219,444.416666667
87,219,444.433333333
88,219,444.45
89,219,444.466666667
90,219,444.483333333
91,219,444.5
92,219,444.516666667
93,219,444.533333333
94,219,444.55
95,219,444.566666667
96,219,444.583333333
97,219,444.6
98,219,444.616666667
99,219,444.633333333
100,219,444.65
101,219,444.666666667
102,219,444.683333333
103,219,444.7
104,219,444.716666667
105,219,444.733333333
106,219,444.75
107,219,444.766666667
108,219,444.783333333
109,219,444.8
110,219,444.816666667
111,219,444.833333333
112,219,444.85
113,219,444.866666667
114,219,444.883333333
115,219,444.9
116,219,444.916666667
117,219,444.933333333
118,219,444.95
119,219,444.966666667
120,219,444.983333333
1,220,445
2,220,445.016666667
3,220,445.033333333
4,220,445.05
5,220,445.066666667
6,220,445.083333333
7,220,445.1
8,220,445.116666667
9,220,445.133333333
10,220,445.15
11,220,445.166666667
12,220,445.183333333
13,220,445.2
14,220,445.216666667
15,220,445.233333333
16,220,445.25
17,220,445.266666667
18,220,445.283333333
19,220,445.3
20,220,445.316666667
21,220,445.333333333
22,220,445.35
23,220,445.366666667
24,220,445.383333333
25,220,445.4
26,220,445.416666667
27,220,445.433333333
28,220,445.45
29,220,445.466666667
30,220,445.483333333
31,220,445.5
32,220,445.516666667
33,220,445.533333333
34,220,445.55
35,220,445.566666667
36,220,445.583333333
37,220,445.6
38,220,445.616666667
39,220,445.633333333
40,220,445.65
41,220,445.666666667
42,220,445.683333333
43,220,445.7
44,220,445.716666667
45,220,445.733333333
46,220,445.75
47,220,445.766666667
48,220,445.783333333
49,220,445.8
50,220,445.816666667
51,220,445.833333333
52,220,445.85
53,220,445.866666667
54,220,445.883333333
55,220,445.9
56,220,445.916666667
57,220,445.933333333
58,220,445.95
59,220,445.966666667
60,220,445.983333333
61,220,446
62,220,446.016666667
63,220,446.033333333
64,220,446.05
65,220,446.066666667
66,220,446.083333333
67,220,446.1
68,220,446.116666667
69,220,446.133333333
70,220,446.15
71,220,446.166666667
72,220,446.183333333
73,220,446.2
74,220,446.216666667
75,220,446.233333333
76,220,446.25
77,220,446.266666667
78,220,446.283333333
79,220,446.3
80,220,446.316666667
81,220,446.333333333
82,220,446.35
83,220,446.366666667
84,220,446.383333333
85,220,446.4
86,220,446.416666667
87,220,446.433333333
88,220,446.45
89,220,446.466666667
90,220,446.483333333
91,220,446.5
92,220,446.516666667
93,220,446.533333333
94,220,446.55
95,220,446.566666667
96,220,446.583333333
97,220,446.6
98,220,446.616666667
99,220,446.633333333
100,220,446.65
101,220,446.666666667
102,220,446.683333333
103,220,446.7
104,220,446.716666667
105,220,446.733333333
106,220,446.75
107,220,446.766666667
108,220,446.783333333
109,220,446.8
110,220,446.816666667
111,220,446.833333333
112,220,446.85
113,220,446.866666667
114,220,446.883333333
115,220,446.9
116,220,446.916666667
117,220,446.933333333
118,220,446.95
119,220,446.966666667
120,220,446.983333333
1,221,447
2,221,447.016666667
3,221,447.033333333
4,221,447.05
5,221,447.066666667
6,221,447.083333333
7,221,447.1
8,221,447.116666667
9,221,447.133333333
10,221,447.15
11,221,447.166666667
12,221,447.183333333
13,221,447.2
14,221,447.216666667
15,221,447.233333333
16,221,447.25
17,221,447.266666667
18,221,447.283333333
19,221,447.3
20,221,447.316666667
21,221,447.333333333
22,221,447.35
23,221,447.366666667
24,221,447.383333333
25,221,447.4
26,221,447.416666667
27,221,447.433333333
28,221,447.45
29,221,447.466666667
30,221,447.483333333
31,221,447.5
32,221,447.516666667
33,221,447.533333333
34,221,447.55
35,221,447.566666667
36,221,447.583333333
37,221,447.6
38,221,447.616666667
39,221,447.633333333
40,221,447.65
41,221,447.666666667
42,221,447.683333333
43,221,447.7
44,221,447.716666667
45,221,447.733333333
46,221,447.75
47,221,447.766666667
48,221,447.783333333
49,221,447.8
50,221,447.816666667
51,221,447.833333333
52,221,447.85
53,221,447.866666667
54,221,447.883333333
55,221,447.9
56,221,447.916666667
57,221,447.933333333
58,221,447.95
59,221,447.966666667
60,221,447.983333333
61,221,448
62,221,448.016666667
63,221,448.033333333
64,221,448.05
65,221,448.066666667
66,221,448.083333333
67,221,448.1
68,221,448.116666667
69,221,448.133333333
70,221,448.15
71,221,448.166666667
72,221,448.183333333
73,221,448.2
74,221,448.216666667
75,221,448.233333333
76,221,448.25
77,221,448.266666667
78,221,448.283333333
79,221,448.3
80,221,448.316666667
81,221,448.333333333
82,221,448.35
83,221,448.366666667
84,221,448.383333333
85,221,448.4
86,221,448.416666667
87,221,448.433333333
88,221,448.45
89,221,448.466666667
90,221,448.483333333
91,221,448.5
92,221,448.516666667
93,221,448.533333333
94,221,448.55
95,221,448.566666667
96,221,448.583333333
97,221,448.6
98,221,448.616666667
99,221,448.633333333
100,221,448.65
101,221,448.666666667
102,221,448.683333333
103,221,448.7
104,221,448.716666667
105,221,448.733333333
106,221,448.75
107,221,448.766666667
108,221,448.783333333
109,221,448.8
110,221,448.816666667
111,221,448.833333333
112,221,448.85
113,221,448.866666667
114,221,448.883333333
115,221,448.9
116,221,448.916666667
117,221,448.933333333
118,221,448.95
119,221,448.966666667
120,221,448.983333333
1,222,449
2,222,449.016666667
3,222,449.033333333
4,222,449.05
5,222,449.066666667
6,222,449.083333333
7,222,449.1
8,222,449.116666667
9,222,449.133333333
10,222,449.15
11,222,449.166666667
12,222,449.183333333
13,222,449.2
14,222,449.216666667
15,222,449.233333333
16,222,449.25
17,222,449.266666667
18,222,449.283333333
19,222,449.3
20,222,449.316666667
21,222,449.333333333
22,222,449.35
23,222,449.366666667
24,222,449.383333333
25,222,449.4
26,222,449.416666667
27,222,449.433333333
28,222,449.45
29,222,449.466666667
30,222,449.483333333
31,222,449.5
32,222,449.516666667
33,222,449.533333333
34,222,449.55
35,222,449.566666667
36,222,449.583333333
37,222,449.6
38,222,449.616666667
39,222,449.633333333
40,222,449.65
41,222,449.666666667
42,222,449.683333333
43,222,449.7
44,222,449.716666667
45,222,449.733333333
46,222,449.75
47,222,449.766666667
48,222,449.783333333
49,222,449.8
50,222,449.816666667
51,222,449.833333333
52,222,449.85
53,222,449.866666667
54,222,449.883333333
55,222,449.9
56,222,449.916666667
57,222,449.933333333
58,222,449.95
59,222,449.966666667
60,222,449.983333333
61,222,450
62,222,450.016666667
63,222,450.033333333
64,222,450.05
65,222,450.066666667
66,222,450.083333333
67,222,450.1
68,222,450.116666667
69,222,450.133333333
70,222,450.15
71,222,450.166666667
72,222,450.183333333
73,222,450.2
74,222,450.216666667
75,222,450.233333333
76,222,450.25
77,222,450.266666667
78,222,450.283333333
79,222,450.3
80,222,450.316666667
81,222,450.333333333
82,222,450.35
83,222,450.366666667
84,222,450.383333333
85,222,450.4
86,222,450.416666667
87,222,450.433333333
88,222,450.45
89,222,450.466666667
90,222,450.483333333
91,222,450.5
92,222,450.516666667
93,222,450.533333333
94,222,450.55
95,222,450.566666667
96,222,450.583333333
97,222,450.6
98,222,450.616666667
99,222,450.633333333
100,222,450.65
101,222,450.666666667
102,222,450.683333333
103,222,450.7
104,222,450.716666667
105,222,450.733333333
106,222,450.75
107,222,450.766666667
108,222,450.783333333
109,222,450.8
110,222,450.816666667
111,222,450.833333333
112,222,450.85
113,222,450.866666667
114,222,450.883333333
115,222,450.9
116,222,450.916666667
117,222,450.933333333
118,222,450.95
119,222,450.966666667
120,222,450.983333333
1,223,451
2,223,451.016666667
3,223,451.033333333
4,223,451.05
5,223,451.066666667
6,223,451.083333333
7,223,451.1
8,223,451.116666667
9,223,451.133333333
10,223,451.15
11,223,451.166666667
12,223,451.183333333
13,223,451.2
14,223,451.216666667
15,223,451.233333333
16,223,451.25
17,223,451.266666667
18,223,451.283333333
19,223,451.3
20,223,451.316666667
21,223,451.333333333
22,223,451.35
23,223,451.366666667
24,223,451.383333333
25,223,451.4
26,223,451.416666667
27,223,451.433333333
28,223,451.45
29,223,451.466666667
30,223,451.483333333
31,223,451.5
32,223,451.516666667
33,223,451.533333333
34,223,451.55
35,223,451.566666667
36,223,451.583333333
37,223,451.6
38,223,451.616666667
39,223,451.633333333
40,223,451.65
41,223,451.666666667
42,223,451.683333333
43,223,451.7
44,223,451.716666667
45,223,451.733333333
46,223,451.75
47,223,451.766666667
48,223,451.783333333
49,223,451.8
50,223,451.816666667
51,223,451.833333333
52,223,451.85
53,223,451.866666667
54,223,451.883333333
55,223,451.9
56,223,451.916666667
57,223,451.933333333
58,223,451.95
59,223,451.966666667
60,223,451.983333333
61,223,452
62,223,452.016666667
63,223,452.033333333
64,223,452.05
65,223,452.066666667
66,223,452.083333333
67,223,452.1
68,223,452.116666667
69,223,452.133333333
70,223,452.15
71,223,452.166666667
72,223,452.183333333
73,223,452.2
74,223,452.216666667
75,223,452.233333333
76,223,452.25
77,223,452.266666667
78,223,452.283333333
79,223,452.3
80,223,452.316666667
81,223,452.333333333
82,223,452.35
83,223,452.366666667
84,223,452.383333333
85,223,452.4
86,223,452.416666667
87,223,452.433333333
88,223,452.45
89,223,452.466666667
90,223,452.483333333
91,223,452.5
92,223,452.516666667
93,223,452.533333333
94,223,452.55
95,223,452.566666667
96,223,452.583333333
97,223,452.6
98,223,452.616666667
99,223,452.633333333
100,223,452.65
101,223,452.666666667
102,223,452.683333333
103,223,452.7
104,223,452.716666667
105,223,452.733333333
106,223,452.75
107,223,452.766666667
108,223,452.783333333
109,223,452.8
110,223,452.816666667
111,223,452.833333333
112,223,452.85
113,223,452.866666667
114,223,452.883333333
115,223,452.9
116,223,452.916666667
117,223,452.933333333
118,223,452.95
119,223,452.966666667
120,223,452.983333333
1,224,453
2,224,453.016666667
3,224,453.033333333
4,224,453.05
5,224,453.066666667
6,224,453.083333333
7,224,453.1
8,224,453.116666667
9,224,453.133333333
10,224,453.15
11,224,453.166666667
12,224,453.183333333
13,224,453.2
14,224,453.216666667
15,224,453.233333333
16,224,453.25
17,224,453.266666667
18,224,453.283333333
19,224,453.3
20,224,453.316666667
21,224,453.333333333
22,224,453.35
23,224,453.366666667
24,224,453.383333333
25,224,453.4
26,224,453.416666667
27,224,453.433333333
28,224,453.45
29,224,453.466666667
30,224,453.483333333
31,224,453.5
32,224,453.516666667
33,224,453.533333333
34,224,453.55
35,224,453.566666667
36,224,453.583333333
37,224,453.6
38,224,453.616666667
39,224,453.633333333
40,224,453.65
41,224,453.666666667
42,224,453.683333333
43,224,453.7
44,224,453.716666667
45,224,453.733333333
46,224,453.75
47,224,453.766666667
48,224,453.783333333
49,224,453.8
50,224,453.816666667
51,224,453.833333333
52,224,453.85
53,224,453.866666667
54,224,453.883333333
55,224,453.9
56,224,453.916666667
57,224,453.933333333
58,224,453.95
59,224,453.966666667
60,224,453.983333333
61,224,454
62,224,454.016666667
63,224,454.033333333
64,224,454.05
65,224,454.066666667
66,224,454.083333333
67,224,454.1
68,224,454.116666667
69,224,454.133333333
70,224,454.15
71,224,454.166666667
72,224,454.183333333
73,224,454.2
74,224,454.216666667
75,224,454.233333333
76,224,454.25
77,224,454.266666667
78,224,454.283333333
79,224,454.3
80,224,454.316666667
81,224,454.333333333
82,224,454.35
83,224,454.366666667
84,224,454.383333333
85,224,454.4
86,224,454.416666667
87,224,454.433333333
88,224,454.45
89,224,454.466666667
90,224,454.483333333
91,224,454.5
92,224,454.516666667
93,224,454.533333333
94,224,454.55
95,224,454.566666667
96,224,454.583333333
97,224,454.6
98,224,454.616666667
99,224,454.633333333
100,224,454.65
101,224,454.666666667
102,224,454.683333333
103,224,454.7
104,224,454.716666667
105,224,454.733333333
106,224,454.75
107,224,454.766666667
108,224,454.783333333
109,224,454.8
110,224,454.816666667
111,224,454.833333333
112,224,454.85
113,224,454.866666667
114,224,454.883333333
115,224,454.9
116,224,454.916666667
117,224,454.933333333
118,224,454.95
119,224,454.966666667
120,224,454.983333333
1,225,455
2,225,455.016666667
3,225,455.033333333
4,225,455.05
5,225,455.066666667
6,225,455.083333333
7,225,455.1
8,225,455.116666667
9,225,455.133333333
10,225,455.15
11,225,455.166666667
12,225,455.183333333
13,225,455.2
14,225,455.216666667
15,225,455.233333333
16,225,455.25
17,225,455.266666667
18,225,455.283333333
19,225,455.3
20,225,455.316666667
21,225,455.333333333
22,225,455.35
23,225,455.366666667
24,225,455.383333333
25,225,455.4
26,225,455.416666667
27,225,455.433333333
28,225,455.45
29,225,455.466666667
30,225,455.483333333
31,225,455.5
32,225,455.516666667
33,225,455.533333333
34,225,455.55
35,225,455.566666667
36,225,455.583333333
37,225,455.6
38,225,455.616666667
39,225,455.633333333
40,225,455.65
41,225,455.666666667
42,225,455.683333333
43,225,455.7
44,225,455.716666667
45,225,455.733333333
46,225,455.75
47,225,455.766666667
48,225,455.783333333
49,225,455.8
50,225,455.816666667
51,225,455.833333333
52,225,455.85
53,225,455.866666667
54,225,455.883333333
55,225,455.9
56,225,455.916666667
57,225,455.933333333
58,225,455.95
59,225,455.966666667
60,225,455.983333333
61,225,456
62,225,456.016666667
63,225,456.033333333
64,225,456.05
65,225,456.066666667
66,225,456.083333333
67,225,456.1
68,225,456.116666667
69,225,456.133333333
70,225,456.15
71,225,456.166666667
72,225,456.183333333
73,225,456.2
74,225,456.216666667
75,225,456.233333333
76,225,456.25
77,225,456.266666667
78,225,456.283333333
79,225,456.3
80,225,456.316666667
81,225,456.333333333
82,225,456.35
83,225,456.366666667
84,225,456.383333333
85,225,456.4
86,225,456.416666667
87,225,456.433333333
88,225,456.45
89,225,456.466666667
90,225,456.483333333
91,225,456.5
92,225,456.516666667
93,225,456.533333333
94,225,456.55
95,225,456.566666667
96,225,456.583333333
97,225,456.6
98,225,456.616666667
99,225,456.633333333
100,225,456.65
101,225,456.666666667
102,225,456.683333333
103,225,456.7
104,225,456.716666667
105,225,456.733333333
106,225,456.75
107,225,456.766666667
108,225,456.783333333
109,225,456.8
110,225,456.816666667
111,225,456.833333333
112,225,456.85
113,225,456.866666667
114,225,456.883333333
115,225,456.9
116,225,456.916666667
117,225,456.933333333
118,225,456.95
119,225,456.966666667
120,225,456.983333333
1,226,457
2,226,457.016666667
3,226,457.033333333
4,226,457.05
5,226,457.066666667
6,226,457.083333333
7,226,457.1
8,226,457.116666667
9,226,457.133333333
10,226,457.15
11,226,457.166666667
12,226,457.183333333
13,226,457.2
14,226,457.216666667
15,226,457.233333333
16,226,457.25
17,226,457.266666667
18,226,457.283333333
19,226,457.3
20,226,457.316666667
21,226,457.333333333
22,226,457.35
23,226,457.366666667
24,226,457.383333333
25,226,457.4
26,226,457.416666667
27,226,457.433333333
28,226,457.45
29,226,457.466666667
30,226,457.483333333
31,226,457.5
32,226,457.516666667
33,226,457.533333333
34,226,457.55
35,226,457.566666667
36,226,457.583333333
37,226,457.6
38,226,457.616666667
39,226,457.633333333
40,226,457.65
41,226,457.666666667
42,226,457.683333333
43,226,457.7
44,226,457.716666667
45,226,457.733333333
46,226,457.75
47,226,457.766666667
48,226,457.783333333
49,226,457.8
50,226,457.816666667
51,226,457.833333333
52,226,457.85
53,226,457.866666667
54,226,457.883333333
55,226,457.9
56,226,457.916666667
57,226,457.933333333
58,226,457.95
59,226,457.966666667
60,226,457.983333333
61,226,458
62,226,458.016666667
63,226,458.033333333
64,226,458.05
65,226,458.066666667
66,226,458.083333333
67,226,458.1
68,226,458.116666667
69,226,458.133333333
70,226,458.15
71,226,458.166666667
72,226,458.183333333
73,226,458.2
74,226,458.216666667
75,226,458.233333333
76,226,458.25
77,226,458.266666667
78,226,458.283333333
79,226,458.3
80,226,458.316666667
81,226,458.333333333
82,226,458.35
83,226,458.366666667
84,226,458.383333333
85,226,458.4
86,226,458.416666667
87,226,458.433333333
88,226,458.45
89,226,458.466666667
90,226,458.483333333
91,226,458.5
92,226,458.516666667
93,226,458.533333333
94,226,458.55
95,226,458.566666667
96,226,458.583333333
97,226,458.6
98,226,458.616666667
99,226,458.633333333
100,226,458.65
101,226,458.666666667
102,226,458.683333333
103,226,458.7
104,226,458.716666667
105,226,458.733333333
106,226,458.75
107,226,458.766666667
108,226,458.783333333
109,226,458.8
110,226,458.816666667
111,226,458.833333333
112,226,458.85
113,226,458.866666667
114,226,458.883333333
115,226,458.9
116,226,458.916666667
117,226,458.933333333
118,226,458.95
119,226,458.966666667
120,226,458.983333333
1,227,459
2,227,459.016666667
3,227,459.033333333
4,227,459.05
5,227,459.066666667
6,227,459.083333333
7,227,459.1
8,227,459.116666667
9,227,459.133333333
10,227,459.15
11,227,459.166666667
12,227,459.183333333
13,227,459.2
14,227,459.216666667
15,227,459.233333333
16,227,459.25
17,227,459.266666667
18,227,459.283333333
19,227,459.3
20,227,459.316666667
21,227,459.333333333
22,227,459.35
23,227,459.366666667
24,227,459.383333333
25,227,459.4
26,227,459.416666667
27,227,459.433333333
28,227,459.45
29,227,459.466666667
30,227,459.483333333
31,227,459.5
32,227,459.516666667
33,227,459.533333333
34,227,459.55
35,227,459.566666667
36,227,459.583333333
37,227,459.6
38,227,459.616666667
39,227,459.633333333
40,227,459.65
41,227,459.666666667
42,227,459.683333333
43,227,459.7
44,227,459.716666667
45,227,459.733333333
46,227,459.75
47,227,459.766666667
48,227,459.783333333
49,227,459.8
50,227,459.816666667
51,227,459.833333333
52,227,459.85
53,227,459.866666667
54,227,459.883333333
55,227,459.9
56,227,459.916666667
57,227,459.933333333
58,227,459.95
59,227,459.966666667
60,227,459.983333333
61,227,460
62,227,460.016666667
63,227,460.033333333
64,227,460.05
65,227,460.066666667
66,227,460.083333333
67,227,460.1
68,227,460.116666667
69,227,460.133333333
70,227,460.15
71,227,460.166666667
72,227,460.183333333
73,227,460.2
74,227,460.216666667
75,227,460.233333333
76,227,460.25
77,227,460.266666667
78,227,460.283333333
79,227,460.3
80,227,460.316666667
81,227,460.333333333
82,227,460.35
83,227,460.366666667
84,227,460.383333333
85,227,460.4
86,227,460.416666667
87,227,460.433333333
88,227,460.45
89,227,460.466666667
90,227,460.483333333
91,227,460.5
92,227,460.516666667
93,227,460.533333333
94,227,460.55
95,227,460.566666667
96,227,460.583333333
97,227,460.6
98,227,460.616666667
99,227,460.633333333
100,227,460.65
101,227,460.666666667
102,227,460.683333333
103,227,460.7
104,227,460.716666667
105,227,460.733333333
106,227,460.75
107,227,460.766666667
108,227,460.783333333
109,227,460.8
110,227,460.816666667
111,227,460.833333333
112,227,460.85
113,227,460.866666667
114,227,460.883333333
115,227,460.9
116,227,460.916666667
117,227,460.933333333
118,227,460.95
119,227,460.966666667
120,227,460.983333333
1,228,461
2,228,461.016666667
3,228,461.033333333
4,228,461.05
5,228,461.066666667
6,228,461.083333333
7,228,461.1
8,228,461.116666667
9,228,461.133333333
10,228,461.15
11,228,461.166666667
12,228,461.183333333
13,228,461.2
14,228,461.216666667
15,228,461.233333333
16,228,461.25
17,228,461.266666667
18,228,461.283333333
19,228,461.3
20,228,461.316666667
21,228,461.333333333
22,228,461.35
23,228,461.366666667
24,228,461.383333333
25,228,461.4
26,228,461.416666667
27,228,461.433333333
28,228,461.45
29,228,461.466666667
30,228,461.483333333
31,228,461.5
32,228,461.516666667
33,228,461.533333333
34,228,461.55
35,228,461.566666667
36,228,461.583333333
37,228,461.6
38,228,461.616666667
39,228,461.633333333
40,228,461.65
41,228,461.666666667
42,228,461.683333333
43,228,461.7
44,228,461.716666667
45,228,461.733333333
46,228,461.75
47,228,461.766666667
48,228,461.783333333
49,228,461.8
50,228,461.816666667
51,228,461.833333333
52,228,461.85
53,228,461.866666667
54,228,461.883333333
55,228,461.9
56,228,461.916666667
57,228,461.933333333
58,228,461.95
59,228,461.966666667
60,228,461.983333333
61,228,462
62,228,462.016666667
63,228,462.033333333
64,228,462.05
65,228,462.066666667
66,228,462.083333333
67,228,462.1
68,228,462.116666667
69,228,462.133333333
70,228,462.15
71,228,462.166666667
72,228,462.183333333
73,228,462.2
74,228,462.216666667
75,228,462.233333333
76,228,462.25
77,228,462.266666667
78,228,462.283333333
79,228,462.3
80,228,462.316666667
81,228,462.333333333
82,228,462.35
83,228,462.366666667
84,228,462.383333333
85,228,462.4
86,228,462.416666667
87,228,462.433333333
88,228,462.45
89,228,462.466666667
90,228,462.483333333
91,228,462.5
92,228,462.516666667
93,228,462.533333333
94,228,462.55
95,228,462.566666667
96,228,462.583333333
97,228,462.6
98,228,462.616666667
99,228,462.633333333
100,228,462.65
101,228,462.666666667
102,228,462.683333333
103,228,462.7
104,228,462.716666667
105,228,462.733333333
106,228,462.75
107,228,462.766666667
108,228,462.783333333
109,228,462.8
110,228,462.816666667
111,228,462.833333333
112,228,462.85
113,228,462.866666667
114,228,462.883333333
115,228,462.9
116,228,462.916666667
117,228,462.933333333
118,228,462.95
119,228,462.966666667
120,228,462.983333333
1,229,463
2,229,463.016666667
3,229,463.033333333
4,229,463.05
5,229,463.066666667
6,229,463.083333333
7,229,463.1
8,229,463.116666667
9,229,463.133333333
10,229,463.15
11,229,463.166666667
12,229,463.183333333
13,229,463.2
14,229,463.216666667
15,229,463.233333333
16,229,463.25
17,229,463.266666667
18,229,463.283333333
19,229,463.3
20,229,463.316666667
21,229,463.333333333
22,229,463.35
23,229,463.366666667
24,229,463.383333333
25,229,463.4
26,229,463.416666667
27,229,463.433333333
28,229,463.45
29,229,463.466666667
30,229,463.483333333
31,229,463.5
32,229,463.516666667
33,229,463.533333333
34,229,463.55
35,229,463.566666667
36,229,463.583333333
37,229,463.6
38,229,463.616666667
39,229,463.633333333
40,229,463.65
41,229,463.666666667
42,229,463.683333333
43,229,463.7
44,229,463.716666667
45,229,463.733333333
46,229,463.75
47,229,463.766666667
48,229,463.783333333
49,229,463.8
50,229,463.816666667
51,229,463.833333333
52,229,463.85
53,229,463.866666667
54,229,463.883333333
55,229,463.9
56,229,463.916666667
57,229,463.933333333
58,229,463.95
59,229,463.966666667
60,229,463.983333333
61,229,464
62,229,464.016666667
63,229,464.033333333
64,229,464.05
65,229,464.066666667
66,229,464.083333333
67,229,464.1
68,229,464.116666667
69,229,464.133333333
70,229,464.15
71,229,464.166666667
72,229,464.183333333
73,229,464.2
74,229,464.216666667
75,229,464.233333333
76,229,464.25
77,229,464.266666667
78,229,464.283333333
79,229,464.3
80,229,464.316666667
81,229,464.333333333
82,229,464.35
83,229,464.366666667
84,229,464.383333333
85,229,464.4
86,229,464.416666667
87,229,464.433333333
88,229,464.45
89,229,464.466666667
90,229,464.483333333
91,229,464.5
92,229,464.516666667
93,229,464.533333333
94,229,464.55
95,229,464.566666667
96,229,464.583333333
97,229,464.6
98,229,464.616666667
99,229,464.633333333
100,229,464.65
101,229,464.666666667
102,229,464.683333333
103,229,464.7
104,229,464.716666667
105,229,464.733333333
106,229,464.75
107,229,464.766666667
108,229,464.783333333
109,229,464.8
110,229,464.816666667
111,229,464.833333333
112,229,464.85
113,229,464.866666667
114,229,464.883333333
115,229,464.9
116,229,464.916666667
117,229,464.933333333
118,229,464.95
119,229,464.966666667
120,229,464.983333333
1,230,465
2,230,465.016666667
3,230,465.033333333
4,230,465.05
5,230,465.066666667
6,230,465.083333333
7,230,465.1
8,230,465.116666667
9,230,465.133333333
10,230,465.15
11,230,465.166666667
12,230,465.183333333
13,230,465.2
14,230,465.216666667
15,230,465.233333333
16,230,465.25
17,230,465.266666667
18,230,465.283333333
19,230,465.3
20,230,465.316666667
21,230,465.333333333
22,230,465.35
23,230,465.366666667
24,230,465.383333333
25,230,465.4
26,230,465.416666667
27,230,465.433333333
28,230,465.45
29,230,465.466666667
30,230,465.483333333
31,230,465.5
32,230,465.516666667
33,230,465.533333333
34,230,465.55
35,230,465.566666667
36,230,465.583333333
37,230,465.6
38,230,465.616666667
39,230,465.633333333
40,230,465.65
41,230,465.666666667
42,230,465.683333333
43,230,465.7
44,230,465.716666667
45,230,465.733333333
46,230,465.75
47,230,465.766666667
48,230,465.783333333
49,230,465.8
50,230,465.816666667
51,230,465.833333333
52,230,465.85
53,230,465.866666667
54,230,465.883333333
55,230,465.9
56,230,465.916666667
57,230,465.933333333
58,230,465.95
59,230,465.966666667
60,230,465.983333333
61,230,466
62,230,466.016666667
63,230,466.033333333
64,230,466.05
65,230,466.066666667
66,230,466.083333333
67,230,466.1
68,230,466.116666667
69,230,466.133333333
70,230,466.15
71,230,466.166666667
72,230,466.183333333
73,230,466.2
74,230,466.216666667
75,230,466.233333333
76,230,466.25
77,230,466.266666667
78,230,466.283333333
79,230,466.3
80,230,466.316666667
81,230,466.333333333
82,230,466.35
83,230,466.366666667
84,230,466.383333333
85,230,466.4
86,230,466.416666667
87,230,466.433333333
88,230,466.45
89,230,466.466666667
90,230,466.483333333
91,230,466.5
92,230,466.516666667
93,230,466.533333333
94,230,466.55
95,230,466.566666667
96,230,466.583333333
97,230,466.6
98,230,466.616666667
99,230,466.633333333
100,230,466.65
101,230,466.666666667
102,230,466.683333333
103,230,466.7
104,230,466.716666667
105,230,466.733333333
106,230,466.75
107,230,466.766666667
108,230,466.783333333
109,230,466.8
110,230,466.816666667
111,230,466.833333333
112,230,466.85
113,230,466.866666667
114,230,466.883333333
115,230,466.9
116,230,466.916666667
117,230,466.933333333
118,230,466.95
119,230,466.966666667
120,230,466.983333333
1,231,467
2,231,467.016666667
3,231,467.033333333
4,231,467.05
5,231,467.066666667
6,231,467.083333333
7,231,467.1
8,231,467.116666667
9,231,467.133333333
10,231,467.15
11,231,467.166666667
12,231,467.183333333
13,231,467.2
14,231,467.216666667
15,231,467.233333333
16,231,467.25
17,231,467.266666667
18,231,467.283333333
19,231,467.3
20,231,467.316666667
21,231,467.333333333
22,231,467.35
23,231,467.366666667
24,231,467.383333333
25,231,467.4
26,231,467.416666667
27,231,467.433333333
28,231,467.45
29,231,467.466666667
30,231,467.483333333
31,231,467.5
32,231,467.516666667
33,231,467.533333333
34,231,467.55
35,231,467.566666667
36,231,467.583333333
37,231,467.6
38,231,467.616666667
39,231,467.633333333
40,231,467.65
41,231,467.666666667
42,231,467.683333333
43,231,467.7
44,231,467.716666667
45,231,467.733333333
46,231,467.75
47,231,467.766666667
48,231,467.783333333
49,231,467.8
50,231,467.816666667
51,231,467.833333333
52,231,467.85
53,231,467.866666667
54,231,467.883333333
55,231,467.9
56,231,467.916666667
57,231,467.933333333
58,231,467.95
59,231,467.966666667
60,231,467.983333333
61,231,468
62,231,468.016666667
63,231,468.033333333
64,231,468.05
65,231,468.066666667
66,231,468.083333333
67,231,468.1
68,231,468.116666667
69,231,468.133333333
70,231,468.15
71,231,468.166666667
72,231,468.183333333
73,231,468.2
74,231,468.216666667
75,231,468.233333333
76,231,468.25
77,231,468.266666667
78,231,468.283333333
79,231,468.3
80,231,468.316666667
81,231,468.333333333
82,231,468.35
83,231,468.366666667
84,231,468.383333333
85,231,468.4
86,231,468.416666667
87,231,468.433333333
88,231,468.45
89,231,468.466666667
90,231,468.483333333
91,231,468.5
92,231,468.516666667
93,231,468.533333333
94,231,468.55
95,231,468.566666667
96,231,468.583333333
97,231,468.6
98,231,468.616666667
99,231,468.633333333
100,231,468.65
101,231,468.666666667
102,231,468.683333333
103,231,468.7
104,231,468.716666667
105,231,468.733333333
106,231,468.75
107,231,468.766666667
108,231,468.783333333
109,231,468.8
110,231,468.816666667
111,231,468.833333333
112,231,468.85
113,231,468.866666667
114,231,468.883333333
115,231,468.9
116,231,468.916666667
117,231,468.933333333
118,231,468.95
119,231,468.966666667
120,231,468.983333333
1,232,469
2,232,469.016666667
3,232,469.033333333
4,232,469.05
5,232,469.066666667
6,232,469.083333333
7,232,469.1
8,232,469.116666667
9,232,469.133333333
10,232,469.15
11,232,469.166666667
12,232,469.183333333
13,232,469.2
14,232,469.216666667
15,232,469.233333333
16,232,469.25
17,232,469.266666667
18,232,469.283333333
19,232,469.3
20,232,469.316666667
21,232,469.333333333
22,232,469.35
23,232,469.366666667
24,232,469.383333333
25,232,469.4
26,232,469.416666667
27,232,469.433333333
28,232,469.45
29,232,469.466666667
30,232,469.483333333
31,232,469.5
32,232,469.516666667
33,232,469.533333333
34,232,469.55
35,232,469.566666667
36,232,469.583333333
37,232,469.6
38,232,469.616666667
39,232,469.633333333
40,232,469.65
41,232,469.666666667
42,232,469.683333333
43,232,469.7
44,232,469.716666667
45,232,469.733333333
46,232,469.75
47,232,469.766666667
48,232,469.783333333
49,232,469.8
50,232,469.816666667
51,232,469.833333333
52,232,469.85
53,232,469.866666667
54,232,469.883333333
55,232,469.9
56,232,469.916666667
57,232,469.933333333
58,232,469.95
59,232,469.966666667
60,232,469.983333333
61,232,470
62,232,470.016666667
63,232,470.033333333
64,232,470.05
65,232,470.066666667
66,232,470.083333333
67,232,470.1
68,232,470.116666667
69,232,470.133333333
70,232,470.15
71,232,470.166666667
72,232,470.183333333
73,232,470.2
74,232,470.216666667
75,232,470.233333333
76,232,470.25
77,232,470.266666667
78,232,470.283333333
79,232,470.3
80,232,470.316666667
81,232,470.333333333
82,232,470.35
83,232,470.366666667
84,232,470.383333333
85,232,470.4
86,232,470.416666667
87,232,470.433333333
88,232,470.45
89,232,470.466666667
90,232,470.483333333
91,232,470.5
92,232,470.516666667
93,232,470.533333333
94,232,470.55
95,232,470.566666667
96,232,470.583333333
97,232,470.6
98,232,470.616666667
99,232,470.633333333
100,232,470.65
101,232,470.666666667
102,232,470.683333333
103,232,470.7
104,232,470.716666667
105,232,470.733333333
106,232,470.75
107,232,470.766666667
108,232,470.783333333
109,232,470.8
110,232,470.816666667
111,232,470.833333333
112,232,470.85
113,232,470.866666667
114,232,470.883333333
115,232,470.9
116,232,470.916666667
117,232,470.933333333
118,232,470.95
119,232,470.966666667
120,232,470.983333333
1,233,471
2,233,471.016666667
3,233,471.033333333
4,233,471.05
5,233,471.066666667
6,233,471.083333333
7,233,471.1
8,233,471.116666667
9,233,471.133333333
10,233,471.15
11,233,471.166666667
12,233,471.183333333
13,233,471.2
14,233,471.216666667
15,233,471.233333333
16,233,471.25
17,233,471.266666667
18,233,471.283333333
19,233,471.3
20,233,471.316666667
21,233,471.333333333
22,233,471.35
23,233,471.366666667
24,233,471.383333333
25,233,471.4
26,233,471.416666667
27,233,471.433333333
28,233,471.45
29,233,471.466666667
30,233,471.483333333
31,233,471.5
32,233,471.516666667
33,233,471.533333333
34,233,471.55
35,233,471.566666667
36,233,471.583333333
37,233,471.6
38,233,471.616666667
39,233,471.633333333
40,233,471.65
41,233,471.666666667
42,233,471.683333333
43,233,471.7
44,233,471.716666667
45,233,471.733333333
46,233,471.75
47,233,471.766666667
48,233,471.783333333
49,233,471.8
50,233,471.816666667
51,233,471.833333333
52,233,471.85
53,233,471.866666667
54,233,471.883333333
55,233,471.9
56,233,471.916666667
57,233,471.933333333
58,233,471.95
59,233,471.966666667
60,233,471.983333333
61,233,472
62,233,472.016666667
63,233,472.033333333
64,233,472.05
65,233,472.066666667
66,233,472.083333333
67,233,472.1
68,233,472.116666667
69,233,472.133333333
70,233,472.15
71,233,472.166666667
72,233,472.183333333
73,233,472.2
74,233,472.216666667
75,233,472.233333333
76,233,472.25
77,233,472.266666667
78,233,472.283333333
79,233,472.3
80,233,472.316666667
81,233,472.333333333
82,233,472.35
83,233,472.366666667
84,233,472.383333333
85,233,472.4
86,233,472.416666667
87,233,472.433333333
88,233,472.45
89,233,472.466666667
90,233,472.483333333
91,233,472.5
92,233,472.516666667
93,233,472.533333333
94,233,472.55
95,233,472.566666667
96,233,472.583333333
97,233,472.6
98,233,472.616666667
99,233,472.633333333
100,233,472.65
101,233,472.666666667
102,233,472.683333333
103,233,472.7
104,233,472.716666667
105,233,472.733333333
106,233,472.75
107,233,472.766666667
108,233,472.783333333
109,233,472.8
110,233,472.816666667
111,233,472.833333333
112,233,472.85
113,233,472.866666667
114,233,472.883333333
115,233,472.9
116,233,472.916666667
117,233,472.933333333
118,233,472.95
119,233,472.966666667
120,233,472.983333333
1,234,473
2,234,473.016666667
3,234,473.033333333
4,234,473.05
5,234,473.066666667
6,234,473.083333333
7,234,473.1
8,234,473.116666667
9,234,473.133333333
10,234,473.15
11,234,473.166666667
12,234,473.183333333
13,234,473.2
14,234,473.216666667
15,234,473.233333333
16,234,473.25
17,234,473.266666667
18,234,473.283333333
19,234,473.3
20,234,473.316666667
21,234,473.333333333
22,234,473.35
23,234,473.366666667
24,234,473.383333333
25,234,473.4
26,234,473.416666667
27,234,473.433333333
28,234,473.45
29,234,473.466666667
30,234,473.483333333
31,234,473.5
32,234,473.516666667
33,234,473.533333333
34,234,473.55
35,234,473.566666667
36,234,473.583333333
37,234,473.6
38,234,473.616666667
39,234,473.633333333
40,234,473.65
41,234,473.666666667
42,234,473.683333333
43,234,473.7
44,234,473.716666667
45,234,473.733333333
46,234,473.75
47,234,473.766666667
48,234,473.783333333
49,234,473.8
50,234,473.816666667
51,234,473.833333333
52,234,473.85
53,234,473.866666667
54,234,473.883333333
55,234,473.9
56,234,473.916666667
57,234,473.933333333
58,234,473.95
59,234,473.966666667
60,234,473.983333333
61,234,474
62,234,474.016666667
63,234,474.033333333
64,234,474.05
65,234,474.066666667
66,234,474.083333333
67,234,474.1
68,234,474.116666667
69,234,474.133333333
70,234,474.15
71,234,474.166666667
72,234,474.183333333
73,234,474.2
74,234,474.216666667
75,234,474.233333333
76,234,474.25
77,234,474.266666667
78,234,474.283333333
79,234,474.3
80,234,474.316666667
81,234,474.333333333
82,234,474.35
83,234,474.366666667
84,234,474.383333333
85,234,474.4
86,234,474.416666667
87,234,474.433333333
88,234,474.45
89,234,474.466666667
90,234,474.483333333
91,234,474.5
92,234,474.516666667
93,234,474.533333333
94,234,474.55
95,234,474.566666667
96,234,474.583333333
97,234,474.6
98,234,474.616666667
99,234,474.633333333
100,234,474.65
101,234,474.666666667
102,234,474.683333333
103,234,474.7
104,234,474.716666667
105,234,474.733333333
106,234,474.75
107,234,474.766666667
108,234,474.783333333
109,234,474.8
110,234,474.816666667
111,234,474.833333333
112,234,474.85
113,234,474.866666667
114,234,474.883333333
115,234,474.9
116,234,474.916666667
117,234,474.933333333
118,234,474.95
119,234,474.966666667
120,234,474.983333333
1,235,475
2,235,475.016666667
3,235,475.033333333
4,235,475.05
5,235,475.066666667
6,235,475.083333333
7,235,475.1
8,235,475.116666667
9,235,475.133333333
10,235,475.15
11,235,475.166666667
12,235,475.183333333
13,235,475.2
14,235,475.216666667
15,235,475.233333333
16,235,475.25
17,235,475.266666667
18,235,475.283333333
19,235,475.3
20,235,475.316666667
21,235,475.333333333
22,235,475.35
23,235,475.366666667
24,235,475.383333333
25,235,475.4
26,235,475.416666667
27,235,475.433333333
28,235,475.45
29,235,475.466666667
30,235,475.483333333
31,235,475.5
32,235,475.516666667
33,235,475.533333333
34,235,475.55
35,235,475.566666667
36,235,475.583333333
37,235,475.6
38,235,475.616666667
39,235,475.633333333
40,235,475.65
41,235,475.666666667
42,235,475.683333333
43,235,475.7
44,235,475.716666667
45,235,475.733333333
46,235,475.75
47,235,475.766666667
48,235,475.783333333
49,235,475.8
50,235,475.816666667
51,235,475.833333333
52,235,475.85
53,235,475.866666667
54,235,475.883333333
55,235,475.9
56,235,475.916666667
57,235,475.933333333
58,235,475.95
59,235,475.966666667
60,235,475.983333333
61,235,476
62,235,476.016666667
63,235,476.033333333
64,235,476.05
65,235,476.066666667
66,235,476.083333333
67,235,476.1
68,235,476.116666667
69,235,476.133333333
70,235,476.15
71,235,476.166666667
72,235,476.183333333
73,235,476.2
74,235,476.216666667
75,235,476.233333333
76,235,476.25
77,235,476.266666667
78,235,476.283333333
79,235,476.3
80,235,476.316666667
81,235,476.333333333
82,235,476.35
83,235,476.366666667
84,235,476.383333333
85,235,476.4
86,235,476.416666667
87,235,476.433333333
88,235,476.45
89,235,476.466666667
90,235,476.483333333
91,235,476.5
92,235,476.516666667
93,235,476.533333333
94,235,476.55
95,235,476.566666667
96,235,476.583333333
97,235,476.6
98,235,476.616666667
99,235,476.633333333
100,235,476.65
101,235,476.666666667
102,235,476.683333333
103,235,476.7
104,235,476.716666667
105,235,476.733333333
106,235,476.75
107,235,476.766666667
108,235,476.783333333
109,235,476.8
110,235,476.816666667
111,235,476.833333333
112,235,476.85
113,235,476.866666667
114,235,476.883333333
115,235,476.9
116,235,476.916666667
117,235,476.933333333
118,235,476.95
119,235,476.966666667
120,235,476.983333333
1,236,477
2,236,477.016666667
3,236,477.033333333
4,236,477.05
5,236,477.066666667
6,236,477.083333333
7,236,477.1
8,236,477.116666667
9,236,477.133333333
10,236,477.15
11,236,477.166666667
12,236,477.183333333
13,236,477.2
14,236,477.216666667
15,236,477.233333333
16,236,477.25
17,236,477.266666667
18,236,477.283333333
19,236,477.3
20,236,477.316666667
21,236,477.333333333
22,236,477.35
23,236,477.366666667
24,236,477.383333333
25,236,477.4
26,236,477.416666667
27,236,477.433333333
28,236,477.45
29,236,477.466666667
30,236,477.483333333
31,236,477.5
32,236,477.516666667
33,236,477.533333333
34,236,477.55
35,236,477.566666667
36,236,477.583333333
37,236,477.6
38,236,477.616666667
39,236,477.633333333
40,236,477.65
41,236,477.666666667
42,236,477.683333333
43,236,477.7
44,236,477.716666667
45,236,477.733333333
46,236,477.75
47,236,477.766666667
48,236,477.783333333
49,236,477.8
50,236,477.816666667
51,236,477.833333333
52,236,477.85
53,236,477.866666667
54,236,477.883333333
55,236,477.9
56,236,477.916666667
57,236,477.933333333
58,236,477.95
59,236,477.966666667
60,236,477.983333333
61,236,478
62,236,478.016666667
63,236,478.033333333
64,236,478.05
65,236,478.066666667
66,236,478.083333333
67,236,478.1
68,236,478.116666667
69,236,478.133333333
70,236,478.15
71,236,478.166666667
72,236,478.183333333
73,236,478.2
74,236,478.216666667
75,236,478.233333333
76,236,478.25
77,236,478.266666667
78,236,478.283333333
79,236,478.3
80,236,478.316666667
81,236,478.333333333
82,236,478.35
83,236,478.366666667
84,236,478.383333333
85,236,478.4
86,236,478.416666667
87,236,478.433333333
88,236,478.45
89,236,478.466666667
90,236,478.483333333
91,236,478.5
92,236,478.516666667
93,236,478.533333333
94,236,478.55
95,236,478.566666667
96,236,478.583333333
97,236,478.6
98,236,478.616666667
99,236,478.633333333
100,236,478.65
101,236,478.666666667
102,236,478.683333333
103,236,478.7
104,236,478.716666667
105,236,478.733333333
106,236,478.75
107,236,478.766666667
108,236,478.783333333
109,236,478.8
110,236,478.816666667
111,236,478.833333333
112,236,478.85
113,236,478.866666667
114,236,478.883333333
115,236,478.9
116,236,478.916666667
117,236,478.933333333
118,236,478.95
119,236,478.966666667
120,236,478.983333333
1,237,479
2,237,479.016666667
3,237,479.033333333
4,237,479.05
5,237,479.066666667
6,237,479.083333333
7,237,479.1
8,237,479.116666667
9,237,479.133333333
10,237,479.15
11,237,479.166666667
12,237,479.183333333
13,237,479.2
14,237,479.216666667
15,237,479.233333333
16,237,479.25
17,237,479.266666667
18,237,479.283333333
19,237,479.3
20,237,479.316666667
21,237,479.333333333
22,237,479.35
23,237,479.366666667
24,237,479.383333333
25,237,479.4
26,237,479.416666667
27,237,479.433333333
28,237,479.45
29,237,479.466666667
30,237,479.483333333
31,237,479.5
32,237,479.516666667
33,237,479.533333333
34,237,479.55
35,237,479.566666667
36,237,479.583333333
37,237,479.6
38,237,479.616666667
39,237,479.633333333
40,237,479.65
41,237,479.666666667
42,237,479.683333333
43,237,479.7
44,237,479.716666667
45,237,479.733333333
46,237,479.75
47,237,479.766666667
48,237,479.783333333
49,237,479.8
50,237,479.816666667
51,237,479.833333333
52,237,479.85
53,237,479.866666667
54,237,479.883333333
55,237,479.9
56,237,479.916666667
57,237,479.933333333
58,237,479.95
59,237,479.966666667
60,237,479.983333333
61,237,480
62,237,480.016666667
63,237,480.033333333
64,237,480.05
65,237,480.066666667
66,237,480.083333333
67,237,480.1
68,237,480.116666667
69,237,480.133333333
70,237,480.15
71,237,480.166666667
72,237,480.183333333
73,237,480.2
74,237,480.216666667
75,237,480.233333333
76,237,480.25
77,237,480.266666667
78,237,480.283333333
79,237,480.3
80,237,480.316666667
81,237,480.333333333
82,237,480.35
83,237,480.366666667
84,237,480.383333333
85,237,480.4
86,237,480.416666667
87,237,480.433333333
88,237,480.45
89,237,480.466666667
90,237,480.483333333
91,237,480.5
92,237,480.516666667
93,237,480.533333333
94,237,480.55
95,237,480.566666667
96,237,480.583333333
97,237,480.6
98,237,480.616666667
99,237,480.633333333
100,237,480.65
101,237,480.666666667
102,237,480.683333333
103,237,480.7
104,237,480.716666667
105,237,480.733333333
106,237,480.75
107,237,480.766666667
108,237,480.783333333
109,237,480.8
110,237,480.816666667
111,237,480.833333333
112,237,480.85
113,237,480.866666667
114,237,480.883333333
115,237,480.9
116,237,480.916666667
117,237,480.933333333
118,237,480.95
119,237,480.966666667
120,237,480.983333333
1,238,481
2,238,481.016666667
3,238,481.033333333
4,238,481.05
5,238,481.066666667
6,238,481.083333333
7,238,481.1
8,238,481.116666667
9,238,481.133333333
10,238,481.15
11,238,481.166666667
12,238,481.183333333
13,238,481.2
14,238,481.216666667
15,238,481.233333333
16,238,481.25
17,238,481.266666667
18,238,481.283333333
19,238,481.3
20,238,481.316666667
21,238,481.333333333
22,238,481.35
23,238,481.366666667
24,238,481.383333333
25,238,481.4
26,238,481.416666667
27,238,481.433333333
28,238,481.45
29,238,481.466666667
30,238,481.483333333
31,238,481.5
32,238,481.516666667
33,238,481.533333333
34,238,481.55
35,238,481.566666667
36,238,481.583333333
37,238,481.6
38,238,481.616666667
39,238,481.633333333
40,238,481.65
41,238,481.666666667
42,238,481.683333333
43,238,481.7
44,238,481.716666667
45,238,481.733333333
46,238,481.75
47,238,481.766666667
48,238,481.783333333
49,238,481.8
50,238,481.816666667
51,238,481.833333333
52,238,481.85
53,238,481.866666667
54,238,481.883333333
55,238,481.9
56,238,481.916666667
57,238,481.933333333
58,238,481.95
59,238,481.966666667
60,238,481.983333333
61,238,482
62,238,482.016666667
63,238,482.033333333
64,238,482.05
65,238,482.066666667
66,238,482.083333333
67,238,482.1
68,238,482.116666667
69,238,482.133333333
70,238,482.15
71,238,482.166666667
72,238,482.183333333
73,238,482.2
74,238,482.216666667
75,238,482.233333333
76,238,482.25
77,238,482.266666667
78,238,482.283333333
79,238,482.3
80,238,482.316666667
81,238,482.333333333
82,238,482.35
83,238,482.366666667
84,238,482.383333333
85,238,482.4
86,238,482.416666667
87,238,482.433333333
88,238,482.45
89,238,482.466666667
90,238,482.483333333
91,238,482.5
92,238,482.516666667
93,238,482.533333333
94,238,482.55
95,238,482.566666667
96,238,482.583333333
97,238,482.6
98,238,482.616666667
99,238,482.633333333
100,238,482.65
101,238,482.666666667
102,238,482.683333333
103,238,482.7
104,238,482.716666667
105,238,482.733333333
106,238,482.75
107,238,482.766666667
108,238,482.783333333
109,238,482.8
110,238,482.816666667
111,238,482.833333333
112,238,482.85
113,238,482.866666667
114,238,482.883333333
115,238,482.9
116,238,482.916666667
117,238,482.933333333
118,238,482.95
119,238,482.966666667
120,238,482.983333333
1,239,483
2,239,483.016666667
3,239,483.033333333
4,239,483.05
5,239,483.066666667
6,239,483.083333333
7,239,483.1
8,239,483.116666667
9,239,483.133333333
10,239,483.15
11,239,483.166666667
12,239,483.183333333
13,239,483.2
14,239,483.216666667
15,239,483.233333333
16,239,483.25
17,239,483.266666667
18,239,483.283333333
19,239,483.3
20,239,483.316666667
21,239,483.333333333
22,239,483.35
23,239,483.366666667
24,239,483.383333333
25,239,483.4
26,239,483.416666667
27,239,483.433333333
28,239,483.45
29,239,483.466666667
30,239,483.483333333
31,239,483.5
32,239,483.516666667
33,239,483.533333333
34,239,483.55
35,239,483.566666667
36,239,483.583333333
37,239,483.6
38,239,483.616666667
39,239,483.633333333
40,239,483.65
41,239,483.666666667
42,239,483.683333333
43,239,483.7
44,239,483.716666667
45,239,483.733333333
46,239,483.75
47,239,483.766666667
48,239,483.783333333
49,239,483.8
50,239,483.816666667
51,239,483.833333333
52,239,483.85
53,239,483.866666667
54,239,483.883333333
55,239,483.9
56,239,483.916666667
57,239,483.933333333
58,239,483.95
59,239,483.966666667
60,239,483.983333333
61,239,484
62,239,484.016666667
63,239,484.033333333
64,239,484.05
65,239,484.066666667
66,239,484.083333333
67,239,484.1
68,239,484.116666667
69,239,484.133333333
70,239,484.15
71,239,484.166666667
72,239,484.183333333
73,239,484.2
74,239,484.216666667
75,239,484.233333333
76,239,484.25
77,239,484.266666667
78,239,484.283333333
79,239,484.3
80,239,484.316666667
81,239,484.333333333
82,239,484.35
83,239,484.366666667
84,239,484.383333333
85,239,484.4
86,239,484.416666667
87,239,484.433333333
88,239,484.45
89,239,484.466666667
90,239,484.483333333
91,239,484.5
92,239,484.516666667
93,239,484.533333333
94,239,484.55
95,239,484.566666667
96,239,484.583333333
97,239,484.6
98,239,484.616666667
99,239,484.633333333
100,239,484.65
101,239,484.666666667
102,239,484.683333333
103,239,484.7
104,239,484.716666667
105,239,484.733333333
106,239,484.75
107,239,484.766666667
108,239,484.783333333
109,239,484.8
110,239,484.816666667
111,239,484.833333333
112,239,484.85
113,239,484.866666667
114,239,484.883333333
115,239,484.9
116,239,484.916666667
117,239,484.933333333
118,239,484.95
119,239,484.966666667
120,239,484.983333333
1,240,485
2,240,485.016666667
3,240,485.033333333
4,240,485.05
5,240,485.066666667
6,240,485.083333333
7,240,485.1
8,240,485.116666667
9,240,485.133333333
10,240,485.15
11,240,485.166666667
12,240,485.183333333
13,240,485.2
14,240,485.216666667
15,240,485.233333333
16,240,485.25
17,240,485.266666667
18,240,485.283333333
19,240,485.3
20,240,485.316666667
21,240,485.333333333
22,240,485.35
23,240,485.366666667
24,240,485.383333333
25,240,485.4
26,240,485.416666667
27,240,485.433333333
28,240,485.45
29,240,485.466666667
30,240,485.483333333
31,240,485.5
32,240,485.516666667
33,240,485.533333333
34,240,485.55
35,240,485.566666667
36,240,485.583333333
37,240,485.6
38,240,485.616666667
39,240,485.633333333
40,240,485.65
41,240,485.666666667
42,240,485.683333333
43,240,485.7
44,240,485.716666667
45,240,485.733333333
46,240,485.75
47,240,485.766666667
48,240,485.783333333
49,240,485.8
50,240,485.816666667
51,240,485.833333333
52,240,485.85
53,240,485.866666667
54,240,485.883333333
55,240,485.9
56,240,485.916666667
57,240,485.933333333
58,240,485.95
59,240,485.966666667
60,240,485.983333333
61,240,486
62,240,486.016666667
63,240,486.033333333
64,240,486.05
65,240,486.066666667
66,240,486.083333333
67,240,486.1
68,240,486.116666667
69,240,486.133333333
70,240,486.15
71,240,486.166666667
72,240,486.183333333
73,240,486.2
74,240,486.216666667
75,240,486.233333333
76,240,486.25
77,240,486.266666667
78,240,486.283333333
79,240,486.3
80,240,486.316666667
81,240,486.333333333
82,240,486.35
83,240,486.366666667
84,240,486.383333333
85,240,486.4
86,240,486.416666667
87,240,486.433333333
88,240,486.45
89,240,486.466666667
90,240,486.483333333
91,240,486.5
92,240,486.516666667
93,240,486.533333333
94,240,486.55
95,240,486.566666667
96,240,486.583333333
97,240,486.6
98,240,486.616666667
99,240,486.633333333
100,240,486.65
101,240,486.666666667
102,240,486.683333333
103,240,486.7
104,240,486.716666667
105,240,486.733333333
106,240,486.75
107,240,486.766666667
108,240,486.783333333
109,240,486.8
110,240,486.816666667
111,240,486.833333333
112,240,486.85
113,240,486.866666667
114,240,486.883333333
115,240,486.9
116,240,486.916666667
117,240,486.933333333
118,240,486.95
119,240,486.966666667
120,240,486.983333333
1,241,487
2,241,487.016666667
3,241,487.033333333
4,241,487.05
5,241,487.066666667
6,241,487.083333333
7,241,487.1
8,241,487.116666667
9,241,487.133333333
10,241,487.15
11,241,487.166666667
12,241,487.183333333
13,241,487.2
14,241,487.216666667
15,241,487.233333333
16,241,487.25
17,241,487.266666667
18,241,487.283333333
19,241,487.3
20,241,487.316666667
21,241,487.333333333
22,241,487.35
23,241,487.366666667
24,241,487.383333333
25,241,487.4
26,241,487.416666667
27,241,487.433333333
28,241,487.45
29,241,487.466666667
30,241,487.483333333
31,241,487.5
32,241,487.516666667
33,241,487.533333333
34,241,487.55
35,241,487.566666667
36,241,487.583333333
37,241,487.6
38,241,487.616666667
39,241,487.633333333
40,241,487.65
41,241,487.666666667
42,241,487.683333333
43,241,487.7
44,241,487.716666667
45,241,487.733333333
46,241,487.75
47,241,487.766666667
48,241,487.783333333
49,241,487.8
50,241,487.816666667
51,241,487.833333333
52,241,487.85
53,241,487.866666667
54,241,487.883333333
55,241,487.9
56,241,487.916666667
57,241,487.933333333
58,241,487.95
59,241,487.966666667
60,241,487.983333333
61,241,488
62,241,488.016666667
63,241,488.033333333
64,241,488.05
65,241,488.066666667
66,241,488.083333333
67,241,488.1
68,241,488.116666667
69,241,488.133333333
70,241,488.15
71,241,488.166666667
72,241,488.183333333
73,241,488.2
74,241,488.216666667
75,241,488.233333333
76,241,488.25
77,241,488.266666667
78,241,488.283333333
79,241,488.3
80,241,488.316666667
81,241,488.333333333
82,241,488.35
83,241,488.366666667
84,241,488.383333333
85,241,488.4
86,241,488.416666667
87,241,488.433333333
88,241,488.45
89,241,488.466666667
90,241,488.483333333
91,241,488.5
92,241,488.516666667
93,241,488.533333333
94,241,488.55
95,241,488.566666667
96,241,488.583333333
97,241,488.6
98,241,488.616666667
99,241,488.633333333
100,241,488.65
101,241,488.666666667
102,241,488.683333333
103,241,488.7
104,241,488.716666667
105,241,488.733333333
106,241,488.75
107,241,488.766666667
108,241,488.783333333
109,241,488.8
110,241,488.816666667
111,241,488.833333333
112,241,488.85
113,241,488.866666667
114,241,488.883333333
115,241,488.9
116,241,488.916666667
117,241,488.933333333
118,241,488.95
119,241,488.966666667
120,241,488.983333333
1,242,489
2,242,489.016666667
3,242,489.033333333
4,242,489.05
5,242,489.066666667
6,242,489.083333333
7,242,489.1
8,242,489.116666667
9,242,489.133333333
10,242,489.15
11,242,489.166666667
12,242,489.183333333
13,242,489.2
14,242,489.216666667
15,242,489.233333333
16,242,489.25
17,242,489.266666667
18,242,489.283333333
19,242,489.3
20,242,489.316666667
21,242,489.333333333
22,242,489.35
23,242,489.366666667
24,242,489.383333333
25,242,489.4
26,242,489.416666667
27,242,489.433333333
28,242,489.45
29,242,489.466666667
30,242,489.483333333
31,242,489.5
32,242,489.516666667
33,242,489.533333333
34,242,489.55
35,242,489.566666667
36,242,489.583333333
37,242,489.6
38,242,489.616666667
39,242,489.633333333
40,242,489.65
41,242,489.666666667
42,242,489.683333333
43,242,489.7
44,242,489.716666667
45,242,489.733333333
46,242,489.75
47,242,489.766666667
48,242,489.783333333
49,242,489.8
50,242,489.816666667
51,242,489.833333333
52,242,489.85
53,242,489.866666667
54,242,489.883333333
55,242,489.9
56,242,489.916666667
57,242,489.933333333
58,242,489.95
59,242,489.966666667
60,242,489.983333333
61,242,490
62,242,490.016666667
63,242,490.033333333
64,242,490.05
65,242,490.066666667
66,242,490.083333333
67,242,490.1
68,242,490.116666667
69,242,490.133333333
70,242,490.15
71,242,490.166666667
72,242,490.183333333
73,242,490.2
74,242,490.216666667
75,242,490.233333333
76,242,490.25
77,242,490.266666667
78,242,490.283333333
79,242,490.3
80,242,490.316666667
81,242,490.333333333
82,242,490.35
83,242,490.366666667
84,242,490.383333333
85,242,490.4
86,242,490.416666667
87,242,490.433333333
88,242,490.45
89,242,490.466666667
90,242,490.483333333
91,242,490.5
92,242,490.516666667
93,242,490.533333333
94,242,490.55
95,242,490.566666667
96,242,490.583333333
97,242,490.6
98,242,490.616666667
99,242,490.633333333
100,242,490.65
101,242,490.666666667
102,242,490.683333333
103,242,490.7
104,242,490.716666667
105,242,490.733333333
106,242,490.75
107,242,490.766666667
108,242,490.783333333
109,242,490.8
110,242,490.816666667
111,242,490.833333333
112,242,490.85
113,242,490.866666667
114,242,490.883333333
115,242,490.9
116,242,490.916666667
117,242,490.933333333
118,242,490.95
119,242,490.966666667
120,242,490.983333333
1,243,491
2,243,491.016666667
3,243,491.033333333
4,243,491.05
5,243,491.066666667
6,243,491.083333333
7,243,491.1
8,243,491.116666667
9,243,491.133333333
10,243,491.15
11,243,491.166666667
12,243,491.183333333
13,243,491.2
14,243,491.216666667
15,243,491.233333333
16,243,491.25
17,243,491.266666667
18,243,491.283333333
19,243,491.3
20,243,491.316666667
21,243,491.333333333
22,243,491.35
23,243,491.366666667
24,243,491.383333333
25,243,491.4
26,243,491.416666667
27,243,491.433333333
28,243,491.45
29,243,491.466666667
30,243,491.483333333
31,243,491.5
32,243,491.516666667
33,243,491.533333333
34,243,491.55
35,243,491.566666667
36,243,491.583333333
37,243,491.6
38,243,491.616666667
39,243,491.633333333
40,243,491.65
41,243,491.666666667
42,243,491.683333333
43,243,491.7
44,243,491.716666667
45,243,491.733333333
46,243,491.75
47,243,491.766666667
48,243,491.783333333
49,243,491.8
50,243,491.816666667
51,243,491.833333333
52,243,491.85
53,243,491.866666667
54,243,491.883333333
55,243,491.9
56,243,491.916666667
57,243,491.933333333
58,243,491.95
59,243,491.966666667
60,243,491.983333333
61,243,492
62,243,492.016666667
63,243,492.033333333
64,243,492.05
65,243,492.066666667
66,243,492.083333333
67,243,492.1
68,243,492.116666667
69,243,492.133333333
70,243,492.15
71,243,492.166666667
72,243,492.183333333
73,243,492.2
74,243,492.216666667
75,243,492.233333333
76,243,492.25
77,243,492.266666667
78,243,492.283333333
79,243,492.3
80,243,492.316666667
81,243,492.333333333
82,243,492.35
83,243,492.366666667
84,243,492.383333333
85,243,492.4
86,243,492.416666667
87,243,492.433333333
88,243,492.45
89,243,492.466666667
90,243,492.483333333
91,243,492.5
92,243,492.516666667
93,243,492.533333333
94,243,492.55
95,243,492.566666667
96,243,492.583333333
97,243,492.6
98,243,492.616666667
99,243,492.633333333
100,243,492.65
101,243,492.666666667
102,243,492.683333333
103,243,492.7
104,243,492.716666667
105,243,492.733333333
106,243,492.75
107,243,492.766666667
108,243,492.783333333
109,243,492.8
110,243,492.816666667
111,243,492.833333333
112,243,492.85
113,243,492.866666667
114,243,492.883333333
115,243,492.9
116,243,492.916666667
117,243,492.933333333
118,243,492.95
119,243,492.966666667
120,243,492.983333333
1,244,493
2,244,493.016666667
3,244,493.033333333
4,244,493.05
5,244,493.066666667
6,244,493.083333333
7,244,493.1
8,244,493.116666667
9,244,493.133333333
10,244,493.15
11,244,493.166666667
12,244,493.183333333
13,244,493.2
14,244,493.216666667
15,244,493.233333333
16,244,493.25
17,244,493.266666667
18,244,493.283333333
19,244,493.3
20,244,493.316666667
21,244,493.333333333
22,244,493.35
23,244,493.366666667
24,244,493.383333333
25,244,493.4
26,244,493.416666667
27,244,493.433333333
28,244,493.45
29,244,493.466666667
30,244,493.483333333
31,244,493.5
32,244,493.516666667
33,244,493.533333333
34,244,493.55
35,244,493.566666667
36,244,493.583333333
37,244,493.6
38,244,493.616666667
39,244,493.633333333
40,244,493.65
41,244,493.666666667
42,244,493.683333333
43,244,493.7
44,244,493.716666667
45,244,493.733333333
46,244,493.75
47,244,493.766666667
48,244,493.783333333
49,244,493.8
50,244,493.816666667
51,244,493.833333333
52,244,493.85
53,244,493.866666667
54,244,493.883333333
55,244,493.9
56,244,493.916666667
57,244,493.933333333
58,244,493.95
59,244,493.966666667
60,244,493.983333333
61,244,494
62,244,494.016666667
63,244,494.033333333
64,244,494.05
65,244,494.066666667
66,244,494.083333333
67,244,494.1
68,244,494.116666667
69,244,494.133333333
70,244,494.15
71,244,494.166666667
72,244,494.183333333
73,244,494.2
74,244,494.216666667
75,244,494.233333333
76,244,494.25
77,244,494.266666667
78,244,494.283333333
79,244,494.3
80,244,494.316666667
81,244,494.333333333
82,244,494.35
83,244,494.366666667
84,244,494.383333333
85,244,494.4
86,244,494.416666667
87,244,494.433333333
88,244,494.45
89,244,494.466666667
90,244,494.483333333
91,244,494.5
92,244,494.516666667
93,244,494.533333333
94,244,494.55
95,244,494.566666667
96,244,494.583333333
97,244,494.6
98,244,494.616666667
99,244,494.633333333
100,244,494.65
101,244,494.666666667
102,244,494.683333333
103,244,494.7
104,244,494.716666667
105,244,494.733333333
106,244,494.75
107,244,494.766666667
108,244,494.783333333
109,244,494.8
110,244,494.816666667
111,244,494.833333333
112,244,494.85
113,244,494.866666667
114,244,494.883333333
115,244,494.9
116,244,494.916666667
117,244,494.933333333
118,244,494.95
119,244,494.966666667
120,244,494.983333333
1,245,495
2,245,495.016666667
3,245,495.033333333
4,245,495.05
5,245,495.066666667
6,245,495.083333333
7,245,495.1
8,245,495.116666667
9,245,495.133333333
10,245,495.15
11,245,495.166666667
12,245,495.183333333
13,245,495.2
14,245,495.216666667
15,245,495.233333333
16,245,495.25
17,245,495.266666667
18,245,495.283333333
19,245,495.3
20,245,495.316666667
21,245,495.333333333
22,245,495.35
23,245,495.366666667
24,245,495.383333333
25,245,495.4
26,245,495.416666667
27,245,495.433333333
28,245,495.45
29,245,495.466666667
30,245,495.483333333
31,245,495.5
32,245,495.516666667
33,245,495.533333333
34,245,495.55
35,245,495.566666667
36,245,495.583333333
37,245,495.6
38,245,495.616666667
39,245,495.633333333
40,245,495.65
41,245,495.666666667
42,245,495.683333333
43,245,495.7
44,245,495.716666667
45,245,495.733333333
46,245,495.75
47,245,495.766666667
48,245,495.783333333
49,245,495.8
50,245,495.816666667
51,245,495.833333333
52,245,495.85
53,245,495.866666667
54,245,495.883333333
55,245,495.9
56,245,495.916666667
57,245,495.933333333
58,245,495.95
59,245,495.966666667
60,245,495.983333333
61,245,496
62,245,496.016666667
63,245,496.033333333
64,245,496.05
65,245,496.066666667
66,245,496.083333333
67,245,496.1
68,245,496.116666667
69,245,496.133333333
70,245,496.15
71,245,496.166666667
72,245,496.183333333
73,245,496.2
74,245,496.216666667
75,245,496.233333333
76,245,496.25
77,245,496.266666667
78,245,496.283333333
79,245,496.3
80,245,496.316666667
81,245,496.333333333
82,245,496.35
83,245,496.366666667
84,245,496.383333333
85,245,496.4
86,245,496.416666667
87,245,496.433333333
88,245,496.45
89,245,496.466666667
90,245,496.483333333
91,245,496.5
92,245,496.516666667
93,245,496.533333333
94,245,496.55
95,245,496.566666667
96,245,496.583333333
97,245,496.6
98,245,496.616666667
99,245,496.633333333
100,245,496.65
101,245,496.666666667
102,245,496.683333333
103,245,496.7
104,245,496.716666667
105,245,496.733333333
106,245,496.75
107,245,496.766666667
108,245,496.783333333
109,245,496.8
110,245,496.816666667
111,245,496.833333333
112,245,496.85
113,245,496.866666667
114,245,496.883333333
115,245,496.9
116,245,496.916666667
117,245,496.933333333
118,245,496.95
119,245,496.966666667
120,245,496.983333333
1,246,497
2,246,497.016666667
3,246,497.033333333
4,246,497.05
5,246,497.066666667
6,246,497.083333333
7,246,497.1
8,246,497.116666667
9,246,497.133333333
10,246,497.15
11,246,497.166666667
12,246,497.183333333
13,246,497.2
14,246,497.216666667
15,246,497.233333333
16,246,497.25
17,246,497.266666667
18,246,497.283333333
19,246,497.3
20,246,497.316666667
21,246,497.333333333
22,246,497.35
23,246,497.366666667
24,246,497.383333333
25,246,497.4
26,246,497.416666667
27,246,497.433333333
28,246,497.45
29,246,497.466666667
30,246,497.483333333
31,246,497.5
32,246,497.516666667
33,246,497.533333333
34,246,497.55
35,246,497.566666667
36,246,497.583333333
37,246,497.6
38,246,497.616666667
39,246,497.633333333
40,246,497.65
41,246,497.666666667
42,246,497.683333333
43,246,497.7
44,246,497.716666667
45,246,497.733333333
46,246,497.75
47,246,497.766666667
48,246,497.783333333
49,246,497.8
50,246,497.816666667
51,246,497.833333333
52,246,497.85
53,246,497.866666667
54,246,497.883333333
55,246,497.9
56,246,497.916666667
57,246,497.933333333
58,246,497.95
59,246,497.966666667
60,246,497.983333333
61,246,498
62,246,498.016666667
63,246,498.033333333
64,246,498.05
65,246,498.066666667
66,246,498.083333333
67,246,498.1
68,246,498.116666667
69,246,498.133333333
70,246,498.15
71,246,498.166666667
72,246,498.183333333
73,246,498.2
74,246,498.216666667
75,246,498.233333333
76,246,498.25
77,246,498.266666667
78,246,498.283333333
79,246,498.3
80,246,498.316666667
81,246,498.333333333
82,246,498.35
83,246,498.366666667
84,246,498.383333333
85,246,498.4
86,246,498.416666667
87,246,498.433333333
88,246,498.45
89,246,498.466666667
90,246,498.483333333
91,246,498.5
92,246,498.516666667
93,246,498.533333333
94,246,498.55
95,246,498.566666667
96,246,498.583333333
97,246,498.6
98,246,498.616666667
99,246,498.633333333
100,246,498.65
101,246,498.666666667
102,246,498.683333333
103,246,498.7
104,246,498.716666667
105,246,498.733333333
106,246,498.75
107,246,498.766666667
108,246,498.783333333
109,246,498.8
110,246,498.816666667
111,246,498.833333333
112,246,498.85
113,246,498.866666667
114,246,498.883333333
115,246,498.9
116,246,498.916666667
117,246,498.933333333
118,246,498.95
119,246,498.966666667
120,246,498.983333333
1,247,499
2,247,499.016666667
3,247,499.033333333
4,247,499.05
5,247,499.066666667
6,247,499.083333333
7,247,499.1
8,247,499.116666667
9,247,499.133333333
10,247,499.15
11,247,499.166666667
12,247,499.183333333
13,247,499.2
14,247,499.216666667
15,247,499.233333333
16,247,499.25
17,247,499.266666667
18,247,499.283333333
19,247,499.3
20,247,499.316666667
21,247,499.333333333
22,247,499.35
23,247,499.366666667
24,247,499.383333333
25,247,499.4
26,247,499.416666667
27,247,499.433333333
28,247,499.45
29,247,499.466666667
30,247,499.483333333
31,247,499.5
32,247,499.516666667
33,247,499.533333333
34,247,499.55
35,247,499.566666667
36,247,499.583333333
37,247,499.6
38,247,499.616666667
39,247,499.633333333
40,247,499.65
41,247,499.666666667
42,247,499.683333333
43,247,499.7
44,247,499.716666667
45,247,499.733333333
46,247,499.75
47,247,499.766666667
48,247,499.783333333
49,247,499.8
50,247,499.816666667
51,247,499.833333333
52,247,499.85
53,247,499.866666667
54,247,499.883333333
55,247,499.9
56,247,499.916666667
57,247,499.933333333
58,247,499.95
59,247,499.966666667
60,247,499.983333333
61,247,500
62,247,500.016666667
63,247,500.033333333
64,247,500.05
65,247,500.066666667
66,247,500.083333333
67,247,500.1
68,247,500.116666667
69,247,500.133333333
70,247,500.15
71,247,500.166666667
72,247,500.183333333
73,247,500.2
74,247,500.216666667
75,247,500.233333333
76,247,500.25
77,247,500.266666667
78,247,500.283333333
79,247,500.3
80,247,500.316666667
81,247,500.333333333
82,247,500.35
83,247,500.366666667
84,247,500.383333333
85,247,500.4
86,247,500.416666667
87,247,500.433333333
88,247,500.45
89,247,500.466666667
90,247,500.483333333
91,247,500.5
92,247,500.516666667
93,247,500.533333333
94,247,500.55
95,247,500.566666667
96,247,500.583333333
97,247,500.6
98,247,500.616666667
99,247,500.633333333
100,247,500.65
101,247,500.666666667
102,247,500.683333333
103,247,500.7
104,247,500.716666667
105,247,500.733333333
106,247,500.75
107,247,500.766666667
108,247,500.783333333
109,247,500.8
110,247,500.816666667
111,247,500.833333333
112,247,500.85
113,247,500.866666667
114,247,500.883333333
115,247,500.9
116,247,500.916666667
117,247,500.933333333
118,247,500.95
119,247,500.966666667
120,247,500.983333333
1,248,501
2,248,501.016666667
3,248,501.033333333
4,248,501.05
5,248,501.066666667
6,248,501.083333333
7,248,501.1
8,248,501.116666667
9,248,501.133333333
10,248,501.15
11,248,501.166666667
12,248,501.183333333
13,248,501.2
14,248,501.216666667
15,248,501.233333333
16,248,501.25
17,248,501.266666667
18,248,501.283333333
19,248,501.3
20,248,501.316666667
21,248,501.333333333
22,248,501.35
23,248,501.366666667
24,248,501.383333333
25,248,501.4
26,248,501.416666667
27,248,501.433333333
28,248,501.45
29,248,501.466666667
30,248,501.483333333
31,248,501.5
32,248,501.516666667
33,248,501.533333333
34,248,501.55
35,248,501.566666667
36,248,501.583333333
37,248,501.6
38,248,501.616666667
39,248,501.633333333
40,248,501.65
41,248,501.666666667
42,248,501.683333333
43,248,501.7
44,248,501.716666667
45,248,501.733333333
46,248,501.75
47,248,501.766666667
48,248,501.783333333
49,248,501.8
50,248,501.816666667
51,248,501.833333333
52,248,501.85
53,248,501.866666667
54,248,501.883333333
55,248,501.9
56,248,501.916666667
57,248,501.933333333
58,248,501.95
59,248,501.966666667
60,248,501.983333333
61,248,502
62,248,502.016666667
63,248,502.033333333
64,248,502.05
65,248,502.066666667
66,248,502.083333333
67,248,502.1
68,248,502.116666667
69,248,502.133333333
70,248,502.15
71,248,502.166666667
72,248,502.183333333
73,248,502.2
74,248,502.216666667
75,248,502.233333333
76,248,502.25
77,248,502.266666667
78,248,502.283333333
79,248,502.3
80,248,502.316666667
81,248,502.333333333
82,248,502.35
83,248,502.366666667
84,248,502.383333333
85,248,502.4
86,248,502.416666667
87,248,502.433333333
88,248,502.45
89,248,502.466666667
90,248,502.483333333
91,248,502.5
92,248,502.516666667
93,248,502.533333333
94,248,502.55
95,248,502.566666667
96,248,502.583333333
97,248,502.6
98,248,502.616666667
99,248,502.633333333
100,248,502.65
101,248,502.666666667
102,248,502.683333333
103,248,502.7
104,248,502.716666667
105,248,502.733333333
106,248,502.75
107,248,502.766666667
108,248,502.783333333
109,248,502.8
110,248,502.816666667
111,248,502.833333333
112,248,502.85
113,248,502.866666667
114,248,502.883333333
115,248,502.9
116,248,502.916666667
117,248,502.933333333
118,248,502.95
119,248,502.966666667
120,248,502.983333333
1,249,503
2,249,503.016666667
3,249,503.033333333
4,249,503.05
5,249,503.066666667
6,249,503.083333333
7,249,503.1
8,249,503.116666667
9,249,503.133333333
10,249,503.15
11,249,503.166666667
12,249,503.183333333
13,249,503.2
14,249,503.216666667
15,249,503.233333333
16,249,503.25
17,249,503.266666667
18,249,503.283333333
19,249,503.3
20,249,503.316666667
21,249,503.333333333
22,249,503.35
23,249,503.366666667
24,249,503.383333333
25,249,503.4
26,249,503.416666667
27,249,503.433333333
28,249,503.45
29,249,503.466666667
30,249,503.483333333
31,249,503.5
32,249,503.516666667
33,249,503.533333333
34,249,503.55
35,249,503.566666667
36,249,503.583333333
37,249,503.6
38,249,503.616666667
39,249,503.633333333
40,249,503.65
41,249,503.666666667
42,249,503.683333333
43,249,503.7
44,249,503.716666667
45,249,503.733333333
46,249,503.75
47,249,503.766666667
48,249,503.783333333
49,249,503.8
50,249,503.816666667
51,249,503.833333333
52,249,503.85
53,249,503.866666667
54,249,503.883333333
55,249,503.9
56,249,503.916666667
57,249,503.933333333
58,249,503.95
59,249,503.966666667
60,249,503.983333333
61,249,504
62,249,504.016666667
63,249,504.033333333
64,249,504.05
65,249,504.066666667
66,249,504.083333333
67,249,504.1
68,249,504.116666667
69,249,504.133333333
70,249,504.15
71,249,504.166666667
72,249,504.183333333
73,249,504.2
74,249,504.216666667
75,249,504.233333333
76,249,504.25
77,249,504.266666667
78,249,504.283333333
79,249,504.3
80,249,504.316666667
81,249,504.333333333
82,249,504.35
83,249,504.366666667
84,249,504.383333333
85,249,504.4
86,249,504.416666667
87,249,504.433333333
88,249,504.45
89,249,504.466666667
90,249,504.483333333
91,249,504.5
92,249,504.516666667
93,249,504.533333333
94,249,504.55
95,249,504.566666667
96,249,504.583333333
97,249,504.6
98,249,504.616666667
99,249,504.633333333
100,249,504.65
101,249,504.666666667
102,249,504.683333333
103,249,504.7
104,249,504.716666667
105,249,504.733333333
106,249,504.75
107,249,504.766666667
108,249,504.783333333
109,249,504.8
110,249,504.816666667
111,249,504.833333333
112,249,504.85
113,249,504.866666667
114,249,504.883333333
115,249,504.9
116,249,504.916666667
117,249,504.933333333
118,249,504.95
119,249,504.966666667
120,249,504.983333333
1,250,505
2,250,505.016666667
3,250,505.033333333
4,250,505.05
5,250,505.066666667
6,250,505.083333333
7,250,505.1
8,250,505.116666667
9,250,505.133333333
10,250,505.15
11,250,505.166666667
12,250,505.183333333
13,250,505.2
14,250,505.216666667
15,250,505.233333333
16,250,505.25
17,250,505.266666667
18,250,505.283333333
19,250,505.3
20,250,505.316666667
21,250,505.333333333
22,250,505.35
23,250,505.366666667
24,250,505.383333333
25,250,505.4
26,250,505.416666667
27,250,505.433333333
28,250,505.45
29,250,505.466666667
30,250,505.483333333
31,250,505.5
32,250,505.516666667
33,250,505.533333333
34,250,505.55
35,250,505.566666667
36,250,505.583333333
37,250,505.6
38,250,505.616666667
39,250,505.633333333
40,250,505.65
41,250,505.666666667
42,250,505.683333333
43,250,505.7
44,250,505.716666667
45,250,505.733333333
46,250,505.75
47,250,505.766666667
48,250,505.783333333
49,250,505.8
50,250,505.816666667
51,250,505.833333333
52,250,505.85
53,250,505.866666667
54,250,505.883333333
55,250,505.9
56,250,505.916666667
57,250,505.933333333
58,250,505.95
59,250,505.966666667
60,250,505.983333333
61,250,506
62,250,506.016666667
63,250,506.033333333
64,250,506.05
65,250,506.066666667
66,250,506.083333333
67,250,506.1
68,250,506.116666667
69,250,506.133333333
70,250,506.15
71,250,506.166666667
72,250,506.183333333
73,250,506.2
74,250,506.216666667
75,250,506.233333333
76,250,506.25
77,250,506.266666667
78,250,506.283333333
79,250,506.3
80,250,506.316666667
81,250,506.333333333
82,250,506.35
83,250,506.366666667
84,250,506.383333333
85,250,506.4
86,250,506.416666667
87,250,506.433333333
88,250,506.45
89,250,506.466666667
90,250,506.483333333
91,250,506.5
92,250,506.516666667
93,250,506.533333333
94,250,506.55
95,250,506.566666667
96,250,506.583333333
97,250,506.6
98,250,506.616666667
99,250,506.633333333
100,250,506.65
101,250,506.666666667
102,250,506.683333333
103,250,506.7
104,250,506.716666667
105,250,506.733333333
106,250,506.75
107,250,506.766666667
108,250,506.783333333
109,250,506.8
110,250,506.816666667
111,250,506.833333333
112,250,506.85
113,250,506.866666667
114,250,506.883333333
115,250,506.9
116,250,506.916666667
117,250,506.933333333
118,250,506.95
119,250,506.966666667
120,250,506.983333333
1,251,507
2,251,507.016666667
3,251,507.033333333
4,251,507.05
5,251,507.066666667
6,251,507.083333333
7,251,507.1
8,251,507.116666667
9,251,507.133333333
10,251,507.15
11,251,507.166666667
12,251,507.183333333
13,251,507.2
14,251,507.216666667
15,251,507.233333333
16,251,507.25
17,251,507.266666667
18,251,507.283333333
19,251,507.3
20,251,507.316666667
21,251,507.333333333
22,251,507.35
23,251,507.366666667
24,251,507.383333333
25,251,507.4
26,251,507.416666667
27,251,507.433333333
28,251,507.45
29,251,507.466666667
30,251,507.483333333
31,251,507.5
32,251,507.516666667
33,251,507.533333333
34,251,507.55
35,251,507.566666667
36,251,507.583333333
37,251,507.6
38,251,507.616666667
39,251,507.633333333
40,251,507.65
41,251,507.666666667
42,251,507.683333333
43,251,507.7
44,251,507.716666667
45,251,507.733333333
46,251,507.75
47,251,507.766666667
48,251,507.783333333
49,251,507.8
50,251,507.816666667
51,251,507.833333333
52,251,507.85
53,251,507.866666667
54,251,507.883333333
55,251,507.9
56,251,507.916666667
57,251,507.933333333
58,251,507.95
59,251,507.966666667
60,251,507.983333333
61,251,508
62,251,508.016666667
63,251,508.033333333
64,251,508.05
65,251,508.066666667
66,251,508.083333333
67,251,508.1
68,251,508.116666667
69,251,508.133333333
70,251,508.15
71,251,508.166666667
72,251,508.183333333
73,251,508.2
74,251,508.216666667
75,251,508.233333333
76,251,508.25
77,251,508.266666667
78,251,508.283333333
79,251,508.3
80,251,508.316666667
81,251,508.333333333
82,251,508.35
83,251,508.366666667
84,251,508.383333333
85,251,508.4
86,251,508.416666667
87,251,508.433333333
88,251,508.45
89,251,508.466666667
90,251,508.483333333
91,251,508.5
92,251,508.516666667
93,251,508.533333333
94,251,508.55
95,251,508.566666667
96,251,508.583333333
97,251,508.6
98,251,508.616666667
99,251,508.633333333
100,251,508.65
101,251,508.666666667
102,251,508.683333333
103,251,508.7
104,251,508.716666667
105,251,508.733333333
106,251,508.75
107,251,508.766666667
108,251,508.783333333
109,251,508.8
110,251,508.816666667
111,251,508.833333333
112,251,508.85
113,251,508.866666667
114,251,508.883333333
115,251,508.9
116,251,508.916666667
117,251,508.933333333
118,251,508.95
119,251,508.966666667
120,251,508.983333333
1,252,509
2,252,509.016666667
3,252,509.033333333
4,252,509.05
5,252,509.066666667
6,252,509.083333333
7,252,509.1
8,252,509.116666667
9,252,509.133333333
10,252,509.15
11,252,509.166666667
12,252,509.183333333
13,252,509.2
14,252,509.216666667
15,252,509.233333333
16,252,509.25
17,252,509.266666667
18,252,509.283333333
19,252,509.3
20,252,509.316666667
21,252,509.333333333
22,252,509.35
23,252,509.366666667
24,252,509.383333333
25,252,509.4
26,252,509.416666667
27,252,509.433333333
28,252,509.45
29,252,509.466666667
30,252,509.483333333
31,252,509.5
32,252,509.516666667
33,252,509.533333333
34,252,509.55
35,252,509.566666667
36,252,509.583333333
37,252,509.6
38,252,509.616666667
39,252,509.633333333
40,252,509.65
41,252,509.666666667
42,252,509.683333333
43,252,509.7
44,252,509.716666667
45,252,509.733333333
46,252,509.75
47,252,509.766666667
48,252,509.783333333
49,252,509.8
50,252,509.816666667
51,252,509.833333333
52,252,509.85
53,252,509.866666667
54,252,509.883333333
55,252,509.9
56,252,509.916666667
57,252,509.933333333
58,252,509.95
59,252,509.966666667
60,252,509.983333333
61,252,510
62,252,510.016666667
63,252,510.033333333
64,252,510.05
65,252,510.066666667
66,252,510.083333333
67,252,510.1
68,252,510.116666667
69,252,510.133333333
70,252,510.15
71,252,510.166666667
72,252,510.183333333
73,252,510.2
74,252,510.216666667
75,252,510.233333333
76,252,510.25
77,252,510.266666667
78,252,510.283333333
79,252,510.3
80,252,510.316666667
81,252,510.333333333
82,252,510.35
83,252,510.366666667
84,252,510.383333333
85,252,510.4
86,252,510.416666667
87,252,510.433333333
88,252,510.45
89,252,510.466666667
90,252,510.483333333
91,252,510.5
92,252,510.516666667
93,252,510.533333333
94,252,510.55
95,252,510.566666667
96,252,510.583333333
97,252,510.6
98,252,510.616666667
99,252,510.633333333
100,252,510.65
101,252,510.666666667
102,252,510.683333333
103,252,510.7
104,252,510.716666667
105,252,510.733333333
106,252,510.75
107,252,510.766666667
108,252,510.783333333
109,252,510.8
110,252,510.816666667
111,252,510.833333333
112,252,510.85
113,252,510.866666667
114,252,510.883333333
115,252,510.9
116,252,510.916666667
117,252,510.933333333
118,252,510.95
119,252,510.966666667
120,252,510.983333333
1,253,511
2,253,511.016666667
3,253,511.033333333
4,253,511.05
5,253,511.066666667
6,253,511.083333333
7,253,511.1
8,253,511.116666667
9,253,511.133333333
10,253,511.15
11,253,511.166666667
12,253,511.183333333
13,253,511.2
14,253,511.216666667
15,253,511.233333333
16,253,511.25
17,253,511.266666667
18,253,511.283333333
19,253,511.3
20,253,511.316666667
21,253,511.333333333
22,253,511.35
23,253,511.366666667
24,253,511.383333333
25,253,511.4
26,253,511.416666667
27,253,511.433333333
28,253,511.45
29,253,511.466666667
30,253,511.483333333
31,253,511.5
32,253,511.516666667
33,253,511.533333333
34,253,511.55
35,253,511.566666667
36,253,511.583333333
37,253,511.6
38,253,511.616666667
39,253,511.633333333
40,253,511.65
41,253,511.666666667
42,253,511.683333333
43,253,511.7
44,253,511.716666667
45,253,511.733333333
46,253,511.75
47,253,511.766666667
48,253,511.783333333
49,253,511.8
50,253,511.816666667
51,253,511.833333333
52,253,511.85
53,253,511.866666667
54,253,511.883333333
55,253,511.9
56,253,511.916666667
57,253,511.933333333
58,253,511.95
59,253,511.966666667
60,253,511.983333333
61,253,512
62,253,512.016666667
63,253,512.033333333
64,253,512.05
65,253,512.066666667
66,253,512.083333333
67,253,512.1
68,253,512.116666667
69,253,512.133333333
70,253,512.15
71,253,512.166666667
72,253,512.183333333
73,253,512.2
74,253,512.216666667
75,253,512.233333333
76,253,512.25
77,253,512.266666667
78,253,512.283333333
79,253,512.3
80,253,512.316666667
81,253,512.333333333
82,253,512.35
83,253,512.366666667
84,253,512.383333333
85,253,512.4
86,253,512.416666667
87,253,512.433333333
88,253,512.45
89,253,512.466666667
90,253,512.483333333
91,253,512.5
92,253,512.516666667
93,253,512.533333333
94,253,512.55
95,253,512.566666667
96,253,512.583333333
97,253,512.6
98,253,512.616666667
99,253,512.633333333
100,253,512.65
101,253,512.666666667
102,253,512.683333333
103,253,512.7
104,253,512.716666667
105,253,512.733333333
106,253,512.75
107,253,512.766666667
108,253,512.783333333
109,253,512.8
110,253,512.816666667
111,253,512.833333333
112,253,512.85
113,253,512.866666667
114,253,512.883333333
115,253,512.9
116,253,512.916666667
117,253,512.933333333
118,253,512.95
119,253,512.966666667
120,253,512.983333333
1,254,513
2,254,513.016666667
3,254,513.033333333
4,254,513.05
5,254,513.066666667
6,254,513.083333333
7,254,513.1
8,254,513.116666667
9,254,513.133333333
10,254,513.15
11,254,513.166666667
12,254,513.183333333
13,254,513.2
14,254,513.216666667
15,254,513.233333333
16,254,513.25
17,254,513.266666667
18,254,513.283333333
19,254,513.3
20,254,513.316666667
21,254,513.333333333
22,254,513.35
23,254,513.366666667
24,254,513.383333333
25,254,513.4
26,254,513.416666667
27,254,513.433333333
28,254,513.45
29,254,513.466666667
30,254,513.483333333
31,254,513.5
32,254,513.516666667
33,254,513.533333333
34,254,513.55
35,254,513.566666667
36,254,513.583333333
37,254,513.6
38,254,513.616666667
39,254,513.633333333
40,254,513.65
41,254,513.666666667
42,254,513.683333333
43,254,513.7
44,254,513.716666667
45,254,513.733333333
46,254,513.75
47,254,513.766666667
48,254,513.783333333
49,254,513.8
50,254,513.816666667
51,254,513.833333333
52,254,513.85
53,254,513.866666667
54,254,513.883333333
55,254,513.9
56,254,513.916666667
57,254,513.933333333
58,254,513.95
59,254,513.966666667
60,254,513.983333333
61,254,514
62,254,514.016666667
63,254,514.033333333
64,254,514.05
65,254,514.066666667
66,254,514.083333333
67,254,514.1
68,254,514.116666667
69,254,514.133333333
70,254,514.15
71,254,514.166666667
72,254,514.183333333
73,254,514.2
74,254,514.216666667
75,254,514.233333333
76,254,514.25
77,254,514.266666667
78,254,514.283333333
79,254,514.3
80,254,514.316666667
81,254,514.333333333
82,254,514.35
83,254,514.366666667
84,254,514.383333333
85,254,514.4
86,254,514.416666667
87,254,514.433333333
88,254,514.45
89,254,514.466666667
90,254,514.483333333
91,254,514.5
92,254,514.516666667
93,254,514.533333333
94,254,514.55
95,254,514.566666667
96,254,514.583333333
97,254,514.6
98,254,514.616666667
99,254,514.633333333
100,254,514.65
101,254,514.666666667
102,254,514.683333333
103,254,514.7
104,254,514.716666667
105,254,514.733333333
106,254,514.75
107,254,514.766666667
108,254,514.783333333
109,254,514.8
110,254,514.816666667
111,254,514.833333333
112,254,514.85
113,254,514.866666667
114,254,514.883333333
115,254,514.9
116,254,514.916666667
117,254,514.933333333
118,254,514.95
119,254,514.966666667
120,254,514.983333333
1,255,515
2,255,515.016666667
3,255,515.033333333
4,255,515.05
5,255,515.066666667
6,255,515.083333333
7,255,515.1
8,255,515.116666667
9,255,515.133333333
10,255,515.15
11,255,515.166666667
12,255,515.183333333
13,255,515.2
14,255,515.216666667
15,255,515.233333333
16,255,515.25
17,255,515.266666667
18,255,515.283333333
19,255,515.3
20,255,515.316666667
21,255,515.333333333
22,255,515.35
23,255,515.366666667
24,255,515.383333333
25,255,515.4
26,255,515.416666667
27,255,515.433333333
28,255,515.45
29,255,515.466666667
30,255,515.483333333
31,255,515.5
32,255,515.516666667
33,255,515.533333333
34,255,515.55
35,255,515.566666667
36,255,515.583333333
37,255,515.6
38,255,515.616666667
39,255,515.633333333
40,255,515.65
41,255,515.666666667
42,255,515.683333333
43,255,515.7
44,255,515.716666667
45,255,515.733333333
46,255,515.75
47,255,515.766666667
48,255,515.783333333
49,255,515.8
50,255,515.816666667
51,255,515.833333333
52,255,515.85
53,255,515.866666667
54,255,515.883333333
55,255,515.9
56,255,515.916666667
57,255,515.933333333
58,255,515.95
59,255,515.966666667
60,255,515.983333333
61,255,516
62,255,516.016666667
63,255,516.033333333
64,255,516.05
65,255,516.066666667
66,255,516.083333333
67,255,516.1
68,255,516.116666667
69,255,516.133333333
70,255,516.15
71,255,516.166666667
72,255,516.183333333
73,255,516.2
74,255,516.216666667
75,255,516.233333333
76,255,516.25
77,255,516.266666667
78,255,516.283333333
79,255,516.3
80,255,516.316666667
81,255,516.333333333
82,255,516.35
83,255,516.366666667
84,255,516.383333333
85,255,516.4
86,255,516.416666667
87,255,516.433333333
88,255,516.45
89,255,516.466666667
90,255,516.483333333
91,255,516.5
92,255,516.516666667
93,255,516.533333333
94,255,516.55
95,255,516.566666667
96,255,516.583333333
97,255,516.6
98,255,516.616666667
99,255,516.633333333
100,255,516.65
101,255,516.666666667
102,255,516.683333333
103,255,516.7
104,255,516.716666667
105,255,516.733333333
106,255,516.75
107,255,516.766666667
108,255,516.783333333
109,255,516.8
110,255,516.816666667
111,255,516.833333333
112,255,516.85
113,255,516.866666667
114,255,516.883333333
115,255,516.9
116,255,516.916666667
117,255,516.933333333
118,255,516.95
119,255,516.966666667
120,255,516.983333333
1,256,517
2,256,517.016666667
3,256,517.033333333
4,256,517.05
5,256,517.066666667
6,256,517.083333333
7,256,517.1
8,256,517.116666667
9,256,517.133333333
10,256,517.15
11,256,517.166666667
12,256,517.183333333
13,256,517.2
14,256,517.216666667
15,256,517.233333333
16,256,517.25
17,256,517.266666667
18,256,517.283333333
19,256,517.3
20,256,517.316666667
21,256,517.333333333
22,256,517.35
23,256,517.366666667
24,256,517.383333333
25,256,517.4
26,256,517.416666667
27,256,517.433333333
28,256,517.45
29,256,517.466666667
30,256,517.483333333
31,256,517.5
32,256,517.516666667
33,256,517.533333333
34,256,517.55
35,256,517.566666667
36,256,517.583333333
37,256,517.6
38,256,517.616666667
39,256,517.633333333
40,256,517.65
41,256,517.666666667
42,256,517.683333333
43,256,517.7
44,256,517.716666667
45,256,517.733333333
46,256,517.75
47,256,517.766666667
48,256,517.783333333
49,256,517.8
50,256,517.816666667
51,256,517.833333333
52,256,517.85
53,256,517.866666667
54,256,517.883333333
55,256,517.9
56,256,517.916666667
57,256,517.933333333
58,256,517.95
59,256,517.966666667
60,256,517.983333333
61,256,518
62,256,518.016666667
63,256,518.033333333
64,256,518.05
65,256,518.066666667
66,256,518.083333333
67,256,518.1
68,256,518.116666667
69,256,518.133333333
70,256,518.15
71,256,518.166666667
72,256,518.183333333
73,256,518.2
74,256,518.216666667
75,256,518.233333333
76,256,518.25
77,256,518.266666667
78,256,518.283333333
79,256,518.3
80,256,518.316666667
81,256,518.333333333
82,256,518.35
83,256,518.366666667
84,256,518.383333333
85,256,518.4
86,256,518.416666667
87,256,518.433333333
88,256,518.45
89,256,518.466666667
90,256,518.483333333
91,256,518.5
92,256,518.516666667
93,256,518.533333333
94,256,518.55
95,256,518.566666667
96,256,518.583333333
97,256,518.6
98,256,518.616666667
99,256,518.633333333
100,256,518.65
101,256,518.666666667
102,256,518.683333333
103,256,518.7
104,256,518.716666667
105,256,518.733333333
106,256,518.75
107,256,518.766666667
108,256,518.783333333
109,256,518.8
110,256,518.816666667
111,256,518.833333333
112,256,518.85
113,256,518.866666667
114,256,518.883333333
115,256,518.9
116,256,518.916666667
117,256,518.933333333
118,256,518.95
119,256,518.966666667
120,256,518.983333333
1,257,519
2,257,519.016666667
3,257,519.033333333
4,257,519.05
5,257,519.066666667
6,257,519.083333333
7,257,519.1
8,257,519.116666667
9,257,519.133333333
10,257,519.15
11,257,519.166666667
12,257,519.183333333
13,257,519.2
14,257,519.216666667
15,257,519.233333333
16,257,519.25
17,257,519.266666667
18,257,519.283333333
19,257,519.3
20,257,519.316666667
21,257,519.333333333
22,257,519.35
23,257,519.366666667
24,257,519.383333333
25,257,519.4
26,257,519.416666667
27,257,519.433333333
28,257,519.45
29,257,519.466666667
30,257,519.483333333
31,257,519.5
32,257,519.516666667
33,257,519.533333333
34,257,519.55
35,257,519.566666667
36,257,519.583333333
37,257,519.6
38,257,519.616666667
39,257,519.633333333
40,257,519.65
41,257,519.666666667
42,257,519.683333333
43,257,519.7
44,257,519.716666667
45,257,519.733333333
46,257,519.75
47,257,519.766666667
48,257,519.783333333
49,257,519.8
50,257,519.816666667
51,257,519.833333333
52,257,519.85
53,257,519.866666667
54,257,519.883333333
55,257,519.9
56,257,519.916666667
57,257,519.933333333
58,257,519.95
59,257,519.966666667
60,257,519.983333333
61,257,520
62,257,520.016666667
63,257,520.033333333
64,257,520.05
65,257,520.066666667
66,257,520.083333333
67,257,520.1
68,257,520.116666667
69,257,520.133333333
70,257,520.15
71,257,520.166666667
72,257,520.183333333
73,257,520.2
74,257,520.216666667
75,257,520.233333333
76,257,520.25
77,257,520.266666667
78,257,520.283333333
79,257,520.3
80,257,520.316666667
81,257,520.333333333
82,257,520.35
83,257,520.366666667
84,257,520.383333333
85,257,520.4
86,257,520.416666667
87,257,520.433333333
88,257,520.45
89,257,520.466666667
90,257,520.483333333
91,257,520.5
92,257,520.516666667
93,257,520.533333333
94,257,520.55
95,257,520.566666667
96,257,520.583333333
97,257,520.6
98,257,520.616666667
99,257,520.633333333
100,257,520.65
101,257,520.666666667
102,257,520.683333333
103,257,520.7
104,257,520.716666667
105,257,520.733333333
106,257,520.75
107,257,520.766666667
108,257,520.783333333
109,257,520.8
110,257,520.816666667
111,257,520.833333333
112,257,520.85
113,257,520.866666667
114,257,520.883333333
115,257,520.9
116,257,520.916666667
117,257,520.933333333
118,257,520.95
119,257,520.966666667
120,257,520.983333333
1,258,521
2,258,521.016666667
3,258,521.033333333
4,258,521.05
5,258,521.066666667
6,258,521.083333333
7,258,521.1
8,258,521.116666667
9,258,521.133333333
10,258,521.15
11,258,521.166666667
12,258,521.183333333
13,258,521.2
14,258,521.216666667
15,258,521.233333333
16,258,521.25
17,258,521.266666667
18,258,521.283333333
19,258,521.3
20,258,521.316666667
21,258,521.333333333
22,258,521.35
23,258,521.366666667
24,258,521.383333333
25,258,521.4
26,258,521.416666667
27,258,521.433333333
28,258,521.45
29,258,521.466666667
30,258,521.483333333
31,258,521.5
32,258,521.516666667
33,258,521.533333333
34,258,521.55
35,258,521.566666667
36,258,521.583333333
37,258,521.6
38,258,521.616666667
39,258,521.633333333
40,258,521.65
41,258,521.666666667
42,258,521.683333333
43,258,521.7
44,258,521.716666667
45,258,521.733333333
46,258,521.75
47,258,521.766666667
48,258,521.783333333
49,258,521.8
50,258,521.816666667
51,258,521.833333333
52,258,521.85
53,258,521.866666667
54,258,521.883333333
55,258,521.9
56,258,521.916666667
57,258,521.933333333
58,258,521.95
59,258,521.966666667
60,258,521.983333333
61,258,522
62,258,522.016666667
63,258,522.033333333
64,258,522.05
65,258,522.066666667
66,258,522.083333333
67,258,522.1
68,258,522.116666667
69,258,522.133333333
70,258,522.15
71,258,522.166666667
72,258,522.183333333
73,258,522.2
74,258,522.216666667
75,258,522.233333333
76,258,522.25
77,258,522.266666667
78,258,522.283333333
79,258,522.3
80,258,522.316666667
81,258,522.333333333
82,258,522.35
83,258,522.366666667
84,258,522.383333333
85,258,522.4
86,258,522.416666667
87,258,522.433333333
88,258,522.45
89,258,522.466666667
90,258,522.483333333
91,258,522.5
92,258,522.516666667
93,258,522.533333333
94,258,522.55
95,258,522.566666667
96,258,522.583333333
97,258,522.6
98,258,522.616666667
99,258,522.633333333
100,258,522.65
101,258,522.666666667
102,258,522.683333333
103,258,522.7
104,258,522.716666667
105,258,522.733333333
106,258,522.75
107,258,522.766666667
108,258,522.783333333
109,258,522.8
110,258,522.816666667
111,258,522.833333333
112,258,522.85
113,258,522.866666667
114,258,522.883333333
115,258,522.9
116,258,522.916666667
117,258,522.933333333
118,258,522.95
119,258,522.966666667
120,258,522.983333333
1,259,523
2,259,523.016666667
3,259,523.033333333
4,259,523.05
5,259,523.066666667
6,259,523.083333333
7,259,523.1
8,259,523.116666667
9,259,523.133333333
10,259,523.15
11,259,523.166666667
12,259,523.183333333
13,259,523.2
14,259,523.216666667
15,259,523.233333333
16,259,523.25
17,259,523.266666667
18,259,523.283333333
19,259,523.3
20,259,523.316666667
21,259,523.333333333
22,259,523.35
23,259,523.366666667
24,259,523.383333333
25,259,523.4
26,259,523.416666667
27,259,523.433333333
28,259,523.45
29,259,523.466666667
30,259,523.483333333
31,259,523.5
32,259,523.516666667
33,259,523.533333333
34,259,523.55
35,259,523.566666667
36,259,523.583333333
37,259,523.6
38,259,523.616666667
39,259,523.633333333
40,259,523.65
41,259,523.666666667
42,259,523.683333333
43,259,523.7
44,259,523.716666667
45,259,523.733333333
46,259,523.75
47,259,523.766666667
48,259,523.783333333
49,259,523.8
50,259,523.816666667
51,259,523.833333333
52,259,523.85
53,259,523.866666667
54,259,523.883333333
55,259,523.9
56,259,523.916666667
57,259,523.933333333
58,259,523.95
59,259,523.966666667
60,259,523.983333333
61,259,524
62,259,524.016666667
63,259,524.033333333
64,259,524.05
65,259,524.066666667
66,259,524.083333333
67,259,524.1
68,259,524.116666667
69,259,524.133333333
70,259,524.15
71,259,524.166666667
72,259,524.183333333
73,259,524.2
74,259,524.216666667
75,259,524.233333333
76,259,524.25
77,259,524.266666667
78,259,524.283333333
79,259,524.3
80,259,524.316666667
81,259,524.333333333
82,259,524.35
83,259,524.366666667
84,259,524.383333333
85,259,524.4
86,259,524.416666667
87,259,524.433333333
88,259,524.45
89,259,524.466666667
90,259,524.483333333
91,259,524.5
92,259,524.516666667
93,259,524.533333333
94,259,524.55
95,259,524.566666667
96,259,524.583333333
97,259,524.6
98,259,524.616666667
99,259,524.633333333
100,259,524.65
101,259,524.666666667
102,259,524.683333333
103,259,524.7
104,259,524.716666667
105,259,524.733333333
106,259,524.75
107,259,524.766666667
108,259,524.783333333
109,259,524.8
110,259,524.816666667
111,259,524.833333333
112,259,524.85
113,259,524.866666667
114,259,524.883333333
115,259,524.9
116,259,524.916666667
117,259,524.933333333
118,259,524.95
119,259,524.966666667
120,259,524.983333333
1,260,525
2,260,525.016666667
3,260,525.033333333
4,260,525.05
5,260,525.066666667
6,260,525.083333333
7,260,525.1
8,260,525.116666667
9,260,525.133333333
10,260,525.15
11,260,525.166666667
12,260,525.183333333
13,260,525.2
14,260,525.216666667
15,260,525.233333333
16,260,525.25
17,260,525.266666667
18,260,525.283333333
19,260,525.3
20,260,525.316666667
21,260,525.333333333
22,260,525.35
23,260,525.366666667
24,260,525.383333333
25,260,525.4
26,260,525.416666667
27,260,525.433333333
28,260,525.45
29,260,525.466666667
30,260,525.483333333
31,260,525.5
32,260,525.516666667
33,260,525.533333333
34,260,525.55
35,260,525.566666667
36,260,525.583333333
37,260,525.6
38,260,525.616666667
39,260,525.633333333
40,260,525.65
41,260,525.666666667
42,260,525.683333333
43,260,525.7
44,260,525.716666667
45,260,525.733333333
46,260,525.75
47,260,525.766666667
48,260,525.783333333
49,260,525.8
50,260,525.816666667
51,260,525.833333333
52,260,525.85
53,260,525.866666667
54,260,525.883333333
55,260,525.9
56,260,525.916666667
57,260,525.933333333
58,260,525.95
59,260,525.966666667
60,260,525.983333333
61,260,526
62,260,526.016666667
63,260,526.033333333
64,260,526.05
65,260,526.066666667
66,260,526.083333333
67,260,526.1
68,260,526.116666667
69,260,526.133333333
70,260,526.15
71,260,526.166666667
72,260,526.183333333
73,260,526.2
74,260,526.216666667
75,260,526.233333333
76,260,526.25
77,260,526.266666667
78,260,526.283333333
79,260,526.3
80,260,526.316666667
81,260,526.333333333
82,260,526.35
83,260,526.366666667
84,260,526.383333333
85,260,526.4
86,260,526.416666667
87,260,526.433333333
88,260,526.45
89,260,526.466666667
90,260,526.483333333
91,260,526.5
92,260,526.516666667
93,260,526.533333333
94,260,526.55
95,260,526.566666667
96,260,526.583333333
97,260,526.6
98,260,526.616666667
99,260,526.633333333
100,260,526.65
101,260,526.666666667
102,260,526.683333333
103,260,526.7
104,260,526.716666667
105,260,526.733333333
106,260,526.75
107,260,526.766666667
108,260,526.783333333
109,260,526.8
110,260,526.816666667
111,260,526.833333333
112,260,526.85
113,260,526.866666667
114,260,526.883333333
115,260,526.9
116,260,526.916666667
117,260,526.933333333
118,260,526.95
119,260,526.966666667
120,260,526.983333333
1,261,527
2,261,527.016666667
3,261,527.033333333
4,261,527.05
5,261,527.066666667
6,261,527.083333333
7,261,527.1
8,261,527.116666667
9,261,527.133333333
10,261,527.15
11,261,527.166666667
12,261,527.183333333
13,261,527.2
14,261,527.216666667
15,261,527.233333333
16,261,527.25
17,261,527.266666667
18,261,527.283333333
19,261,527.3
20,261,527.316666667
21,261,527.333333333
22,261,527.35
23,261,527.366666667
24,261,527.383333333
25,261,527.4
26,261,527.416666667
27,261,527.433333333
28,261,527.45
29,261,527.466666667
30,261,527.483333333
31,261,527.5
32,261,527.516666667
33,261,527.533333333
34,261,527.55
35,261,527.566666667
36,261,527.583333333
37,261,527.6
38,261,527.616666667
39,261,527.633333333
40,261,527.65
41,261,527.666666667
42,261,527.683333333
43,261,527.7
44,261,527.716666667
45,261,527.733333333
46,261,527.75
47,261,527.766666667
48,261,527.783333333
49,261,527.8
50,261,527.816666667
51,261,527.833333333
52,261,527.85
53,261,527.866666667
54,261,527.883333333
55,261,527.9
56,261,527.916666667
57,261,527.933333333
58,261,527.95
59,261,527.966666667
60,261,527.983333333
61,261,528
62,261,528.016666667
63,261,528.033333333
64,261,528.05
65,261,528.066666667
66,261,528.083333333
67,261,528.1
68,261,528.116666667
69,261,528.133333333
70,261,528.15
71,261,528.166666667
72,261,528.183333333
73,261,528.2
74,261,528.216666667
75,261,528.233333333
76,261,528.25
77,261,528.266666667
78,261,528.283333333
79,261,528.3
80,261,528.316666667
81,261,528.333333333
82,261,528.35
83,261,528.366666667
84,261,528.383333333
85,261,528.4
86,261,528.416666667
87,261,528.433333333
88,261,528.45
89,261,528.466666667
90,261,528.483333333
91,261,528.5
92,261,528.516666667
93,261,528.533333333
94,261,528.55
95,261,528.566666667
96,261,528.583333333
97,261,528.6
98,261,528.616666667
99,261,528.633333333
100,261,528.65
101,261,528.666666667
102,261,528.683333333
103,261,528.7
104,261,528.716666667
105,261,528.733333333
106,261,528.75
107,261,528.766666667
108,261,528.783333333
109,261,528.8
110,261,528.816666667
111,261,528.833333333
112,261,528.85
113,261,528.866666667
114,261,528.883333333
115,261,528.9
116,261,528.916666667
117,261,528.933333333
118,261,528.95
119,261,528.966666667
120,261,528.983333333
1,262,529
2,262,529.016666667
3,262,529.033333333
4,262,529.05
5,262,529.066666667
6,262,529.083333333
7,262,529.1
8,262,529.116666667
9,262,529.133333333
10,262,529.15
11,262,529.166666667
12,262,529.183333333
13,262,529.2
14,262,529.216666667
15,262,529.233333333
16,262,529.25
17,262,529.266666667
18,262,529.283333333
19,262,529.3
20,262,529.316666667
21,262,529.333333333
22,262,529.35
23,262,529.366666667
24,262,529.383333333
25,262,529.4
26,262,529.416666667
27,262,529.433333333
28,262,529.45
29,262,529.466666667
30,262,529.483333333
31,262,529.5
32,262,529.516666667
33,262,529.533333333
34,262,529.55
35,262,529.566666667
36,262,529.583333333
37,262,529.6
38,262,529.616666667
39,262,529.633333333
40,262,529.65
41,262,529.666666667
42,262,529.683333333
43,262,529.7
44,262,529.716666667
45,262,529.733333333
46,262,529.75
47,262,529.766666667
48,262,529.783333333
49,262,529.8
50,262,529.816666667
51,262,529.833333333
52,262,529.85
53,262,529.866666667
54,262,529.883333333
55,262,529.9
56,262,529.916666667
57,262,529.933333333
58,262,529.95
59,262,529.966666667
60,262,529.983333333
61,262,530
62,262,530.016666667
63,262,530.033333333
64,262,530.05
65,262,530.066666667
66,262,530.083333333
67,262,530.1
68,262,530.116666667
69,262,530.133333333
70,262,530.15
71,262,530.166666667
72,262,530.183333333
73,262,530.2
74,262,530.216666667
75,262,530.233333333
76,262,530.25
77,262,530.266666667
78,262,530.283333333
79,262,530.3
80,262,530.316666667
81,262,530.333333333
82,262,530.35
83,262,530.366666667
84,262,530.383333333
85,262,530.4
86,262,530.416666667
87,262,530.433333333
88,262,530.45
89,262,530.466666667
90,262,530.483333333
91,262,530.5
92,262,530.516666667
93,262,530.533333333
94,262,530.55
95,262,530.566666667
96,262,530.583333333
97,262,530.6
98,262,530.616666667
99,262,530.633333333
100,262,530.65
101,262,530.666666667
102,262,530.683333333
103,262,530.7
104,262,530.716666667
105,262,530.733333333
106,262,530.75
107,262,530.766666667
108,262,530.783333333
109,262,530.8
110,262,530.816666667
111,262,530.833333333
112,262,530.85
113,262,530.866666667
114,262,530.883333333
115,262,530.9
116,262,530.916666667
117,262,530.933333333
118,262,530.95
119,262,530.966666667
120,262,530.983333333
1,263,531
2,263,531.016666667
3,263,531.033333333
4,263,531.05
5,263,531.066666667
6,263,531.083333333
7,263,531.1
8,263,531.116666667
9,263,531.133333333
10,263,531.15
11,263,531.166666667
12,263,531.183333333
13,263,531.2
14,263,531.216666667
15,263,531.233333333
16,263,531.25
17,263,531.266666667
18,263,531.283333333
19,263,531.3
20,263,531.316666667
21,263,531.333333333
22,263,531.35
23,263,531.366666667
24,263,531.383333333
25,263,531.4
26,263,531.416666667
27,263,531.433333333
28,263,531.45
29,263,531.466666667
30,263,531.483333333
31,263,531.5
32,263,531.516666667
33,263,531.533333333
34,263,531.55
35,263,531.566666667
36,263,531.583333333
37,263,531.6
38,263,531.616666667
39,263,531.633333333
40,263,531.65
41,263,531.666666667
42,263,531.683333333
43,263,531.7
44,263,531.716666667
45,263,531.733333333
46,263,531.75
47,263,531.766666667
48,263,531.783333333
49,263,531.8
50,263,531.816666667
51,263,531.833333333
52,263,531.85
53,263,531.866666667
54,263,531.883333333
55,263,531.9
56,263,531.916666667
57,263,531.933333333
58,263,531.95
59,263,531.966666667
60,263,531.983333333
61,263,532
62,263,532.016666667
63,263,532.033333333
64,263,532.05
65,263,532.066666667
66,263,532.083333333
67,263,532.1
68,263,532.116666667
69,263,532.133333333
70,263,532.15
71,263,532.166666667
72,263,532.183333333
73,263,532.2
74,263,532.216666667
75,263,532.233333333
76,263,532.25
77,263,532.266666667
78,263,532.283333333
79,263,532.3
80,263,532.316666667
81,263,532.333333333
82,263,532.35
83,263,532.366666667
84,263,532.383333333
85,263,532.4
86,263,532.416666667
87,263,532.433333333
88,263,532.45
89,263,532.466666667
90,263,532.483333333
91,263,532.5
92,263,532.516666667
93,263,532.533333333
94,263,532.55
95,263,532.566666667
96,263,532.583333333
97,263,532.6
98,263,532.616666667
99,263,532.633333333
100,263,532.65
101,263,532.666666667
102,263,532.683333333
103,263,532.7
104,263,532.716666667
105,263,532.733333333
106,263,532.75
107,263,532.766666667
108,263,532.783333333
109,263,532.8
110,263,532.816666667
111,263,532.833333333
112,263,532.85
113,263,532.866666667
114,263,532.883333333
115,263,532.9
116,263,532.916666667
117,263,532.933333333
118,263,532.95
119,263,532.966666667
120,263,532.983333333
1,264,533
2,264,533.016666667
3,264,533.033333333
4,264,533.05
5,264,533.066666667
6,264,533.083333333
7,264,533.1
8,264,533.116666667
9,264,533.133333333
10,264,533.15
11,264,533.166666667
12,264,533.183333333
13,264,533.2
14,264,533.216666667
15,264,533.233333333
16,264,533.25
17,264,533.266666667
18,264,533.283333333
19,264,533.3
20,264,533.316666667
21,264,533.333333333
22,264,533.35
23,264,533.366666667
24,264,533.383333333
25,264,533.4
26,264,533.416666667
27,264,533.433333333
28,264,533.45
29,264,533.466666667
30,264,533.483333333
31,264,533.5
32,264,533.516666667
33,264,533.533333333
34,264,533.55
35,264,533.566666667
36,264,533.583333333
37,264,533.6
38,264,533.616666667
39,264,533.633333333
40,264,533.65
41,264,533.666666667
42,264,533.683333333
43,264,533.7
44,264,533.716666667
45,264,533.733333333
46,264,533.75
47,264,533.766666667
48,264,533.783333333
49,264,533.8
50,264,533.816666667
51,264,533.833333333
52,264,533.85
53,264,533.866666667
54,264,533.883333333
55,264,533.9
56,264,533.916666667
57,264,533.933333333
58,264,533.95
59,264,533.966666667
60,264,533.983333333
61,264,534
62,264,534.016666667
63,264,534.033333333
64,264,534.05
65,264,534.066666667
66,264,534.083333333
67,264,534.1
68,264,534.116666667
69,264,534.133333333
70,264,534.15
71,264,534.166666667
72,264,534.183333333
73,264,534.2
74,264,534.216666667
75,264,534.233333333
76,264,534.25
77,264,534.266666667
78,264,534.283333333
79,264,534.3
80,264,534.316666667
81,264,534.333333333
82,264,534.35
83,264,534.366666667
84,264,534.383333333
85,264,534.4
86,264,534.416666667
87,264,534.433333333
88,264,534.45
89,264,534.466666667
90,264,534.483333333
91,264,534.5
92,264,534.516666667
93,264,534.533333333
94,264,534.55
95,264,534.566666667
96,264,534.583333333
97,264,534.6
98,264,534.616666667
99,264,534.633333333
100,264,534.65
101,264,534.666666667
102,264,534.683333333
103,264,534.7
104,264,534.716666667
105,264,534.733333333
106,264,534.75
107,264,534.766666667
108,264,534.783333333
109,264,534.8
110,264,534.816666667
111,264,534.833333333
112,264,534.85
113,264,534.866666667
114,264,534.883333333
115,264,534.9
116,264,534.916666667
117,264,534.933333333
118,264,534.95
119,264,534.966666667
120,264,534.983333333
1,265,535
2,265,535.016666667
3,265,535.033333333
4,265,535.05
5,265,535.066666667
6,265,535.083333333
7,265,535.1
8,265,535.116666667
9,265,535.133333333
10,265,535.15
11,265,535.166666667
12,265,535.183333333
13,265,535.2
14,265,535.216666667
15,265,535.233333333
16,265,535.25
17,265,535.266666667
18,265,535.283333333
19,265,535.3
20,265,535.316666667
21,265,535.333333333
22,265,535.35
23,265,535.366666667
24,265,535.383333333
25,265,535.4
26,265,535.416666667
27,265,535.433333333
28,265,535.45
29,265,535.466666667
30,265,535.483333333
31,265,535.5
32,265,535.516666667
33,265,535.533333333
34,265,535.55
35,265,535.566666667
36,265,535.583333333
37,265,535.6
38,265,535.616666667
39,265,535.633333333
40,265,535.65
41,265,535.666666667
42,265,535.683333333
43,265,535.7
44,265,535.716666667
45,265,535.733333333
46,265,535.75
47,265,535.766666667
48,265,535.783333333
49,265,535.8
50,265,535.816666667
51,265,535.833333333
52,265,535.85
53,265,535.866666667
54,265,535.883333333
55,265,535.9
56,265,535.916666667
57,265,535.933333333
58,265,535.95
59,265,535.966666667
60,265,535.983333333
61,265,536
62,265,536.016666667
63,265,536.033333333
64,265,536.05
65,265,536.066666667
66,265,536.083333333
67,265,536.1
68,265,536.116666667
69,265,536.133333333
70,265,536.15
71,265,536.166666667
72,265,536.183333333
73,265,536.2
74,265,536.216666667
75,265,536.233333333
76,265,536.25
77,265,536.266666667
78,265,536.283333333
79,265,536.3
80,265,536.316666667
81,265,536.333333333
82,265,536.35
83,265,536.366666667
84,265,536.383333333
85,265,536.4
86,265,536.416666667
87,265,536.433333333
88,265,536.45
89,265,536.466666667
90,265,536.483333333
91,265,536.5
92,265,536.516666667
93,265,536.533333333
94,265,536.55
95,265,536.566666667
96,265,536.583333333
97,265,536.6
98,265,536.616666667
99,265,536.633333333
100,265,536.65
101,265,536.666666667
102,265,536.683333333
103,265,536.7
104,265,536.716666667
105,265,536.733333333
106,265,536.75
107,265,536.766666667
108,265,536.783333333
109,265,536.8
110,265,536.816666667
111,265,536.833333333
112,265,536.85
113,265,536.866666667
114,265,536.883333333
115,265,536.9
116,265,536.916666667
117,265,536.933333333
118,265,536.95
119,265,536.966666667
120,265,536.983333333
1,266,537
2,266,537.016666667
3,266,537.033333333
4,266,537.05
5,266,537.066666667
6,266,537.083333333
7,266,537.1
8,266,537.116666667
9,266,537.133333333
10,266,537.15
11,266,537.166666667
12,266,537.183333333
13,266,537.2
14,266,537.216666667
15,266,537.233333333
16,266,537.25
17,266,537.266666667
18,266,537.283333333
19,266,537.3
20,266,537.316666667
21,266,537.333333333
22,266,537.35
23,266,537.366666667
24,266,537.383333333
25,266,537.4
26,266,537.416666667
27,266,537.433333333
28,266,537.45
29,266,537.466666667
30,266,537.483333333
31,266,537.5
32,266,537.516666667
33,266,537.533333333
34,266,537.55
35,266,537.566666667
36,266,537.583333333
37,266,537.6
38,266,537.616666667
39,266,537.633333333
40,266,537.65
41,266,537.666666667
42,266,537.683333333
43,266,537.7
44,266,537.716666667
45,266,537.733333333
46,266,537.75
47,266,537.766666667
48,266,537.783333333
49,266,537.8
50,266,537.816666667
51,266,537.833333333
52,266,537.85
53,266,537.866666667
54,266,537.883333333
55,266,537.9
56,266,537.916666667
57,266,537.933333333
58,266,537.95
59,266,537.966666667
60,266,537.983333333
61,266,538
62,266,538.016666667
63,266,538.033333333
64,266,538.05
65,266,538.066666667
66,266,538.083333333
67,266,538.1
68,266,538.116666667
69,266,538.133333333
70,266,538.15
71,266,538.166666667
72,266,538.183333333
73,266,538.2
74,266,538.216666667
75,266,538.233333333
76,266,538.25
77,266,538.266666667
78,266,538.283333333
79,266,538.3
80,266,538.316666667
81,266,538.333333333
82,266,538.35
83,266,538.366666667
84,266,538.383333333
85,266,538.4
86,266,538.416666667
87,266,538.433333333
88,266,538.45
89,266,538.466666667
90,266,538.483333333
91,266,538.5
92,266,538.516666667
93,266,538.533333333
94,266,538.55
95,266,538.566666667
96,266,538.583333333
97,266,538.6
98,266,538.616666667
99,266,538.633333333
100,266,538.65
101,266,538.666666667
102,266,538.683333333
103,266,538.7
104,266,538.716666667
105,266,538.733333333
106,266,538.75
107,266,538.766666667
108,266,538.783333333
109,266,538.8
110,266,538.816666667
111,266,538.833333333
112,266,538.85
113,266,538.866666667
114,266,538.883333333
115,266,538.9
116,266,538.916666667
117,266,538.933333333
118,266,538.95
119,266,538.966666667
120,266,538.983333333
1,267,539
2,267,539.016666667
3,267,539.033333333
4,267,539.05
5,267,539.066666667
6,267,539.083333333
7,267,539.1
8,267,539.116666667
9,267,539.133333333
10,267,539.15
11,267,539.166666667
12,267,539.183333333
13,267,539.2
14,267,539.216666667
15,267,539.233333333
16,267,539.25
17,267,539.266666667
18,267,539.283333333
19,267,539.3
20,267,539.316666667
21,267,539.333333333
22,267,539.35
23,267,539.366666667
24,267,539.383333333
25,267,539.4
26,267,539.416666667
27,267,539.433333333
28,267,539.45
29,267,539.466666667
30,267,539.483333333
31,267,539.5
32,267,539.516666667
33,267,539.533333333
34,267,539.55
35,267,539.566666667
36,267,539.583333333
37,267,539.6
38,267,539.616666667
39,267,539.633333333
40,267,539.65
41,267,539.666666667
42,267,539.683333333
43,267,539.7
44,267,539.716666667
45,267,539.733333333
46,267,539.75
47,267,539.766666667
48,267,539.783333333
49,267,539.8
50,267,539.816666667
51,267,539.833333333
52,267,539.85
53,267,539.866666667
54,267,539.883333333
55,267,539.9
56,267,539.916666667
57,267,539.933333333
58,267,539.95
59,267,539.966666667
60,267,539.983333333
61,267,540
62,267,540.016666667
63,267,540.033333333
64,267,540.05
65,267,540.066666667
66,267,540.083333333
67,267,540.1
68,267,540.116666667
69,267,540.133333333
70,267,540.15
71,267,540.166666667
72,267,540.183333333
73,267,540.2
74,267,540.216666667
75,267,540.233333333
76,267,540.25
77,267,540.266666667
78,267,540.283333333
79,267,540.3
80,267,540.316666667
81,267,540.333333333
82,267,540.35
83,267,540.366666667
84,267,540.383333333
85,267,540.4
86,267,540.416666667
87,267,540.433333333
88,267,540.45
89,267,540.466666667
90,267,540.483333333
91,267,540.5
92,267,540.516666667
93,267,540.533333333
94,267,540.55
95,267,540.566666667
96,267,540.583333333
97,267,540.6
98,267,540.616666667
99,267,540.633333333
100,267,540.65
101,267,540.666666667
102,267,540.683333333
103,267,540.7
104,267,540.716666667
105,267,540.733333333
106,267,540.75
107,267,540.766666667
108,267,540.783333333
109,267,540.8
110,267,540.816666667
111,267,540.833333333
112,267,540.85
113,267,540.866666667
114,267,540.883333333
115,267,540.9
116,267,540.916666667
117,267,540.933333333
118,267,540.95
119,267,540.966666667
120,267,540.983333333
1,268,541
2,268,541.016666667
3,268,541.033333333
4,268,541.05
5,268,541.066666667
6,268,541.083333333
7,268,541.1
8,268,541.116666667
9,268,541.133333333
10,268,541.15
11,268,541.166666667
12,268,541.183333333
13,268,541.2
14,268,541.216666667
15,268,541.233333333
16,268,541.25
17,268,541.266666667
18,268,541.283333333
19,268,541.3
20,268,541.316666667
21,268,541.333333333
22,268,541.35
23,268,541.366666667
24,268,541.383333333
25,268,541.4
26,268,541.416666667
27,268,541.433333333
28,268,541.45
29,268,541.466666667
30,268,541.483333333
31,268,541.5
32,268,541.516666667
33,268,541.533333333
34,268,541.55
35,268,541.566666667
36,268,541.583333333
37,268,541.6
38,268,541.616666667
39,268,541.633333333
40,268,541.65
41,268,541.666666667
42,268,541.683333333
43,268,541.7
44,268,541.716666667
45,268,541.733333333
46,268,541.75
47,268,541.766666667
48,268,541.783333333
49,268,541.8
50,268,541.816666667
51,268,541.833333333
52,268,541.85
53,268,541.866666667
54,268,541.883333333
55,268,541.9
56,268,541.916666667
57,268,541.933333333
58,268,541.95
59,268,541.966666667
60,268,541.983333333
61,268,542
62,268,542.016666667
63,268,542.033333333
64,268,542.05
65,268,542.066666667
66,268,542.083333333
67,268,542.1
68,268,542.116666667
69,268,542.133333333
70,268,542.15
71,268,542.166666667
72,268,542.183333333
73,268,542.2
74,268,542.216666667
75,268,542.233333333
76,268,542.25
77,268,542.266666667
78,268,542.283333333
79,268,542.3
80,268,542.316666667
81,268,542.333333333
82,268,542.35
83,268,542.366666667
84,268,542.383333333
85,268,542.4
86,268,542.416666667
87,268,542.433333333
88,268,542.45
89,268,542.466666667
90,268,542.483333333
91,268,542.5
92,268,542.516666667
93,268,542.533333333
94,268,542.55
95,268,542.566666667
96,268,542.583333333
97,268,542.6
98,268,542.616666667
99,268,542.633333333
100,268,542.65
101,268,542.666666667
102,268,542.683333333
103,268,542.7
104,268,542.716666667
105,268,542.733333333
106,268,542.75
107,268,542.766666667
108,268,542.783333333
109,268,542.8
110,268,542.816666667
111,268,542.833333333
112,268,542.85
113,268,542.866666667
114,268,542.883333333
115,268,542.9
116,268,542.916666667
117,268,542.933333333
118,268,542.95
119,268,542.966666667
120,268,542.983333333
1,269,543
2,269,543.016666667
3,269,543.033333333
4,269,543.05
5,269,543.066666667
6,269,543.083333333
7,269,543.1
8,269,543.116666667
9,269,543.133333333
10,269,543.15
11,269,543.166666667
12,269,543.183333333
13,269,543.2
14,269,543.216666667
15,269,543.233333333
16,269,543.25
17,269,543.266666667
18,269,543.283333333
19,269,543.3
20,269,543.316666667
21,269,543.333333333
22,269,543.35
23,269,543.366666667
24,269,543.383333333
25,269,543.4
26,269,543.416666667
27,269,543.433333333
28,269,543.45
29,269,543.466666667
30,269,543.483333333
31,269,543.5
32,269,543.516666667
33,269,543.533333333
34,269,543.55
35,269,543.566666667
36,269,543.583333333
37,269,543.6
38,269,543.616666667
39,269,543.633333333
40,269,543.65
41,269,543.666666667
42,269,543.683333333
43,269,543.7
44,269,543.716666667
45,269,543.733333333
46,269,543.75
47,269,543.766666667
48,269,543.783333333
49,269,543.8
50,269,543.816666667
51,269,543.833333333
52,269,543.85
53,269,543.866666667
54,269,543.883333333
55,269,543.9
56,269,543.916666667
57,269,543.933333333
58,269,543.95
59,269,543.966666667
60,269,543.983333333
61,269,544
62,269,544.016666667
63,269,544.033333333
64,269,544.05
65,269,544.066666667
66,269,544.083333333
67,269,544.1
68,269,544.116666667
69,269,544.133333333
70,269,544.15
71,269,544.166666667
72,269,544.183333333
73,269,544.2
74,269,544.216666667
75,269,544.233333333
76,269,544.25
77,269,544.266666667
78,269,544.283333333
79,269,544.3
80,269,544.316666667
81,269,544.333333333
82,269,544.35
83,269,544.366666667
84,269,544.383333333
85,269,544.4
86,269,544.416666667
87,269,544.433333333
88,269,544.45
89,269,544.466666667
90,269,544.483333333
91,269,544.5
92,269,544.516666667
93,269,544.533333333
94,269,544.55
95,269,544.566666667
96,269,544.583333333
97,269,544.6
98,269,544.616666667
99,269,544.633333333
100,269,544.65
101,269,544.666666667
102,269,544.683333333
103,269,544.7
104,269,544.716666667
105,269,544.733333333
106,269,544.75
107,269,544.766666667
108,269,544.783333333
109,269,544.8
110,269,544.816666667
111,269,544.833333333
112,269,544.85
113,269,544.866666667
114,269,544.883333333
115,269,544.9
116,269,544.916666667
117,269,544.933333333
118,269,544.95
119,269,544.966666667
120,269,544.983333333
1,270,545
2,270,545.016666667
3,270,545.033333333
4,270,545.05
5,270,545.066666667
6,270,545.083333333
7,270,545.1
8,270,545.116666667
9,270,545.133333333
10,270,545.15
11,270,545.166666667
12,270,545.183333333
13,270,545.2
14,270,545.216666667
15,270,545.233333333
16,270,545.25
17,270,545.266666667
18,270,545.283333333
19,270,545.3
20,270,545.316666667
21,270,545.333333333
22,270,545.35
23,270,545.366666667
24,270,545.383333333
25,270,545.4
26,270,545.416666667
27,270,545.433333333
28,270,545.45
29,270,545.466666667
30,270,545.483333333
31,270,545.5
32,270,545.516666667
33,270,545.533333333
34,270,545.55
35,270,545.566666667
36,270,545.583333333
37,270,545.6
38,270,545.616666667
39,270,545.633333333
40,270,545.65
41,270,545.666666667
42,270,545.683333333
43,270,545.7
44,270,545.716666667
45,270,545.733333333
46,270,545.75
47,270,545.766666667
48,270,545.783333333
49,270,545.8
50,270,545.816666667
51,270,545.833333333
52,270,545.85
53,270,545.866666667
54,270,545.883333333
55,270,545.9
56,270,545.916666667
57,270,545.933333333
58,270,545.95
59,270,545.966666667
60,270,545.983333333
61,270,546
62,270,546.016666667
63,270,546.033333333
64,270,546.05
65,270,546.066666667
66,270,546.083333333
67,270,546.1
68,270,546.116666667
69,270,546.133333333
70,270,546.15
71,270,546.166666667
72,270,546.183333333
73,270,546.2
74,270,546.216666667
75,270,546.233333333
76,270,546.25
77,270,546.266666667
78,270,546.283333333
79,270,546.3
80,270,546.316666667
81,270,546.333333333
82,270,546.35
83,270,546.366666667
84,270,546.383333333
85,270,546.4
86,270,546.416666667
87,270,546.433333333
88,270,546.45
89,270,546.466666667
90,270,546.483333333
91,270,546.5
92,270,546.516666667
93,270,546.533333333
94,270,546.55
95,270,546.566666667
96,270,546.583333333
97,270,546.6
98,270,546.616666667
99,270,546.633333333
100,270,546.65
101,270,546.666666667
102,270,546.683333333
103,270,546.7
104,270,546.716666667
105,270,546.733333333
106,270,546.75
107,270,546.766666667
108,270,546.783333333
109,270,546.8
110,270,546.816666667
111,270,546.833333333
112,270,546.85
113,270,546.866666667
114,270,546.883333333
115,270,546.9
116,270,546.916666667
117,270,546.933333333
118,270,546.95
119,270,546.966666667
120,270,546.983333333
1,271,547
2,271,547.016666667
3,271,547.033333333
4,271,547.05
5,271,547.066666667
6,271,547.083333333
7,271,547.1
8,271,547.116666667
9,271,547.133333333
10,271,547.15
11,271,547.166666667
12,271,547.183333333
13,271,547.2
14,271,547.216666667
15,271,547.233333333
16,271,547.25
17,271,547.266666667
18,271,547.283333333
19,271,547.3
20,271,547.316666667
21,271,547.333333333
22,271,547.35
23,271,547.366666667
24,271,547.383333333
25,271,547.4
26,271,547.416666667
27,271,547.433333333
28,271,547.45
29,271,547.466666667
30,271,547.483333333
31,271,547.5
32,271,547.516666667
33,271,547.533333333
34,271,547.55
35,271,547.566666667
36,271,547.583333333
37,271,547.6
38,271,547.616666667
39,271,547.633333333
40,271,547.65
41,271,547.666666667
42,271,547.683333333
43,271,547.7
44,271,547.716666667
45,271,547.733333333
46,271,547.75
47,271,547.766666667
48,271,547.783333333
49,271,547.8
50,271,547.816666667
51,271,547.833333333
52,271,547.85
53,271,547.866666667
54,271,547.883333333
55,271,547.9
56,271,547.916666667
57,271,547.933333333
58,271,547.95
59,271,547.966666667
60,271,547.983333333
61,271,548
62,271,548.016666667
63,271,548.033333333
64,271,548.05
65,271,548.066666667
66,271,548.083333333
67,271,548.1
68,271,548.116666667
69,271,548.133333333
70,271,548.15
71,271,548.166666667
72,271,548.183333333
73,271,548.2
74,271,548.216666667
75,271,548.233333333
76,271,548.25
77,271,548.266666667
78,271,548.283333333
79,271,548.3
80,271,548.316666667
81,271,548.333333333
82,271,548.35
83,271,548.366666667
84,271,548.383333333
85,271,548.4
86,271,548.416666667
87,271,548.433333333
88,271,548.45
89,271,548.466666667
90,271,548.483333333
91,271,548.5
92,271,548.516666667
93,271,548.533333333
94,271,548.55
95,271,548.566666667
96,271,548.583333333
97,271,548.6
98,271,548.616666667
99,271,548.633333333
100,271,548.65
101,271,548.666666667
102,271,548.683333333
103,271,548.7
104,271,548.716666667
105,271,548.733333333
106,271,548.75
107,271,548.766666667
108,271,548.783333333
109,271,548.8
110,271,548.816666667
111,271,548.833333333
112,271,548.85
113,271,548.866666667
114,271,548.883333333
115,271,548.9
116,271,548.916666667
117,271,548.933333333
118,271,548.95
119,271,548.966666667
120,271,548.983333333
1,272,549
2,272,549.016666667
3,272,549.033333333
4,272,549.05
5,272,549.066666667
6,272,549.083333333
7,272,549.1
8,272,549.116666667
9,272,549.133333333
10,272,549.15
11,272,549.166666667
12,272,549.183333333
13,272,549.2
14,272,549.216666667
15,272,549.233333333
16,272,549.25
17,272,549.266666667
18,272,549.283333333
19,272,549.3
20,272,549.316666667
21,272,549.333333333
22,272,549.35
23,272,549.366666667
24,272,549.383333333
25,272,549.4
26,272,549.416666667
27,272,549.433333333
28,272,549.45
29,272,549.466666667
30,272,549.483333333
31,272,549.5
32,272,549.516666667
33,272,549.533333333
34,272,549.55
35,272,549.566666667
36,272,549.583333333
37,272,549.6
38,272,549.616666667
39,272,549.633333333
40,272,549.65
41,272,549.666666667
42,272,549.683333333
43,272,549.7
44,272,549.716666667
45,272,549.733333333
46,272,549.75
47,272,549.766666667
48,272,549.783333333
49,272,549.8
50,272,549.816666667
51,272,549.833333333
52,272,549.85
53,272,549.866666667
54,272,549.883333333
55,272,549.9
56,272,549.916666667
57,272,549.933333333
58,272,549.95
59,272,549.966666667
60,272,549.983333333
61,272,550
62,272,550.016666667
63,272,550.033333333
64,272,550.05
65,272,550.066666667
66,272,550.083333333
67,272,550.1
68,272,550.116666667
69,272,550.133333333
70,272,550.15
71,272,550.166666667
72,272,550.183333333
73,272,550.2
74,272,550.216666667
75,272,550.233333333
76,272,550.25
77,272,550.266666667
78,272,550.283333333
79,272,550.3
80,272,550.316666667
81,272,550.333333333
82,272,550.35
83,272,550.366666667
84,272,550.383333333
85,272,550.4
86,272,550.416666667
87,272,550.433333333
88,272,550.45
89,272,550.466666667
90,272,550.483333333
91,272,550.5
92,272,550.516666667
93,272,550.533333333
94,272,550.55
95,272,550.566666667
96,272,550.583333333
97,272,550.6
98,272,550.616666667
99,272,550.633333333
100,272,550.65
101,272,550.666666667
102,272,550.683333333
103,272,550.7
104,272,550.716666667
105,272,550.733333333
106,272,550.75
107,272,550.766666667
108,272,550.783333333
109,272,550.8
110,272,550.816666667
111,272,550.833333333
112,272,550.85
113,272,550.866666667
114,272,550.883333333
115,272,550.9
116,272,550.916666667
117,272,550.933333333
118,272,550.95
119,272,550.966666667
120,272,550.983333333
1,273,551
2,273,551.016666667
3,273,551.033333333
4,273,551.05
5,273,551.066666667
6,273,551.083333333
7,273,551.1
8,273,551.116666667
9,273,551.133333333
10,273,551.15
11,273,551.166666667
12,273,551.183333333
13,273,551.2
14,273,551.216666667
15,273,551.233333333
16,273,551.25
17,273,551.266666667
18,273,551.283333333
19,273,551.3
20,273,551.316666667
21,273,551.333333333
22,273,551.35
23,273,551.366666667
24,273,551.383333333
25,273,551.4
26,273,551.416666667
27,273,551.433333333
28,273,551.45
29,273,551.466666667
30,273,551.483333333
31,273,551.5
32,273,551.516666667
33,273,551.533333333
34,273,551.55
35,273,551.566666667
36,273,551.583333333
37,273,551.6
38,273,551.616666667
39,273,551.633333333
40,273,551.65
41,273,551.666666667
42,273,551.683333333
43,273,551.7
44,273,551.716666667
45,273,551.733333333
46,273,551.75
47,273,551.766666667
48,273,551.783333333
49,273,551.8
50,273,551.816666667
51,273,551.833333333
52,273,551.85
53,273,551.866666667
54,273,551.883333333
55,273,551.9
56,273,551.916666667
57,273,551.933333333
58,273,551.95
59,273,551.966666667
60,273,551.983333333
61,273,552
62,273,552.016666667
63,273,552.033333333
64,273,552.05
65,273,552.066666667
66,273,552.083333333
67,273,552.1
68,273,552.116666667
69,273,552.133333333
70,273,552.15
71,273,552.166666667
72,273,552.183333333
73,273,552.2
74,273,552.216666667
75,273,552.233333333
76,273,552.25
77,273,552.266666667
78,273,552.283333333
79,273,552.3
80,273,552.316666667
81,273,552.333333333
82,273,552.35
83,273,552.366666667
84,273,552.383333333
85,273,552.4
86,273,552.416666667
87,273,552.433333333
88,273,552.45
89,273,552.466666667
90,273,552.483333333
91,273,552.5
92,273,552.516666667
93,273,552.533333333
94,273,552.55
95,273,552.566666667
96,273,552.583333333
97,273,552.6
98,273,552.616666667
99,273,552.633333333
100,273,552.65
101,273,552.666666667
102,273,552.683333333
103,273,552.7
104,273,552.716666667
105,273,552.733333333
106,273,552.75
107,273,552.766666667
108,273,552.783333333
109,273,552.8
110,273,552.816666667
111,273,552.833333333
112,273,552.85
113,273,552.866666667
114,273,552.883333333
115,273,552.9
116,273,552.916666667
117,273,552.933333333
118,273,552.95
119,273,552.966666667
120,273,552.983333333
1,274,553
2,274,553.016666667
3,274,553.033333333
4,274,553.05
5,274,553.066666667
6,274,553.083333333
7,274,553.1
8,274,553.116666667
9,274,553.133333333
10,274,553.15
11,274,553.166666667
12,274,553.183333333
13,274,553.2
14,274,553.216666667
15,274,553.233333333
16,274,553.25
17,274,553.266666667
18,274,553.283333333
19,274,553.3
20,274,553.316666667
21,274,553.333333333
22,274,553.35
23,274,553.366666667
24,274,553.383333333
25,274,553.4
26,274,553.416666667
27,274,553.433333333
28,274,553.45
29,274,553.466666667
30,274,553.483333333
31,274,553.5
32,274,553.516666667
33,274,553.533333333
34,274,553.55
35,274,553.566666667
36,274,553.583333333
37,274,553.6
38,274,553.616666667
39,274,553.633333333
40,274,553.65
41,274,553.666666667
42,274,553.683333333
43,274,553.7
44,274,553.716666667
45,274,553.733333333
46,274,553.75
47,274,553.766666667
48,274,553.783333333
49,274,553.8
50,274,553.816666667
51,274,553.833333333
52,274,553.85
53,274,553.866666667
54,274,553.883333333
55,274,553.9
56,274,553.916666667
57,274,553.933333333
58,274,553.95
59,274,553.966666667
60,274,553.983333333
61,274,554
62,274,554.016666667
63,274,554.033333333
64,274,554.05
65,274,554.066666667
66,274,554.083333333
67,274,554.1
68,274,554.116666667
69,274,554.133333333
70,274,554.15
71,274,554.166666667
72,274,554.183333333
73,274,554.2
74,274,554.216666667
75,274,554.233333333
76,274,554.25
77,274,554.266666667
78,274,554.283333333
79,274,554.3
80,274,554.316666667
81,274,554.333333333
82,274,554.35
83,274,554.366666667
84,274,554.383333333
85,274,554.4
86,274,554.416666667
87,274,554.433333333
88,274,554.45
89,274,554.466666667
90,274,554.483333333
91,274,554.5
92,274,554.516666667
93,274,554.533333333
94,274,554.55
95,274,554.566666667
96,274,554.583333333
97,274,554.6
98,274,554.616666667
99,274,554.633333333
100,274,554.65
101,274,554.666666667
102,274,554.683333333
103,274,554.7
104,274,554.716666667
105,274,554.733333333
106,274,554.75
107,274,554.766666667
108,274,554.783333333
109,274,554.8
110,274,554.816666667
111,274,554.833333333
112,274,554.85
113,274,554.866666667
114,274,554.883333333
115,274,554.9
116,274,554.916666667
117,274,554.933333333
118,274,554.95
119,274,554.966666667
120,274,554.983333333
1,275,555
2,275,555.016666667
3,275,555.033333333
4,275,555.05
5,275,555.066666667
6,275,555.083333333
7,275,555.1
8,275,555.116666667
9,275,555.133333333
10,275,555.15
11,275,555.166666667
12,275,555.183333333
13,275,555.2
14,275,555.216666667
15,275,555.233333333
16,275,555.25
17,275,555.266666667
18,275,555.283333333
19,275,555.3
20,275,555.316666667
21,275,555.333333333
22,275,555.35
23,275,555.366666667
24,275,555.383333333
25,275,555.4
26,275,555.416666667
27,275,555.433333333
28,275,555.45
29,275,555.466666667
30,275,555.483333333
31,275,555.5
32,275,555.516666667
33,275,555.533333333
34,275,555.55
35,275,555.566666667
36,275,555.583333333
37,275,555.6
38,275,555.616666667
39,275,555.633333333
40,275,555.65
41,275,555.666666667
42,275,555.683333333
43,275,555.7
44,275,555.716666667
45,275,555.733333333
46,275,555.75
47,275,555.766666667
48,275,555.783333333
49,275,555.8
50,275,555.816666667
51,275,555.833333333
52,275,555.85
53,275,555.866666667
54,275,555.883333333
55,275,555.9
56,275,555.916666667
57,275,555.933333333
58,275,555.95
59,275,555.966666667
60,275,555.983333333
61,275,556
62,275,556.016666667
63,275,556.033333333
64,275,556.05
65,275,556.066666667
66,275,556.083333333
67,275,556.1
68,275,556.116666667
69,275,556.133333333
70,275,556.15
71,275,556.166666667
72,275,556.183333333
73,275,556.2
74,275,556.216666667
75,275,556.233333333
76,275,556.25
77,275,556.266666667
78,275,556.283333333
79,275,556.3
80,275,556.316666667
81,275,556.333333333
82,275,556.35
83,275,556.366666667
84,275,556.383333333
85,275,556.4
86,275,556.416666667
87,275,556.433333333
88,275,556.45
89,275,556.466666667
90,275,556.483333333
91,275,556.5
92,275,556.516666667
93,275,556.533333333
94,275,556.55
95,275,556.566666667
96,275,556.583333333
97,275,556.6
98,275,556.616666667
99,275,556.633333333
100,275,556.65
101,275,556.666666667
102,275,556.683333333
103,275,556.7
104,275,556.716666667
105,275,556.733333333
106,275,556.75
107,275,556.766666667
108,275,556.783333333
109,275,556.8
110,275,556.816666667
111,275,556.833333333
112,275,556.85
113,275,556.866666667
114,275,556.883333333
115,275,556.9
116,275,556.916666667
117,275,556.933333333
118,275,556.95
119,275,556.966666667
120,275,556.983333333
1,276,557
2,276,557.016666667
3,276,557.033333333
4,276,557.05
5,276,557.066666667
6,276,557.083333333
7,276,557.1
8,276,557.116666667
9,276,557.133333333
10,276,557.15
11,276,557.166666667
12,276,557.183333333
13,276,557.2
14,276,557.216666667
15,276,557.233333333
16,276,557.25
17,276,557.266666667
18,276,557.283333333
19,276,557.3
20,276,557.316666667
21,276,557.333333333
22,276,557.35
23,276,557.366666667
24,276,557.383333333
25,276,557.4
26,276,557.416666667
27,276,557.433333333
28,276,557.45
29,276,557.466666667
30,276,557.483333333
31,276,557.5
32,276,557.516666667
33,276,557.533333333
34,276,557.55
35,276,557.566666667
36,276,557.583333333
37,276,557.6
38,276,557.616666667
39,276,557.633333333
40,276,557.65
41,276,557.666666667
42,276,557.683333333
43,276,557.7
44,276,557.716666667
45,276,557.733333333
46,276,557.75
47,276,557.766666667
48,276,557.783333333
49,276,557.8
50,276,557.816666667
51,276,557.833333333
52,276,557.85
53,276,557.866666667
54,276,557.883333333
55,276,557.9
56,276,557.916666667
57,276,557.933333333
58,276,557.95
59,276,557.966666667
60,276,557.983333333
61,276,558
62,276,558.016666667
63,276,558.033333333
64,276,558.05
65,276,558.066666667
66,276,558.083333333
67,276,558.1
68,276,558.116666667
69,276,558.133333333
70,276,558.15
71,276,558.166666667
72,276,558.183333333
73,276,558.2
74,276,558.216666667
75,276,558.233333333
76,276,558.25
77,276,558.266666667
78,276,558.283333333
79,276,558.3
80,276,558.316666667
81,276,558.333333333
82,276,558.35
83,276,558.366666667
84,276,558.383333333
85,276,558.4
86,276,558.416666667
87,276,558.433333333
88,276,558.45
89,276,558.466666667
90,276,558.483333333
91,276,558.5
92,276,558.516666667
93,276,558.533333333
94,276,558.55
95,276,558.566666667
96,276,558.583333333
97,276,558.6
98,276,558.616666667
99,276,558.633333333
100,276,558.65
101,276,558.666666667
102,276,558.683333333
103,276,558.7
104,276,558.716666667
105,276,558.733333333
106,276,558.75
107,276,558.766666667
108,276,558.783333333
109,276,558.8
110,276,558.816666667
111,276,558.833333333
112,276,558.85
113,276,558.866666667
114,276,558.883333333
115,276,558.9
116,276,558.916666667
117,276,558.933333333
118,276,558.95
119,276,558.966666667
120,276,558.983333333
1,277,559
2,277,559.016666667
3,277,559.033333333
4,277,559.05
5,277,559.066666667
6,277,559.083333333
7,277,559.1
8,277,559.116666667
9,277,559.133333333
10,277,559.15
11,277,559.166666667
12,277,559.183333333
13,277,559.2
14,277,559.216666667
15,277,559.233333333
16,277,559.25
17,277,559.266666667
18,277,559.283333333
19,277,559.3
20,277,559.316666667
21,277,559.333333333
22,277,559.35
23,277,559.366666667
24,277,559.383333333
25,277,559.4
26,277,559.416666667
27,277,559.433333333
28,277,559.45
29,277,559.466666667
30,277,559.483333333
31,277,559.5
32,277,559.516666667
33,277,559.533333333
34,277,559.55
35,277,559.566666667
36,277,559.583333333
37,277,559.6
38,277,559.616666667
39,277,559.633333333
40,277,559.65
41,277,559.666666667
42,277,559.683333333
43,277,559.7
44,277,559.716666667
45,277,559.733333333
46,277,559.75
47,277,559.766666667
48,277,559.783333333
49,277,559.8
50,277,559.816666667
51,277,559.833333333
52,277,559.85
53,277,559.866666667
54,277,559.883333333
55,277,559.9
56,277,559.916666667
57,277,559.933333333
58,277,559.95
59,277,559.966666667
60,277,559.983333333
61,277,560
62,277,560.016666667
63,277,560.033333333
64,277,560.05
65,277,560.066666667
66,277,560.083333333
67,277,560.1
68,277,560.116666667
69,277,560.133333333
70,277,560.15
71,277,560.166666667
72,277,560.183333333
73,277,560.2
74,277,560.216666667
75,277,560.233333333
76,277,560.25
77,277,560.266666667
78,277,560.283333333
79,277,560.3
80,277,560.316666667
81,277,560.333333333
82,277,560.35
83,277,560.366666667
84,277,560.383333333
85,277,560.4
86,277,560.416666667
87,277,560.433333333
88,277,560.45
89,277,560.466666667
90,277,560.483333333
91,277,560.5
92,277,560.516666667
93,277,560.533333333
94,277,560.55
95,277,560.566666667
96,277,560.583333333
97,277,560.6
98,277,560.616666667
99,277,560.633333333
100,277,560.65
101,277,560.666666667
102,277,560.683333333
103,277,560.7
104,277,560.716666667
105,277,560.733333333
106,277,560.75
107,277,560.766666667
108,277,560.783333333
109,277,560.8
110,277,560.816666667
111,277,560.833333333
112,277,560.85
113,277,560.866666667
114,277,560.883333333
115,277,560.9
116,277,560.916666667
117,277,560.933333333
118,277,560.95
119,277,560.966666667
120,277,560.983333333
1,278,561
2,278,561.016666667
3,278,561.033333333
4,278,561.05
5,278,561.066666667
6,278,561.083333333
7,278,561.1
8,278,561.116666667
9,278,561.133333333
10,278,561.15
11,278,561.166666667
12,278,561.183333333
13,278,561.2
14,278,561.216666667
15,278,561.233333333
16,278,561.25
17,278,561.266666667
18,278,561.283333333
19,278,561.3
20,278,561.316666667
21,278,561.333333333
22,278,561.35
23,278,561.366666667
24,278,561.383333333
25,278,561.4
26,278,561.416666667
27,278,561.433333333
28,278,561.45
29,278,561.466666667
30,278,561.483333333
31,278,561.5
32,278,561.516666667
33,278,561.533333333
34,278,561.55
35,278,561.566666667
36,278,561.583333333
37,278,561.6
38,278,561.616666667
39,278,561.633333333
40,278,561.65
41,278,561.666666667
42,278,561.683333333
43,278,561.7
44,278,561.716666667
45,278,561.733333333
46,278,561.75
47,278,561.766666667
48,278,561.783333333
49,278,561.8
50,278,561.816666667
51,278,561.833333333
52,278,561.85
53,278,561.866666667
54,278,561.883333333
55,278,561.9
56,278,561.916666667
57,278,561.933333333
58,278,561.95
59,278,561.966666667
60,278,561.983333333
61,278,562
62,278,562.016666667
63,278,562.033333333
64,278,562.05
65,278,562.066666667
66,278,562.083333333
67,278,562.1
68,278,562.116666667
69,278,562.133333333
70,278,562.15
71,278,562.166666667
72,278,562.183333333
73,278,562.2
74,278,562.216666667
75,278,562.233333333
76,278,562.25
77,278,562.266666667
78,278,562.283333333
79,278,562.3
80,278,562.316666667
81,278,562.333333333
82,278,562.35
83,278,562.366666667
84,278,562.383333333
85,278,562.4
86,278,562.416666667
87,278,562.433333333
88,278,562.45
89,278,562.466666667
90,278,562.483333333
91,278,562.5
92,278,562.516666667
93,278,562.533333333
94,278,562.55
95,278,562.566666667
96,278,562.583333333
97,278,562.6
98,278,562.616666667
99,278,562.633333333
100,278,562.65
101,278,562.666666667
102,278,562.683333333
103,278,562.7
104,278,562.716666667
105,278,562.733333333
106,278,562.75
107,278,562.766666667
108,278,562.783333333
109,278,562.8
110,278,562.816666667
111,278,562.833333333
112,278,562.85
113,278,562.866666667
114,278,562.883333333
115,278,562.9
116,278,562.916666667
117,278,562.933333333
118,278,562.95
119,278,562.966666667
120,278,562.983333333
1,279,563
2,279,563.016666667
3,279,563.033333333
4,279,563.05
5,279,563.066666667
6,279,563.083333333
7,279,563.1
8,279,563.116666667
9,279,563.133333333
10,279,563.15
11,279,563.166666667
12,279,563.183333333
13,279,563.2
14,279,563.216666667
15,279,563.233333333
16,279,563.25
17,279,563.266666667
18,279,563.283333333
19,279,563.3
20,279,563.316666667
21,279,563.333333333
22,279,563.35
23,279,563.366666667
24,279,563.383333333
25,279,563.4
26,279,563.416666667
27,279,563.433333333
28,279,563.45
29,279,563.466666667
30,279,563.483333333
31,279,563.5
32,279,563.516666667
33,279,563.533333333
34,279,563.55
35,279,563.566666667
36,279,563.583333333
37,279,563.6
38,279,563.616666667
39,279,563.633333333
40,279,563.65
41,279,563.666666667
42,279,563.683333333
43,279,563.7
44,279,563.716666667
45,279,563.733333333
46,279,563.75
47,279,563.766666667
48,279,563.783333333
49,279,563.8
50,279,563.816666667
51,279,563.833333333
52,279,563.85
53,279,563.866666667
54,279,563.883333333
55,279,563.9
56,279,563.916666667
57,279,563.933333333
58,279,563.95
59,279,563.966666667
60,279,563.983333333
61,279,564
62,279,564.016666667
63,279,564.033333333
64,279,564.05
65,279,564.066666667
66,279,564.083333333
67,279,564.1
68,279,564.116666667
69,279,564.133333333
70,279,564.15
71,279,564.166666667
72,279,564.183333333
73,279,564.2
74,279,564.216666667
75,279,564.233333333
76,279,564.25
77,279,564.266666667
78,279,564.283333333
79,279,564.3
80,279,564.316666667
81,279,564.333333333
82,279,564.35
83,279,564.366666667
84,279,564.383333333
85,279,564.4
86,279,564.416666667
87,279,564.433333333
88,279,564.45
89,279,564.466666667
90,279,564.483333333
91,279,564.5
92,279,564.516666667
93,279,564.533333333
94,279,564.55
95,279,564.566666667
96,279,564.583333333
97,279,564.6
98,279,564.616666667
99,279,564.633333333
100,279,564.65
101,279,564.666666667
102,279,564.683333333
103,279,564.7
104,279,564.716666667
105,279,564.733333333
106,279,564.75
107,279,564.766666667
108,279,564.783333333
109,279,564.8
110,279,564.816666667
111,279,564.833333333
112,279,564.85
113,279,564.866666667
114,279,564.883333333
115,279,564.9
116,279,564.916666667
117,279,564.933333333
118,279,564.95
119,279,564.966666667
120,279,564.983333333
1,280,565
2,280,565.016666667
3,280,565.033333333
4,280,565.05
5,280,565.066666667
6,280,565.083333333
7,280,565.1
8,280,565.116666667
9,280,565.133333333
10,280,565.15
11,280,565.166666667
12,280,565.183333333
13,280,565.2
14,280,565.216666667
15,280,565.233333333
16,280,565.25
17,280,565.266666667
18,280,565.283333333
19,280,565.3
20,280,565.316666667
21,280,565.333333333
22,280,565.35
23,280,565.366666667
24,280,565.383333333
25,280,565.4
26,280,565.416666667
27,280,565.433333333
28,280,565.45
29,280,565.466666667
30,280,565.483333333
31,280,565.5
32,280,565.516666667
33,280,565.533333333
34,280,565.55
35,280,565.566666667
36,280,565.583333333
37,280,565.6
38,280,565.616666667
39,280,565.633333333
40,280,565.65
41,280,565.666666667
42,280,565.683333333
43,280,565.7
44,280,565.716666667
45,280,565.733333333
46,280,565.75
47,280,565.766666667
48,280,565.783333333
49,280,565.8
50,280,565.816666667
51,280,565.833333333
52,280,565.85
53,280,565.866666667
54,280,565.883333333
55,280,565.9
56,280,565.916666667
57,280,565.933333333
58,280,565.95
59,280,565.966666667
60,280,565.983333333
61,280,566
62,280,566.016666667
63,280,566.033333333
64,280,566.05
65,280,566.066666667
66,280,566.083333333
67,280,566.1
68,280,566.116666667
69,280,566.133333333
70,280,566.15
71,280,566.166666667
72,280,566.183333333
73,280,566.2
74,280,566.216666667
75,280,566.233333333
76,280,566.25
77,280,566.266666667
78,280,566.283333333
79,280,566.3
80,280,566.316666667
81,280,566.333333333
82,280,566.35
83,280,566.366666667
84,280,566.383333333
85,280,566.4
86,280,566.416666667
87,280,566.433333333
88,280,566.45
89,280,566.466666667
90,280,566.483333333
91,280,566.5
92,280,566.516666667
93,280,566.533333333
94,280,566.55
95,280,566.566666667
96,280,566.583333333
97,280,566.6
98,280,566.616666667
99,280,566.633333333
100,280,566.65
101,280,566.666666667
102,280,566.683333333
103,280,566.7
104,280,566.716666667
105,280,566.733333333
106,280,566.75
107,280,566.766666667
108,280,566.783333333
109,280,566.8
110,280,566.816666667
111,280,566.833333333
112,280,566.85
113,280,566.866666667
114,280,566.883333333
115,280,566.9
116,280,566.916666667
117,280,566.933333333
118,280,566.95
119,280,566.966666667
120,280,566.983333333
1,281,567
2,281,567.016666667
3,281,567.033333333
4,281,567.05
5,281,567.066666667
6,281,567.083333333
7,281,567.1
8,281,567.116666667
9,281,567.133333333
10,281,567.15
11,281,567.166666667
12,281,567.183333333
13,281,567.2
14,281,567.216666667
15,281,567.233333333
16,281,567.25
17,281,567.266666667
18,281,567.283333333
19,281,567.3
20,281,567.316666667
21,281,567.333333333
22,281,567.35
23,281,567.366666667
24,281,567.383333333
25,281,567.4
26,281,567.416666667
27,281,567.433333333
28,281,567.45
29,281,567.466666667
30,281,567.483333333
31,281,567.5
32,281,567.516666667
33,281,567.533333333
34,281,567.55
35,281,567.566666667
36,281,567.583333333
37,281,567.6
38,281,567.616666667
39,281,567.633333333
40,281,567.65
41,281,567.666666667
42,281,567.683333333
43,281,567.7
44,281,567.716666667
45,281,567.733333333
46,281,567.75
47,281,567.766666667
48,281,567.783333333
49,281,567.8
50,281,567.816666667
51,281,567.833333333
52,281,567.85
53,281,567.866666667
54,281,567.883333333
55,281,567.9
56,281,567.916666667
57,281,567.933333333
58,281,567.95
59,281,567.966666667
60,281,567.983333333
61,281,568
62,281,568.016666667
63,281,568.033333333
64,281,568.05
65,281,568.066666667
66,281,568.083333333
67,281,568.1
68,281,568.116666667
69,281,568.133333333
70,281,568.15
71,281,568.166666667
72,281,568.183333333
73,281,568.2
74,281,568.216666667
75,281,568.233333333
76,281,568.25
77,281,568.266666667
78,281,568.283333333
79,281,568.3
80,281,568.316666667
81,281,568.333333333
82,281,568.35
83,281,568.366666667
84,281,568.383333333
85,281,568.4
86,281,568.416666667
87,281,568.433333333
88,281,568.45
89,281,568.466666667
90,281,568.483333333
91,281,568.5
92,281,568.516666667
93,281,568.533333333
94,281,568.55
95,281,568.566666667
96,281,568.583333333
97,281,568.6
98,281,568.616666667
99,281,568.633333333
100,281,568.65
101,281,568.666666667
102,281,568.683333333
103,281,568.7
104,281,568.716666667
105,281,568.733333333
106,281,568.75
107,281,568.766666667
108,281,568.783333333
109,281,568.8
110,281,568.816666667
111,281,568.833333333
112,281,568.85
113,281,568.866666667
114,281,568.883333333
115,281,568.9
116,281,568.916666667
117,281,568.933333333
118,281,568.95
119,281,568.966666667
120,281,568.983333333
1,282,569
2,282,569.016666667
3,282,569.033333333
4,282,569.05
5,282,569.066666667
6,282,569.083333333
7,282,569.1
8,282,569.116666667
9,282,569.133333333
10,282,569.15
11,282,569.166666667
12,282,569.183333333
13,282,569.2
14,282,569.216666667
15,282,569.233333333
16,282,569.25
17,282,569.266666667
18,282,569.283333333
19,282,569.3
20,282,569.316666667
21,282,569.333333333
22,282,569.35
23,282,569.366666667
24,282,569.383333333
25,282,569.4
26,282,569.416666667
27,282,569.433333333
28,282,569.45
29,282,569.466666667
30,282,569.483333333
31,282,569.5
32,282,569.516666667
33,282,569.533333333
34,282,569.55
35,282,569.566666667
36,282,569.583333333
37,282,569.6
38,282,569.616666667
39,282,569.633333333
40,282,569.65
41,282,569.666666667
42,282,569.683333333
43,282,569.7
44,282,569.716666667
45,282,569.733333333
46,282,569.75
47,282,569.766666667
48,282,569.783333333
49,282,569.8
50,282,569.816666667
51,282,569.833333333
52,282,569.85
53,282,569.866666667
54,282,569.883333333
55,282,569.9
56,282,569.916666667
57,282,569.933333333
58,282,569.95
59,282,569.966666667
60,282,569.983333333
61,282,570
62,282,570.016666667
63,282,570.033333333
64,282,570.05
65,282,570.066666667
66,282,570.083333333
67,282,570.1
68,282,570.116666667
69,282,570.133333333
70,282,570.15
71,282,570.166666667
72,282,570.183333333
73,282,570.2
74,282,570.216666667
75,282,570.233333333
76,282,570.25
77,282,570.266666667
78,282,570.283333333
79,282,570.3
80,282,570.316666667
81,282,570.333333333
82,282,570.35
83,282,570.366666667
84,282,570.383333333
85,282,570.4
86,282,570.416666667
87,282,570.433333333
88,282,570.45
89,282,570.466666667
90,282,570.483333333
91,282,570.5
92,282,570.516666667
93,282,570.533333333
94,282,570.55
95,282,570.566666667
96,282,570.583333333
97,282,570.6
98,282,570.616666667
99,282,570.633333333
100,282,570.65
101,282,570.666666667
102,282,570.683333333
103,282,570.7
104,282,570.716666667
105,282,570.733333333
106,282,570.75
107,282,570.766666667
108,282,570.783333333
109,282,570.8
110,282,570.816666667
111,282,570.833333333
112,282,570.85
113,282,570.866666667
114,282,570.883333333
115,282,570.9
116,282,570.916666667
117,282,570.933333333
118,282,570.95
119,282,570.966666667
120,282,570.983333333
1,283,571
2,283,571.016666667
3,283,571.033333333
4,283,571.05
5,283,571.066666667
6,283,571.083333333
7,283,571.1
8,283,571.116666667
9,283,571.133333333
10,283,571.15
11,283,571.166666667
12,283,571.183333333
13,283,571.2
14,283,571.216666667
15,283,571.233333333
16,283,571.25
17,283,571.266666667
18,283,571.283333333
19,283,571.3
20,283,571.316666667
21,283,571.333333333
22,283,571.35
23,283,571.366666667
24,283,571.383333333
25,283,571.4
26,283,571.416666667
27,283,571.433333333
28,283,571.45
29,283,571.466666667
30,283,571.483333333
31,283,571.5
32,283,571.516666667
33,283,571.533333333
34,283,571.55
35,283,571.566666667
36,283,571.583333333
37,283,571.6
38,283,571.616666667
39,283,571.633333333
40,283,571.65
41,283,571.666666667
42,283,571.683333333
43,283,571.7
44,283,571.716666667
45,283,571.733333333
46,283,571.75
47,283,571.766666667
48,283,571.783333333
49,283,571.8
50,283,571.816666667
51,283,571.833333333
52,283,571.85
53,283,571.866666667
54,283,571.883333333
55,283,571.9
56,283,571.916666667
57,283,571.933333333
58,283,571.95
59,283,571.966666667
60,283,571.983333333
61,283,572
62,283,572.016666667
63,283,572.033333333
64,283,572.05
65,283,572.066666667
66,283,572.083333333
67,283,572.1
68,283,572.116666667
69,283,572.133333333
70,283,572.15
71,283,572.166666667
72,283,572.183333333
73,283,572.2
74,283,572.216666667
75,283,572.233333333
76,283,572.25
77,283,572.266666667
78,283,572.283333333
79,283,572.3
80,283,572.316666667
81,283,572.333333333
82,283,572.35
83,283,572.366666667
84,283,572.383333333
85,283,572.4
86,283,572.416666667
87,283,572.433333333
88,283,572.45
89,283,572.466666667
90,283,572.483333333
91,283,572.5
92,283,572.516666667
93,283,572.533333333
94,283,572.55
95,283,572.566666667
96,283,572.583333333
97,283,572.6
98,283,572.616666667
99,283,572.633333333
100,283,572.65
101,283,572.666666667
102,283,572.683333333
103,283,572.7
104,283,572.716666667
105,283,572.733333333
106,283,572.75
107,283,572.766666667
108,283,572.783333333
109,283,572.8
110,283,572.816666667
111,283,572.833333333
112,283,572.85
113,283,572.866666667
114,283,572.883333333
115,283,572.9
116,283,572.916666667
117,283,572.933333333
118,283,572.95
119,283,572.966666667
120,283,572.983333333
1,284,573
2,284,573.016666667
3,284,573.033333333
4,284,573.05
5,284,573.066666667
6,284,573.083333333
7,284,573.1
8,284,573.116666667
9,284,573.133333333
10,284,573.15
11,284,573.166666667
12,284,573.183333333
13,284,573.2
14,284,573.216666667
15,284,573.233333333
16,284,573.25
17,284,573.266666667
18,284,573.283333333
19,284,573.3
20,284,573.316666667
21,284,573.333333333
22,284,573.35
23,284,573.366666667
24,284,573.383333333
25,284,573.4
26,284,573.416666667
27,284,573.433333333
28,284,573.45
29,284,573.466666667
30,284,573.483333333
31,284,573.5
32,284,573.516666667
33,284,573.533333333
34,284,573.55
35,284,573.566666667
36,284,573.583333333
37,284,573.6
38,284,573.616666667
39,284,573.633333333
40,284,573.65
41,284,573.666666667
42,284,573.683333333
43,284,573.7
44,284,573.716666667
45,284,573.733333333
46,284,573.75
47,284,573.766666667
48,284,573.783333333
49,284,573.8
50,284,573.816666667
51,284,573.833333333
52,284,573.85
53,284,573.866666667
54,284,573.883333333
55,284,573.9
56,284,573.916666667
57,284,573.933333333
58,284,573.95
59,284,573.966666667
60,284,573.983333333
61,284,574
62,284,574.016666667
63,284,574.033333333
64,284,574.05
65,284,574.066666667
66,284,574.083333333
67,284,574.1
68,284,574.116666667
69,284,574.133333333
70,284,574.15
71,284,574.166666667
72,284,574.183333333
73,284,574.2
74,284,574.216666667
75,284,574.233333333
76,284,574.25
77,284,574.266666667
78,284,574.283333333
79,284,574.3
80,284,574.316666667
81,284,574.333333333
82,284,574.35
83,284,574.366666667
84,284,574.383333333
85,284,574.4
86,284,574.416666667
87,284,574.433333333
88,284,574.45
89,284,574.466666667
90,284,574.483333333
91,284,574.5
92,284,574.516666667
93,284,574.533333333
94,284,574.55
95,284,574.566666667
96,284,574.583333333
97,284,574.6
98,284,574.616666667
99,284,574.633333333
100,284,574.65
101,284,574.666666667
102,284,574.683333333
103,284,574.7
104,284,574.716666667
105,284,574.733333333
106,284,574.75
107,284,574.766666667
108,284,574.783333333
109,284,574.8
110,284,574.816666667
111,284,574.833333333
112,284,574.85
113,284,574.866666667
114,284,574.883333333
115,284,574.9
116,284,574.916666667
117,284,574.933333333
118,284,574.95
119,284,574.966666667
120,284,574.983333333
1,285,575
2,285,575.016666667
3,285,575.033333333
4,285,575.05
5,285,575.066666667
6,285,575.083333333
7,285,575.1
8,285,575.116666667
9,285,575.133333333
10,285,575.15
11,285,575.166666667
12,285,575.183333333
13,285,575.2
14,285,575.216666667
15,285,575.233333333
16,285,575.25
17,285,575.266666667
18,285,575.283333333
19,285,575.3
20,285,575.316666667
21,285,575.333333333
22,285,575.35
23,285,575.366666667
24,285,575.383333333
25,285,575.4
26,285,575.416666667
27,285,575.433333333
28,285,575.45
29,285,575.466666667
30,285,575.483333333
31,285,575.5
32,285,575.516666667
33,285,575.533333333
34,285,575.55
35,285,575.566666667
36,285,575.583333333
37,285,575.6
38,285,575.616666667
39,285,575.633333333
40,285,575.65
41,285,575.666666667
42,285,575.683333333
43,285,575.7
44,285,575.716666667
45,285,575.733333333
46,285,575.75
47,285,575.766666667
48,285,575.783333333
49,285,575.8
50,285,575.816666667
51,285,575.833333333
52,285,575.85
53,285,575.866666667
54,285,575.883333333
55,285,575.9
56,285,575.916666667
57,285,575.933333333
58,285,575.95
59,285,575.966666667
60,285,575.983333333
61,285,576
62,285,576.016666667
63,285,576.033333333
64,285,576.05
65,285,576.066666667
66,285,576.083333333
67,285,576.1
68,285,576.116666667
69,285,576.133333333
70,285,576.15
71,285,576.166666667
72,285,576.183333333
73,285,576.2
74,285,576.216666667
75,285,576.233333333
76,285,576.25
77,285,576.266666667
78,285,576.283333333
79,285,576.3
80,285,576.316666667
81,285,576.333333333
82,285,576.35
83,285,576.366666667
84,285,576.383333333
85,285,576.4
86,285,576.416666667
87,285,576.433333333
88,285,576.45
89,285,576.466666667
90,285,576.483333333
91,285,576.5
92,285,576.516666667
93,285,576.533333333
94,285,576.55
95,285,576.566666667
96,285,576.583333333
97,285,576.6
98,285,576.616666667
99,285,576.633333333
100,285,576.65
101,285,576.666666667
102,285,576.683333333
103,285,576.7
104,285,576.716666667
105,285,576.733333333
106,285,576.75
107,285,576.766666667
108,285,576.783333333
109,285,576.8
110,285,576.816666667
111,285,576.833333333
112,285,576.85
113,285,576.866666667
114,285,576.883333333
115,285,576.9
116,285,576.916666667
117,285,576.933333333
118,285,576.95
119,285,576.966666667
120,285,576.983333333
1,286,577
2,286,577.016666667
3,286,577.033333333
4,286,577.05
5,286,577.066666667
6,286,577.083333333
7,286,577.1
8,286,577.116666667
9,286,577.133333333
10,286,577.15
11,286,577.166666667
12,286,577.183333333
13,286,577.2
14,286,577.216666667
15,286,577.233333333
16,286,577.25
17,286,577.266666667
18,286,577.283333333
19,286,577.3
20,286,577.316666667
21,286,577.333333333
22,286,577.35
23,286,577.366666667
24,286,577.383333333
25,286,577.4
26,286,577.416666667
27,286,577.433333333
28,286,577.45
29,286,577.466666667
30,286,577.483333333
31,286,577.5
32,286,577.516666667
33,286,577.533333333
34,286,577.55
35,286,577.566666667
36,286,577.583333333
37,286,577.6
38,286,577.616666667
39,286,577.633333333
40,286,577.65
41,286,577.666666667
42,286,577.683333333
43,286,577.7
44,286,577.716666667
45,286,577.733333333
46,286,577.75
47,286,577.766666667
48,286,577.783333333
49,286,577.8
50,286,577.816666667
51,286,577.833333333
52,286,577.85
53,286,577.866666667
54,286,577.883333333
55,286,577.9
56,286,577.916666667
57,286,577.933333333
58,286,577.95
59,286,577.966666667
60,286,577.983333333
61,286,578
62,286,578.016666667
63,286,578.033333333
64,286,578.05
65,286,578.066666667
66,286,578.083333333
67,286,578.1
68,286,578.116666667
69,286,578.133333333
70,286,578.15
71,286,578.166666667
72,286,578.183333333
73,286,578.2
74,286,578.216666667
75,286,578.233333333
76,286,578.25
77,286,578.266666667
78,286,578.283333333
79,286,578.3
80,286,578.316666667
81,286,578.333333333
82,286,578.35
83,286,578.366666667
84,286,578.383333333
85,286,578.4
86,286,578.416666667
87,286,578.433333333
88,286,578.45
89,286,578.466666667
90,286,578.483333333
91,286,578.5
92,286,578.516666667
93,286,578.533333333
94,286,578.55
95,286,578.566666667
96,286,578.583333333
97,286,578.6
98,286,578.616666667
99,286,578.633333333
100,286,578.65
101,286,578.666666667
102,286,578.683333333
103,286,578.7
104,286,578.716666667
105,286,578.733333333
106,286,578.75
107,286,578.766666667
108,286,578.783333333
109,286,578.8
110,286,578.816666667
111,286,578.833333333
112,286,578.85
113,286,578.866666667
114,286,578.883333333
115,286,578.9
116,286,578.916666667
117,286,578.933333333
118,286,578.95
119,286,578.966666667
120,286,578.983333333
1,287,579
2,287,579.016666667
3,287,579.033333333
4,287,579.05
5,287,579.066666667
6,287,579.083333333
7,287,579.1
8,287,579.116666667
9,287,579.133333333
10,287,579.15
11,287,579.166666667
12,287,579.183333333
13,287,579.2
14,287,579.216666667
15,287,579.233333333
16,287,579.25
17,287,579.266666667
18,287,579.283333333
19,287,579.3
20,287,579.316666667
21,287,579.333333333
22,287,579.35
23,287,579.366666667
24,287,579.383333333
25,287,579.4
26,287,579.416666667
27,287,579.433333333
28,287,579.45
29,287,579.466666667
30,287,579.483333333
31,287,579.5
32,287,579.516666667
33,287,579.533333333
34,287,579.55
35,287,579.566666667
36,287,579.583333333
37,287,579.6
38,287,579.616666667
39,287,579.633333333
40,287,579.65
41,287,579.666666667
42,287,579.683333333
43,287,579.7
44,287,579.716666667
45,287,579.733333333
46,287,579.75
47,287,579.766666667
48,287,579.783333333
49,287,579.8
50,287,579.816666667
51,287,579.833333333
52,287,579.85
53,287,579.866666667
54,287,579.883333333
55,287,579.9
56,287,579.916666667
57,287,579.933333333
58,287,579.95
59,287,579.966666667
60,287,579.983333333
61,287,580
62,287,580.016666667
63,287,580.033333333
64,287,580.05
65,287,580.066666667
66,287,580.083333333
67,287,580.1
68,287,580.116666667
69,287,580.133333333
70,287,580.15
71,287,580.166666667
72,287,580.183333333
73,287,580.2
74,287,580.216666667
75,287,580.233333333
76,287,580.25
77,287,580.266666667
78,287,580.283333333
79,287,580.3
80,287,580.316666667
81,287,580.333333333
82,287,580.35
83,287,580.366666667
84,287,580.383333333
85,287,580.4
86,287,580.416666667
87,287,580.433333333
88,287,580.45
89,287,580.466666667
90,287,580.483333333
91,287,580.5
92,287,580.516666667
93,287,580.533333333
94,287,580.55
95,287,580.566666667
96,287,580.583333333
97,287,580.6
98,287,580.616666667
99,287,580.633333333
100,287,580.65
101,287,580.666666667
102,287,580.683333333
103,287,580.7
104,287,580.716666667
105,287,580.733333333
106,287,580.75
107,287,580.766666667
108,287,580.783333333
109,287,580.8
110,287,580.816666667
111,287,580.833333333
112,287,580.85
113,287,580.866666667
114,287,580.883333333
115,287,580.9
116,287,580.916666667
117,287,580.933333333
118,287,580.95
119,287,580.966666667
120,287,580.983333333
1,288,581
2,288,581.016666667
3,288,581.033333333
4,288,581.05
5,288,581.066666667
6,288,581.083333333
7,288,581.1
8,288,581.116666667
9,288,581.133333333
10,288,581.15
11,288,581.166666667
12,288,581.183333333
13,288,581.2
14,288,581.216666667
15,288,581.233333333
16,288,581.25
17,288,581.266666667
18,288,581.283333333
19,288,581.3
20,288,581.316666667
21,288,581.333333333
22,288,581.35
23,288,581.366666667
24,288,581.383333333
25,288,581.4
26,288,581.416666667
27,288,581.433333333
28,288,581.45
29,288,581.466666667
30,288,581.483333333
31,288,581.5
32,288,581.516666667
33,288,581.533333333
34,288,581.55
35,288,581.566666667
36,288,581.583333333
37,288,581.6
38,288,581.616666667
39,288,581.633333333
40,288,581.65
41,288,581.666666667
42,288,581.683333333
43,288,581.7
44,288,581.716666667
45,288,581.733333333
46,288,581.75
47,288,581.766666667
48,288,581.783333333
49,288,581.8
50,288,581.816666667
51,288,581.833333333
52,288,581.85
53,288,581.866666667
54,288,581.883333333
55,288,581.9
56,288,581.916666667
57,288,581.933333333
58,288,581.95
59,288,581.966666667
60,288,581.983333333
61,288,582
62,288,582.016666667
63,288,582.033333333
64,288,582.05
65,288,582.066666667
66,288,582.083333333
67,288,582.1
68,288,582.116666667
69,288,582.133333333
70,288,582.15
71,288,582.166666667
72,288,582.183333333
73,288,582.2
74,288,582.216666667
75,288,582.233333333
76,288,582.25
77,288,582.266666667
78,288,582.283333333
79,288,582.3
80,288,582.316666667
81,288,582.333333333
82,288,582.35
83,288,582.366666667
84,288,582.383333333
85,288,582.4
86,288,582.416666667
87,288,582.433333333
88,288,582.45
89,288,582.466666667
90,288,582.483333333
91,288,582.5
92,288,582.516666667
93,288,582.533333333
94,288,582.55
95,288,582.566666667
96,288,582.583333333
97,288,582.6
98,288,582.616666667
99,288,582.633333333
100,288,582.65
101,288,582.666666667
102,288,582.683333333
103,288,582.7
104,288,582.716666667
105,288,582.733333333
106,288,582.75
107,288,582.766666667
108,288,582.783333333
109,288,582.8
110,288,582.816666667
111,288,582.833333333
112,288,582.85
113,288,582.866666667
114,288,582.883333333
115,288,582.9
116,288,582.916666667
117,288,582.933333333
118,288,582.95
119,288,582.966666667
120,288,582.983333333
1,289,583
2,289,583.016666667
3,289,583.033333333
4,289,583.05
5,289,583.066666667
6,289,583.083333333
7,289,583.1
8,289,583.116666667
9,289,583.133333333
10,289,583.15
11,289,583.166666667
12,289,583.183333333
13,289,583.2
14,289,583.216666667
15,289,583.233333333
16,289,583.25
17,289,583.266666667
18,289,583.283333333
19,289,583.3
20,289,583.316666667
21,289,583.333333333
22,289,583.35
23,289,583.366666667
24,289,583.383333333
25,289,583.4
26,289,583.416666667
27,289,583.433333333
28,289,583.45
29,289,583.466666667
30,289,583.483333333
31,289,583.5
32,289,583.516666667
33,289,583.533333333
34,289,583.55
35,289,583.566666667
36,289,583.583333333
37,289,583.6
38,289,583.616666667
39,289,583.633333333
40,289,583.65
41,289,583.666666667
42,289,583.683333333
43,289,583.7
44,289,583.716666667
45,289,583.733333333
46,289,583.75
47,289,583.766666667
48,289,583.783333333
49,289,583.8
50,289,583.816666667
51,289,583.833333333
52,289,583.85
53,289,583.866666667
54,289,583.883333333
55,289,583.9
56,289,583.916666667
57,289,583.933333333
58,289,583.95
59,289,583.966666667
60,289,583.983333333
61,289,584
62,289,584.016666667
63,289,584.033333333
64,289,584.05
65,289,584.066666667
66,289,584.083333333
67,289,584.1
68,289,584.116666667
69,289,584.133333333
70,289,584.15
71,289,584.166666667
72,289,584.183333333
73,289,584.2
74,289,584.216666667
75,289,584.233333333
76,289,584.25
77,289,584.266666667
78,289,584.283333333
79,289,584.3
80,289,584.316666667
81,289,584.333333333
82,289,584.35
83,289,584.366666667
84,289,584.383333333
85,289,584.4
86,289,584.416666667
87,289,584.433333333
88,289,584.45
89,289,584.466666667
90,289,584.483333333
91,289,584.5
92,289,584.516666667
93,289,584.533333333
94,289,584.55
95,289,584.566666667
96,289,584.583333333
97,289,584.6
98,289,584.616666667
99,289,584.633333333
100,289,584.65
101,289,584.666666667
102,289,584.683333333
103,289,584.7
104,289,584.716666667
105,289,584.733333333
106,289,584.75
107,289,584.766666667
108,289,584.783333333
109,289,584.8
110,289,584.816666667
111,289,584.833333333
112,289,584.85
113,289,584.866666667
114,289,584.883333333
115,289,584.9
116,289,584.916666667
117,289,584.933333333
118,289,584.95
119,289,584.966666667
120,289,584.983333333
1,290,585
2,290,585.016666667
3,290,585.033333333
4,290,585.05
5,290,585.066666667
6,290,585.083333333
7,290,585.1
8,290,585.116666667
9,290,585.133333333
10,290,585.15
11,290,585.166666667
12,290,585.183333333
13,290,585.2
14,290,585.216666667
15,290,585.233333333
16,290,585.25
17,290,585.266666667
18,290,585.283333333
19,290,585.3
20,290,585.316666667
21,290,585.333333333
22,290,585.35
23,290,585.366666667
24,290,585.383333333
25,290,585.4
26,290,585.416666667
27,290,585.433333333
28,290,585.45
29,290,585.466666667
30,290,585.483333333
31,290,585.5
32,290,585.516666667
33,290,585.533333333
34,290,585.55
35,290,585.566666667
36,290,585.583333333
37,290,585.6
38,290,585.616666667
39,290,585.633333333
40,290,585.65
41,290,585.666666667
42,290,585.683333333
43,290,585.7
44,290,585.716666667
45,290,585.733333333
46,290,585.75
47,290,585.766666667
48,290,585.783333333
49,290,585.8
50,290,585.816666667
51,290,585.833333333
52,290,585.85
53,290,585.866666667
54,290,585.883333333
55,290,585.9
56,290,585.916666667
57,290,585.933333333
58,290,585.95
59,290,585.966666667
60,290,585.983333333
61,290,586
62,290,586.016666667
63,290,586.033333333
64,290,586.05
65,290,586.066666667
66,290,586.083333333
67,290,586.1
68,290,586.116666667
69,290,586.133333333
70,290,586.15
71,290,586.166666667
72,290,586.183333333
73,290,586.2
74,290,586.216666667
75,290,586.233333333
76,290,586.25
77,290,586.266666667
78,290,586.283333333
79,290,586.3
80,290,586.316666667
81,290,586.333333333
82,290,586.35
83,290,586.366666667
84,290,586.383333333
85,290,586.4
86,290,586.416666667
87,290,586.433333333
88,290,586.45
89,290,586.466666667
90,290,586.483333333
91,290,586.5
92,290,586.516666667
93,290,586.533333333
94,290,586.55
95,290,586.566666667
96,290,586.583333333
97,290,586.6
98,290,586.616666667
99,290,586.633333333
100,290,586.65
101,290,586.666666667
102,290,586.683333333
103,290,586.7
104,290,586.716666667
105,290,586.733333333
106,290,586.75
107,290,586.766666667
108,290,586.783333333
109,290,586.8
110,290,586.816666667
111,290,586.833333333
112,290,586.85
113,290,586.866666667
114,290,586.883333333
115,290,586.9
116,290,586.916666667
117,290,586.933333333
118,290,586.95
119,290,586.966666667
120,290,586.983333333
1,291,587
2,291,587.016666667
3,291,587.033333333
4,291,587.05
5,291,587.066666667
6,291,587.083333333
7,291,587.1
8,291,587.116666667
9,291,587.133333333
10,291,587.15
11,291,587.166666667
12,291,587.183333333
13,291,587.2
14,291,587.216666667
15,291,587.233333333
16,291,587.25
17,291,587.266666667
18,291,587.283333333
19,291,587.3
20,291,587.316666667
21,291,587.333333333
22,291,587.35
23,291,587.366666667
24,291,587.383333333
25,291,587.4
26,291,587.416666667
27,291,587.433333333
28,291,587.45
29,291,587.466666667
30,291,587.483333333
31,291,587.5
32,291,587.516666667
33,291,587.533333333
34,291,587.55
35,291,587.566666667
36,291,587.583333333
37,291,587.6
38,291,587.616666667
39,291,587.633333333
40,291,587.65
41,291,587.666666667
42,291,587.683333333
43,291,587.7
44,291,587.716666667
45,291,587.733333333
46,291,587.75
47,291,587.766666667
48,291,587.783333333
49,291,587.8
50,291,587.816666667
51,291,587.833333333
52,291,587.85
53,291,587.866666667
54,291,587.883333333
55,291,587.9
56,291,587.916666667
57,291,587.933333333
58,291,587.95
59,291,587.966666667
60,291,587.983333333
61,291,588
62,291,588.016666667
63,291,588.033333333
64,291,588.05
65,291,588.066666667
66,291,588.083333333
67,291,588.1
68,291,588.116666667
69,291,588.133333333
70,291,588.15
71,291,588.166666667
72,291,588.183333333
73,291,588.2
74,291,588.216666667
75,291,588.233333333
76,291,588.25
77,291,588.266666667
78,291,588.283333333
79,291,588.3
80,291,588.316666667
81,291,588.333333333
82,291,588.35
83,291,588.366666667
84,291,588.383333333
85,291,588.4
86,291,588.416666667
87,291,588.433333333
88,291,588.45
89,291,588.466666667
90,291,588.483333333
91,291,588.5
92,291,588.516666667
93,291,588.533333333
94,291,588.55
95,291,588.566666667
96,291,588.583333333
97,291,588.6
98,291,588.616666667
99,291,588.633333333
100,291,588.65
101,291,588.666666667
102,291,588.683333333
103,291,588.7
104,291,588.716666667
105,291,588.733333333
106,291,588.75
107,291,588.766666667
108,291,588.783333333
109,291,588.8
110,291,588.816666667
111,291,588.833333333
112,291,588.85
113,291,588.866666667
114,291,588.883333333
115,291,588.9
116,291,588.916666667
117,291,588.933333333
118,291,588.95
119,291,588.966666667
120,291,588.983333333
1,292,589
2,292,589.016666667
3,292,589.033333333
4,292,589.05
5,292,589.066666667
6,292,589.083333333
7,292,589.1
8,292,589.116666667
9,292,589.133333333
10,292,589.15
11,292,589.166666667
12,292,589.183333333
13,292,589.2
14,292,589.216666667
15,292,589.233333333
16,292,589.25
17,292,589.266666667
18,292,589.283333333
19,292,589.3
20,292,589.316666667
21,292,589.333333333
22,292,589.35
23,292,589.366666667
24,292,589.383333333
25,292,589.4
26,292,589.416666667
27,292,589.433333333
28,292,589.45
29,292,589.466666667
30,292,589.483333333
31,292,589.5
32,292,589.516666667
33,292,589.533333333
34,292,589.55
35,292,589.566666667
36,292,589.583333333
37,292,589.6
38,292,589.616666667
39,292,589.633333333
40,292,589.65
41,292,589.666666667
42,292,589.683333333
43,292,589.7
44,292,589.716666667
45,292,589.733333333
46,292,589.75
47,292,589.766666667
48,292,589.783333333
49,292,589.8
50,292,589.816666667
51,292,589.833333333
52,292,589.85
53,292,589.866666667
54,292,589.883333333
55,292,589.9
56,292,589.916666667
57,292,589.933333333
58,292,589.95
59,292,589.966666667
60,292,589.983333333
61,292,590
62,292,590.016666667
63,292,590.033333333
64,292,590.05
65,292,590.066666667
66,292,590.083333333
67,292,590.1
68,292,590.116666667
69,292,590.133333333
70,292,590.15
71,292,590.166666667
72,292,590.183333333
73,292,590.2
74,292,590.216666667
75,292,590.233333333
76,292,590.25
77,292,590.266666667
78,292,590.283333333
79,292,590.3
80,292,590.316666667
81,292,590.333333333
82,292,590.35
83,292,590.366666667
84,292,590.383333333
85,292,590.4
86,292,590.416666667
87,292,590.433333333
88,292,590.45
89,292,590.466666667
90,292,590.483333333
91,292,590.5
92,292,590.516666667
93,292,590.533333333
94,292,590.55
95,292,590.566666667
96,292,590.583333333
97,292,590.6
98,292,590.616666667
99,292,590.633333333
100,292,590.65
101,292,590.666666667
102,292,590.683333333
103,292,590.7
104,292,590.716666667
105,292,590.733333333
106,292,590.75
107,292,590.766666667
108,292,590.783333333
109,292,590.8
110,292,590.816666667
111,292,590.833333333
112,292,590.85
113,292,590.866666667
114,292,590.883333333
115,292,590.9
116,292,590.916666667
117,292,590.933333333
118,292,590.95
119,292,590.966666667
120,292,590.983333333
1,293,591
2,293,591.016666667
3,293,591.033333333
4,293,591.05
5,293,591.066666667
6,293,591.083333333
7,293,591.1
8,293,591.116666667
9,293,591.133333333
10,293,591.15
11,293,591.166666667
12,293,591.183333333
13,293,591.2
14,293,591.216666667
15,293,591.233333333
16,293,591.25
17,293,591.266666667
18,293,591.283333333
19,293,591.3
20,293,591.316666667
21,293,591.333333333
22,293,591.35
23,293,591.366666667
24,293,591.383333333
25,293,591.4
26,293,591.416666667
27,293,591.433333333
28,293,591.45
29,293,591.466666667
30,293,591.483333333
31,293,591.5
32,293,591.516666667
33,293,591.533333333
34,293,591.55
35,293,591.566666667
36,293,591.583333333
37,293,591.6
38,293,591.616666667
39,293,591.633333333
40,293,591.65
41,293,591.666666667
42,293,591.683333333
43,293,591.7
44,293,591.716666667
45,293,591.733333333
46,293,591.75
47,293,591.766666667
48,293,591.783333333
49,293,591.8
50,293,591.816666667
51,293,591.833333333
52,293,591.85
53,293,591.866666667
54,293,591.883333333
55,293,591.9
56,293,591.916666667
57,293,591.933333333
58,293,591.95
59,293,591.966666667
60,293,591.983333333
61,293,592
62,293,592.016666667
63,293,592.033333333
64,293,592.05
65,293,592.066666667
66,293,592.083333333
67,293,592.1
68,293,592.116666667
69,293,592.133333333
70,293,592.15
71,293,592.166666667
72,293,592.183333333
73,293,592.2
74,293,592.216666667
75,293,592.233333333
76,293,592.25
77,293,592.266666667
78,293,592.283333333
79,293,592.3
80,293,592.316666667
81,293,592.333333333
82,293,592.35
83,293,592.366666667
84,293,592.383333333
85,293,592.4
86,293,592.416666667
87,293,592.433333333
88,293,592.45
89,293,592.466666667
90,293,592.483333333
91,293,592.5
92,293,592.516666667
93,293,592.533333333
94,293,592.55
95,293,592.566666667
96,293,592.583333333
97,293,592.6
98,293,592.616666667
99,293,592.633333333
100,293,592.65
101,293,592.666666667
102,293,592.683333333
103,293,592.7
104,293,592.716666667
105,293,592.733333333
106,293,592.75
107,293,592.766666667
108,293,592.783333333
109,293,592.8
110,293,592.816666667
111,293,592.833333333
112,293,592.85
113,293,592.866666667
114,293,592.883333333
115,293,592.9
116,293,592.916666667
117,293,592.933333333
118,293,592.95
119,293,592.966666667
120,293,592.983333333
1,294,593
2,294,593.016666667
3,294,593.033333333
4,294,593.05
5,294,593.066666667
6,294,593.083333333
7,294,593.1
8,294,593.116666667
9,294,593.133333333
10,294,593.15
11,294,593.166666667
12,294,593.183333333
13,294,593.2
14,294,593.216666667
15,294,593.233333333
16,294,593.25
17,294,593.266666667
18,294,593.283333333
19,294,593.3
20,294,593.316666667
21,294,593.333333333
22,294,593.35
23,294,593.366666667
24,294,593.383333333
25,294,593.4
26,294,593.416666667
27,294,593.433333333
28,294,593.45
29,294,593.466666667
30,294,593.483333333
31,294,593.5
32,294,593.516666667
33,294,593.533333333
34,294,593.55
35,294,593.566666667
36,294,593.583333333
37,294,593.6
38,294,593.616666667
39,294,593.633333333
40,294,593.65
41,294,593.666666667
42,294,593.683333333
43,294,593.7
44,294,593.716666667
45,294,593.733333333
46,294,593.75
47,294,593.766666667
48,294,593.783333333
49,294,593.8
50,294,593.816666667
51,294,593.833333333
52,294,593.85
53,294,593.866666667
54,294,593.883333333
55,294,593.9
56,294,593.916666667
57,294,593.933333333
58,294,593.95
59,294,593.966666667
60,294,593.983333333
61,294,594
62,294,594.016666667
63,294,594.033333333
64,294,594.05
65,294,594.066666667
66,294,594.083333333
67,294,594.1
68,294,594.116666667
69,294,594.133333333
70,294,594.15
71,294,594.166666667
72,294,594.183333333
73,294,594.2
74,294,594.216666667
75,294,594.233333333
76,294,594.25
77,294,594.266666667
78,294,594.283333333
79,294,594.3
80,294,594.316666667
81,294,594.333333333
82,294,594.35
83,294,594.366666667
84,294,594.383333333
85,294,594.4
86,294,594.416666667
87,294,594.433333333
88,294,594.45
89,294,594.466666667
90,294,594.483333333
91,294,594.5
92,294,594.516666667
93,294,594.533333333
94,294,594.55
95,294,594.566666667
96,294,594.583333333
97,294,594.6
98,294,594.616666667
99,294,594.633333333
100,294,594.65
101,294,594.666666667
102,294,594.683333333
103,294,594.7
104,294,594.716666667
105,294,594.733333333
106,294,594.75
107,294,594.766666667
108,294,594.783333333
109,294,594.8
110,294,594.816666667
111,294,594.833333333
112,294,594.85
113,294,594.866666667
114,294,594.883333333
115,294,594.9
116,294,594.916666667
117,294,594.933333333
118,294,594.95
119,294,594.966666667
120,294,594.983333333
1,295,595
2,295,595.016666667
3,295,595.033333333
4,295,595.05
5,295,595.066666667
6,295,595.083333333
7,295,595.1
8,295,595.116666667
9,295,595.133333333
10,295,595.15
11,295,595.166666667
12,295,595.183333333
13,295,595.2
14,295,595.216666667
15,295,595.233333333
16,295,595.25
17,295,595.266666667
18,295,595.283333333
19,295,595.3
20,295,595.316666667
21,295,595.333333333
22,295,595.35
23,295,595.366666667
24,295,595.383333333
25,295,595.4
26,295,595.416666667
27,295,595.433333333
28,295,595.45
29,295,595.466666667
30,295,595.483333333
31,295,595.5
32,295,595.516666667
33,295,595.533333333
34,295,595.55
35,295,595.566666667
36,295,595.583333333
37,295,595.6
38,295,595.616666667
39,295,595.633333333
40,295,595.65
41,295,595.666666667
42,295,595.683333333
43,295,595.7
44,295,595.716666667
45,295,595.733333333
46,295,595.75
47,295,595.766666667
48,295,595.783333333
49,295,595.8
50,295,595.816666667
51,295,595.833333333
52,295,595.85
53,295,595.866666667
54,295,595.883333333
55,295,595.9
56,295,595.916666667
57,295,595.933333333
58,295,595.95
59,295,595.966666667
60,295,595.983333333
61,295,596
62,295,596.016666667
63,295,596.033333333
64,295,596.05
65,295,596.066666667
66,295,596.083333333
67,295,596.1
68,295,596.116666667
69,295,596.133333333
70,295,596.15
71,295,596.166666667
72,295,596.183333333
73,295,596.2
74,295,596.216666667
75,295,596.233333333
76,295,596.25
77,295,596.266666667
78,295,596.283333333
79,295,596.3
80,295,596.316666667
81,295,596.333333333
82,295,596.35
83,295,596.366666667
84,295,596.383333333
85,295,596.4
86,295,596.416666667
87,295,596.433333333
88,295,596.45
89,295,596.466666667
90,295,596.483333333
91,295,596.5
92,295,596.516666667
93,295,596.533333333
94,295,596.55
95,295,596.566666667
96,295,596.583333333
97,295,596.6
98,295,596.616666667
99,295,596.633333333
100,295,596.65
101,295,596.666666667
102,295,596.683333333
103,295,596.7
104,295,596.716666667
105,295,596.733333333
106,295,596.75
107,295,596.766666667
108,295,596.783333333
109,295,596.8
110,295,596.816666667
111,295,596.833333333
112,295,596.85
113,295,596.866666667
114,295,596.883333333
115,295,596.9
116,295,596.916666667
117,295,596.933333333
118,295,596.95
119,295,596.966666667
120,295,596.983333333
1,296,597
2,296,597.016666667
3,296,597.033333333
4,296,597.05
5,296,597.066666667
6,296,597.083333333
7,296,597.1
8,296,597.116666667
9,296,597.133333333
10,296,597.15
11,296,597.166666667
12,296,597.183333333
13,296,597.2
14,296,597.216666667
15,296,597.233333333
16,296,597.25
17,296,597.266666667
18,296,597.283333333
19,296,597.3
20,296,597.316666667
21,296,597.333333333
22,296,597.35
23,296,597.366666667
24,296,597.383333333
25,296,597.4
26,296,597.416666667
27,296,597.433333333
28,296,597.45
29,296,597.466666667
30,296,597.483333333
31,296,597.5
32,296,597.516666667
33,296,597.533333333
34,296,597.55
35,296,597.566666667
36,296,597.583333333
37,296,597.6
38,296,597.616666667
39,296,597.633333333
40,296,597.65
41,296,597.666666667
42,296,597.683333333
43,296,597.7
44,296,597.716666667
45,296,597.733333333
46,296,597.75
47,296,597.766666667
48,296,597.783333333
49,296,597.8
50,296,597.816666667
51,296,597.833333333
52,296,597.85
53,296,597.866666667
54,296,597.883333333
55,296,597.9
56,296,597.916666667
57,296,597.933333333
58,296,597.95
59,296,597.966666667
60,296,597.983333333
61,296,598
62,296,598.016666667
63,296,598.033333333
64,296,598.05
65,296,598.066666667
66,296,598.083333333
67,296,598.1
68,296,598.116666667
69,296,598.133333333
70,296,598.15
71,296,598.166666667
72,296,598.183333333
73,296,598.2
74,296,598.216666667
75,296,598.233333333
76,296,598.25
77,296,598.266666667
78,296,598.283333333
79,296,598.3
80,296,598.316666667
81,296,598.333333333
82,296,598.35
83,296,598.366666667
84,296,598.383333333
85,296,598.4
86,296,598.416666667
87,296,598.433333333
88,296,598.45
89,296,598.466666667
90,296,598.483333333
91,296,598.5
92,296,598.516666667
93,296,598.533333333
94,296,598.55
95,296,598.566666667
96,296,598.583333333
97,296,598.6
98,296,598.616666667
99,296,598.633333333
100,296,598.65
101,296,598.666666667
102,296,598.683333333
103,296,598.7
104,296,598.716666667
105,296,598.733333333
106,296,598.75
107,296,598.766666667
108,296,598.783333333
109,296,598.8
110,296,598.816666667
111,296,598.833333333
112,296,598.85
113,296,598.866666667
114,296,598.883333333
115,296,598.9
116,296,598.916666667
117,296,598.933333333
118,296,598.95
119,296,598.966666667
120,296,598.983333333
1,297,599
2,297,599.016666667
3,297,599.033333333
4,297,599.05
5,297,599.066666667
6,297,599.083333333
7,297,599.1
8,297,599.116666667
9,297,599.133333333
10,297,599.15
11,297,599.166666667
12,297,599.183333333
13,297,599.2
14,297,599.216666667
15,297,599.233333333
16,297,599.25
17,297,599.266666667
18,297,599.283333333
19,297,599.3
20,297,599.316666667
21,297,599.333333333
22,297,599.35
23,297,599.366666667
24,297,599.383333333
25,297,599.4
26,297,599.416666667
27,297,599.433333333
28,297,599.45
29,297,599.466666667
30,297,599.483333333
31,297,599.5
32,297,599.516666667
33,297,599.533333333
34,297,599.55
35,297,599.566666667
36,297,599.583333333
37,297,599.6
38,297,599.616666667
39,297,599.633333333
40,297,599.65
41,297,599.666666667
42,297,599.683333333
43,297,599.7
44,297,599.716666667
45,297,599.733333333
46,297,599.75
47,297,599.766666667
48,297,599.783333333
49,297,599.8
50,297,599.816666667
51,297,599.833333333
52,297,599.85
53,297,599.866666667
54,297,599.883333333
55,297,599.9
56,297,599.916666667
57,297,599.933333333
58,297,599.95
59,297,599.966666667
60,297,599.983333333
61,297,600
62,297,600.016666667
63,297,600.033333333
64,297,600.05
65,297,600.066666667
66,297,600.083333333
67,297,600.1
68,297,600.116666667
69,297,600.133333333
70,297,600.15
71,297,600.166666667
72,297,600.183333333
73,297,600.2
74,297,600.216666667
75,297,600.233333333
76,297,600.25
77,297,600.266666667
78,297,600.283333333
79,297,600.3
80,297,600.316666667
81,297,600.333333333
82,297,600.35
83,297,600.366666667
84,297,600.383333333
85,297,600.4
86,297,600.416666667
87,297,600.433333333
88,297,600.45
89,297,600.466666667
90,297,600.483333333
91,297,600.5
92,297,600.516666667
93,297,600.533333333
94,297,600.55
95,297,600.566666667
96,297,600.583333333
97,297,600.6
98,297,600.616666667
99,297,600.633333333
100,297,600.65
101,297,600.666666667
102,297,600.683333333
103,297,600.7
104,297,600.716666667
105,297,600.733333333
106,297,600.75
107,297,600.766666667
108,297,600.783333333
109,297,600.8
110,297,600.816666667
111,297,600.833333333
112,297,600.85
113,297,600.866666667
114,297,600.883333333
115,297,600.9
116,297,600.916666667
117,297,600.933333333
118,297,600.95
119,297,600.966666667
120,297,600.983333333
1,298,601
2,298,601.016666667
3,298,601.033333333
4,298,601.05
5,298,601.066666667
6,298,601.083333333
7,298,601.1
8,298,601.116666667
9,298,601.133333333
10,298,601.15
11,298,601.166666667
12,298,601.183333333
13,298,601.2
14,298,601.216666667
15,298,601.233333333
16,298,601.25
17,298,601.266666667
18,298,601.283333333
19,298,601.3
20,298,601.316666667
21,298,601.333333333
22,298,601.35
23,298,601.366666667
24,298,601.383333333
25,298,601.4
26,298,601.416666667
27,298,601.433333333
28,298,601.45
29,298,601.466666667
30,298,601.483333333
31,298,601.5
32,298,601.516666667
33,298,601.533333333
34,298,601.55
35,298,601.566666667
36,298,601.583333333
37,298,601.6
38,298,601.616666667
39,298,601.633333333
40,298,601.65
41,298,601.666666667
42,298,601.683333333
43,298,601.7
44,298,601.716666667
45,298,601.733333333
46,298,601.75
47,298,601.766666667
48,298,601.783333333
49,298,601.8
50,298,601.816666667
51,298,601.833333333
52,298,601.85
53,298,601.866666667
54,298,601.883333333
55,298,601.9
56,298,601.916666667
57,298,601.933333333
58,298,601.95
59,298,601.966666667
60,298,601.983333333
61,298,602
62,298,602.016666667
63,298,602.033333333
64,298,602.05
65,298,602.066666667
66,298,602.083333333
67,298,602.1
68,298,602.116666667
69,298,602.133333333
70,298,602.15
71,298,602.166666667
72,298,602.183333333
73,298,602.2
74,298,602.216666667
75,298,602.233333333
76,298,602.25
77,298,602.266666667
78,298,602.283333333
79,298,602.3
80,298,602.316666667
81,298,602.333333333
82,298,602.35
83,298,602.366666667
84,298,602.383333333
85,298,602.4
86,298,602.416666667
87,298,602.433333333
88,298,602.45
89,298,602.466666667
90,298,602.483333333
91,298,602.5
92,298,602.516666667
93,298,602.533333333
94,298,602.55
95,298,602.566666667
96,298,602.583333333
97,298,602.6
98,298,602.616666667
99,298,602.633333333
100,298,602.65
101,298,602.666666667
102,298,602.683333333
103,298,602.7
104,298,602.716666667
105,298,602.733333333
106,298,602.75
107,298,602.766666667
108,298,602.783333333
109,298,602.8
110,298,602.816666667
111,298,602.833333333
112,298,602.85
113,298,602.866666667
114,298,602.883333333
115,298,602.9
116,298,602.916666667
117,298,602.933333333
118,298,602.95
119,298,602.966666667
120,298,602.983333333
1,299,603
2,299,603.016666667
3,299,603.033333333
4,299,603.05
5,299,603.066666667
6,299,603.083333333
7,299,603.1
8,299,603.116666667
9,299,603.133333333
10,299,603.15
11,299,603.166666667
12,299,603.183333333
13,299,603.2
14,299,603.216666667
15,299,603.233333333
16,299,603.25
17,299,603.266666667
18,299,603.283333333
19,299,603.3
20,299,603.316666667
21,299,603.333333333
22,299,603.35
23,299,603.366666667
24,299,603.383333333
25,299,603.4
26,299,603.416666667
27,299,603.433333333
28,299,603.45
29,299,603.466666667
30,299,603.483333333
31,299,603.5
32,299,603.516666667
33,299,603.533333333
34,299,603.55
35,299,603.566666667
36,299,603.583333333
37,299,603.6
38,299,603.616666667
39,299,603.633333333
40,299,603.65
41,299,603.666666667
42,299,603.683333333
43,299,603.7
44,299,603.716666667
45,299,603.733333333
46,299,603.75
47,299,603.766666667
48,299,603.783333333
49,299,603.8
50,299,603.816666667
51,299,603.833333333
52,299,603.85
53,299,603.866666667
54,299,603.883333333
55,299,603.9
56,299,603.916666667
57,299,603.933333333
58,299,603.95
59,299,603.966666667
60,299,603.983333333
61,299,604
62,299,604.016666667
63,299,604.033333333
64,299,604.05
65,299,604.066666667
66,299,604.083333333
67,299,604.1
68,299,604.116666667
69,299,604.133333333
70,299,604.15
71,299,604.166666667
72,299,604.183333333
73,299,604.2
74,299,604.216666667
75,299,604.233333333
76,299,604.25
77,299,604.266666667
78,299,604.283333333
79,299,604.3
80,299,604.316666667
81,299,604.333333333
82,299,604.35
83,299,604.366666667
84,299,604.383333333
85,299,604.4
86,299,604.416666667
87,299,604.433333333
88,299,604.45
89,299,604.466666667
90,299,604.483333333
91,299,604.5
92,299,604.516666667
93,299,604.533333333
94,299,604.55
95,299,604.566666667
96,299,604.583333333
97,299,604.6
98,299,604.616666667
99,299,604.633333333
100,299,604.65
101,299,604.666666667
102,299,604.683333333
103,299,604.7
104,299,604.716666667
105,299,604.733333333
106,299,604.75
107,299,604.766666667
108,299,604.783333333
109,299,604.8
110,299,604.816666667
111,299,604.833333333
112,299,604.85
113,299,604.866666667
114,299,604.883333333
115,299,604.9
116,299,604.916666667
117,299,604.933333333
118,299,604.95
119,299,604.966666667
120,299,604.983333333
1,300,605
2,300,605.016666667
3,300,605.033333333
4,300,605.05
5,300,605.066666667
6,300,605.083333333
7,300,605.1
8,300,605.116666667
9,300,605.133333333
10,300,605.15
11,300,605.166666667
12,300,605.183333333
13,300,605.2
14,300,605.216666667
15,300,605.233333333
16,300,605.25
17,300,605.266666667
18,300,605.283333333
19,300,605.3
20,300,605.316666667
21,300,605.333333333
22,300,605.35
23,300,605.366666667
24,300,605.383333333
25,300,605.4
26,300,605.416666667
27,300,605.433333333
28,300,605.45
29,300,605.466666667
30,300,605.483333333
31,300,605.5
32,300,605.516666667
33,300,605.533333333
34,300,605.55
35,300,605.566666667
36,300,605.583333333
37,300,605.6
38,300,605.616666667
39,300,605.633333333
40,300,605.65
41,300,605.666666667
42,300,605.683333333
43,300,605.7
44,300,605.716666667
45,300,605.733333333
46,300,605.75
47,300,605.766666667
48,300,605.783333333
49,300,605.8
50,300,605.816666667
51,300,605.833333333
52,300,605.85
53,300,605.866666667
54,300,605.883333333
55,300,605.9
56,300,605.916666667
57,300,605.933333333
58,300,605.95
59,300,605.966666667
60,300,605.983333333
61,300,606
62,300,606.016666667
63,300,606.033333333
64,300,606.05
65,300,606.066666667
66,300,606.083333333
67,300,606.1
68,300,606.116666667
69,300,606.133333333
70,300,606.15
71,300,606.166666667
72,300,606.183333333
73,300,606.2
74,300,606.216666667
75,300,606.233333333
76,300,606.25
77,300,606.266666667
78,300,606.283333333
79,300,606.3
80,300,606.316666667
81,300,606.333333333
82,300,606.35
83,300,606.366666667
84,300,606.383333333
85,300,606.4
86,300,606.416666667
87,300,606.433333333
88,300,606.45
89,300,606.466666667
90,300,606.483333333
91,300,606.5
92,300,606.516666667
93,300,606.533333333
94,300,606.55
95,300,606.566666667
96,300,606.583333333
97,300,606.6
98,300,606.616666667
99,300,606.633333333
100,300,606.65
101,300,606.666666667
102,300,606.683333333
103,300,606.7
104,300,606.716666667
105,300,606.733333333
106,300,606.75
107,300,606.766666667
108,300,606.783333333
109,300,606.8
110,300,606.816666667
111,300,606.833333333
112,300,606.85
113,300,606.866666667
114,300,606.883333333
115,300,606.9
116,300,606.916666667
117,300,606.933333333
118,300,606.95
119,300,606.966666667
120,300,606.983333333
1,301,607
2,301,607.016666667
3,301,607.033333333
4,301,607.05
5,301,607.066666667
6,301,607.083333333
7,301,607.1
8,301,607.116666667
9,301,607.133333333
10,301,607.15
11,301,607.166666667
12,301,607.183333333
13,301,607.2
14,301,607.216666667
15,301,607.233333333
16,301,607.25
17,301,607.266666667
18,301,607.283333333
19,301,607.3
20,301,607.316666667
21,301,607.333333333
22,301,607.35
23,301,607.366666667
24,301,607.383333333
25,301,607.4
26,301,607.416666667
27,301,607.433333333
28,301,607.45
29,301,607.466666667
30,301,607.483333333
31,301,607.5
32,301,607.516666667
33,301,607.533333333
34,301,607.55
35,301,607.566666667
36,301,607.583333333
37,301,607.6
38,301,607.616666667
39,301,607.633333333
40,301,607.65
41,301,607.666666667
42,301,607.683333333
43,301,607.7
44,301,607.716666667
45,301,607.733333333
46,301,607.75
47,301,607.766666667
48,301,607.783333333
49,301,607.8
50,301,607.816666667
51,301,607.833333333
52,301,607.85
53,301,607.866666667
54,301,607.883333333
55,301,607.9
56,301,607.916666667
57,301,607.933333333
58,301,607.95
59,301,607.966666667
60,301,607.983333333
61,301,608
62,301,608.016666667
63,301,608.033333333
64,301,608.05
65,301,608.066666667
66,301,608.083333333
67,301,608.1
68,301,608.116666667
69,301,608.133333333
70,301,608.15
71,301,608.166666667
72,301,608.183333333
73,301,608.2
74,301,608.216666667
75,301,608.233333333
76,301,608.25
77,301,608.266666667
78,301,608.283333333
79,301,608.3
80,301,608.316666667
81,301,608.333333333
82,301,608.35
83,301,608.366666667
84,301,608.383333333
85,301,608.4
86,301,608.416666667
87,301,608.433333333
88,301,608.45
89,301,608.466666667
90,301,608.483333333
91,301,608.5
92,301,608.516666667
93,301,608.533333333
94,301,608.55
95,301,608.566666667
96,301,608.583333333
97,301,608.6
98,301,608.616666667
99,301,608.633333333
100,301,608.65
101,301,608.666666667
102,301,608.683333333
103,301,608.7
104,301,608.716666667
105,301,608.733333333
106,301,608.75
107,301,608.766666667
108,301,608.783333333
109,301,608.8
110,301,608.816666667
111,301,608.833333333
112,301,608.85
113,301,608.866666667
114,301,608.883333333
115,301,608.9
116,301,608.916666667
117,301,608.933333333
118,301,608.95
119,301,608.966666667
120,301,608.983333333
1,302,609
2,302,609.016666667
3,302,609.033333333
4,302,609.05
5,302,609.066666667
6,302,609.083333333
7,302,609.1
8,302,609.116666667
9,302,609.133333333
10,302,609.15
11,302,609.166666667
12,302,609.183333333
13,302,609.2
14,302,609.216666667
15,302,609.233333333
16,302,609.25
17,302,609.266666667
18,302,609.283333333
19,302,609.3
20,302,609.316666667
21,302,609.333333333
22,302,609.35
23,302,609.366666667
24,302,609.383333333
25,302,609.4
26,302,609.416666667
27,302,609.433333333
28,302,609.45
29,302,609.466666667
30,302,609.483333333
31,302,609.5
32,302,609.516666667
33,302,609.533333333
34,302,609.55
35,302,609.566666667
36,302,609.583333333
37,302,609.6
38,302,609.616666667
39,302,609.633333333
40,302,609.65
41,302,609.666666667
42,302,609.683333333
43,302,609.7
44,302,609.716666667
45,302,609.733333333
46,302,609.75
47,302,609.766666667
48,302,609.783333333
49,302,609.8
50,302,609.816666667
51,302,609.833333333
52,302,609.85
53,302,609.866666667
54,302,609.883333333
55,302,609.9
56,302,609.916666667
57,302,609.933333333
58,302,609.95
59,302,609.966666667
60,302,609.983333333
61,302,610
62,302,610.016666667
63,302,610.033333333
64,302,610.05
65,302,610.066666667
66,302,610.083333333
67,302,610.1
68,302,610.116666667
69,302,610.133333333
70,302,610.15
71,302,610.166666667
72,302,610.183333333
73,302,610.2
74,302,610.216666667
75,302,610.233333333
76,302,610.25
77,302,610.266666667
78,302,610.283333333
79,302,610.3
80,302,610.316666667
81,302,610.333333333
82,302,610.35
83,302,610.366666667
84,302,610.383333333
85,302,610.4
86,302,610.416666667
87,302,610.433333333
88,302,610.45
89,302,610.466666667
90,302,610.483333333
91,302,610.5
92,302,610.516666667
93,302,610.533333333
94,302,610.55
95,302,610.566666667
96,302,610.583333333
97,302,610.6
98,302,610.616666667
99,302,610.633333333
100,302,610.65
101,302,610.666666667
102,302,610.683333333
103,302,610.7
104,302,610.716666667
105,302,610.733333333
106,302,610.75
107,302,610.766666667
108,302,610.783333333
109,302,610.8
110,302,610.816666667
111,302,610.833333333
112,302,610.85
113,302,610.866666667
114,302,610.883333333
115,302,610.9
116,302,610.916666667
117,302,610.933333333
118,302,610.95
119,302,610.966666667
120,302,610.983333333
1,303,611
2,303,611.016666667
3,303,611.033333333
4,303,611.05
5,303,611.066666667
6,303,611.083333333
7,303,611.1
8,303,611.116666667
9,303,611.133333333
10,303,611.15
11,303,611.166666667
12,303,611.183333333
13,303,611.2
14,303,611.216666667
15,303,611.233333333
16,303,611.25
17,303,611.266666667
18,303,611.283333333
19,303,611.3
20,303,611.316666667
21,303,611.333333333
22,303,611.35
23,303,611.366666667
24,303,611.383333333
25,303,611.4
26,303,611.416666667
27,303,611.433333333
28,303,611.45
29,303,611.466666667
30,303,611.483333333
31,303,611.5
32,303,611.516666667
33,303,611.533333333
34,303,611.55
35,303,611.566666667
36,303,611.583333333
37,303,611.6
38,303,611.616666667
39,303,611.633333333
40,303,611.65
41,303,611.666666667
42,303,611.683333333
43,303,611.7
44,303,611.716666667
45,303,611.733333333
46,303,611.75
47,303,611.766666667
48,303,611.783333333
49,303,611.8
50,303,611.816666667
51,303,611.833333333
52,303,611.85
53,303,611.866666667
54,303,611.883333333
55,303,611.9
56,303,611.916666667
57,303,611.933333333
58,303,611.95
59,303,611.966666667
60,303,611.983333333
61,303,612
62,303,612.016666667
63,303,612.033333333
64,303,612.05
65,303,612.066666667
66,303,612.083333333
67,303,612.1
68,303,612.116666667
69,303,612.133333333
70,303,612.15
71,303,612.166666667
72,303,612.183333333
73,303,612.2
74,303,612.216666667
75,303,612.233333333
76,303,612.25
77,303,612.266666667
78,303,612.283333333
79,303,612.3
80,303,612.316666667
81,303,612.333333333
82,303,612.35
83,303,612.366666667
84,303,612.383333333
85,303,612.4
86,303,612.416666667
87,303,612.433333333
88,303,612.45
89,303,612.466666667
90,303,612.483333333
91,303,612.5
92,303,612.516666667
93,303,612.533333333
94,303,612.55
95,303,612.566666667
96,303,612.583333333
97,303,612.6
98,303,612.616666667
99,303,612.633333333
100,303,612.65
101,303,612.666666667
102,303,612.683333333
103,303,612.7
104,303,612.716666667
105,303,612.733333333
106,303,612.75
107,303,612.766666667
108,303,612.783333333
109,303,612.8
110,303,612.816666667
111,303,612.833333333
112,303,612.85
113,303,612.866666667
114,303,612.883333333
115,303,612.9
116,303,612.916666667
117,303,612.933333333
118,303,612.95
119,303,612.966666667
120,303,612.983333333
1,304,613
2,304,613.016666667
3,304,613.033333333
4,304,613.05
5,304,613.066666667
6,304,613.083333333
7,304,613.1
8,304,613.116666667
9,304,613.133333333
10,304,613.15
11,304,613.166666667
12,304,613.183333333
13,304,613.2
14,304,613.216666667
15,304,613.233333333
16,304,613.25
17,304,613.266666667
18,304,613.283333333
19,304,613.3
20,304,613.316666667
21,304,613.333333333
22,304,613.35
23,304,613.366666667
24,304,613.383333333
25,304,613.4
26,304,613.416666667
27,304,613.433333333
28,304,613.45
29,304,613.466666667
30,304,613.483333333
31,304,613.5
32,304,613.516666667
33,304,613.533333333
34,304,613.55
35,304,613.566666667
36,304,613.583333333
37,304,613.6
38,304,613.616666667
39,304,613.633333333
40,304,613.65
41,304,613.666666667
42,304,613.683333333
43,304,613.7
44,304,613.716666667
45,304,613.733333333
46,304,613.75
47,304,613.766666667
48,304,613.783333333
49,304,613.8
50,304,613.816666667
51,304,613.833333333
52,304,613.85
53,304,613.866666667
54,304,613.883333333
55,304,613.9
56,304,613.916666667
57,304,613.933333333
58,304,613.95
59,304,613.966666667
60,304,613.983333333
61,304,614
62,304,614.016666667
63,304,614.033333333
64,304,614.05
65,304,614.066666667
66,304,614.083333333
67,304,614.1
68,304,614.116666667
69,304,614.133333333
70,304,614.15
71,304,614.166666667
72,304,614.183333333
73,304,614.2
74,304,614.216666667
75,304,614.233333333
76,304,614.25
77,304,614.266666667
78,304,614.283333333
79,304,614.3
80,304,614.316666667
81,304,614.333333333
82,304,614.35
83,304,614.366666667
84,304,614.383333333
85,304,614.4
86,304,614.416666667
87,304,614.433333333
88,304,614.45
89,304,614.466666667
90,304,614.483333333
91,304,614.5
92,304,614.516666667
93,304,614.533333333
94,304,614.55
95,304,614.566666667
96,304,614.583333333
97,304,614.6
98,304,614.616666667
99,304,614.633333333
100,304,614.65
101,304,614.666666667
102,304,614.683333333
103,304,614.7
104,304,614.716666667
105,304,614.733333333
106,304,614.75
107,304,614.766666667
108,304,614.783333333
109,304,614.8
110,304,614.816666667
111,304,614.833333333
112,304,614.85
113,304,614.866666667
114,304,614.883333333
115,304,614.9
116,304,614.916666667
117,304,614.933333333
118,304,614.95
119,304,614.966666667
120,304,614.983333333
1,305,615
2,305,615.016666667
3,305,615.033333333
4,305,615.05
5,305,615.066666667
6,305,615.083333333
7,305,615.1
8,305,615.116666667
9,305,615.133333333
10,305,615.15
11,305,615.166666667
12,305,615.183333333
13,305,615.2
14,305,615.216666667
15,305,615.233333333
16,305,615.25
17,305,615.266666667
18,305,615.283333333
19,305,615.3
20,305,615.316666667
21,305,615.333333333
22,305,615.35
23,305,615.366666667
24,305,615.383333333
25,305,615.4
26,305,615.416666667
27,305,615.433333333
28,305,615.45
29,305,615.466666667
30,305,615.483333333
31,305,615.5
32,305,615.516666667
33,305,615.533333333
34,305,615.55
35,305,615.566666667
36,305,615.583333333
37,305,615.6
38,305,615.616666667
39,305,615.633333333
40,305,615.65
41,305,615.666666667
42,305,615.683333333
43,305,615.7
44,305,615.716666667
45,305,615.733333333
46,305,615.75
47,305,615.766666667
48,305,615.783333333
49,305,615.8
50,305,615.816666667
51,305,615.833333333
52,305,615.85
53,305,615.866666667
54,305,615.883333333
55,305,615.9
56,305,615.916666667
57,305,615.933333333
58,305,615.95
59,305,615.966666667
60,305,615.983333333
61,305,616
62,305,616.016666667
63,305,616.033333333
64,305,616.05
65,305,616.066666667
66,305,616.083333333
67,305,616.1
68,305,616.116666667
69,305,616.133333333
70,305,616.15
71,305,616.166666667
72,305,616.183333333
73,305,616.2
74,305,616.216666667
75,305,616.233333333
76,305,616.25
77,305,616.266666667
78,305,616.283333333
79,305,616.3
80,305,616.316666667
81,305,616.333333333
82,305,616.35
83,305,616.366666667
84,305,616.383333333
85,305,616.4
86,305,616.416666667
87,305,616.433333333
88,305,616.45
89,305,616.466666667
90,305,616.483333333
91,305,616.5
92,305,616.516666667
93,305,616.533333333
94,305,616.55
95,305,616.566666667
96,305,616.583333333
97,305,616.6
98,305,616.616666667
99,305,616.633333333
100,305,616.65
101,305,616.666666667
102,305,616.683333333
103,305,616.7
104,305,616.716666667
105,305,616.733333333
106,305,616.75
107,305,616.766666667
108,305,616.783333333
109,305,616.8
110,305,616.816666667
111,305,616.833333333
112,305,616.85
113,305,616.866666667
114,305,616.883333333
115,305,616.9
116,305,616.916666667
117,305,616.933333333
118,305,616.95
119,305,616.966666667
120,305,616.983333333
1,306,617
2,306,617.016666667
3,306,617.033333333
4,306,617.05
5,306,617.066666667
6,306,617.083333333
7,306,617.1
8,306,617.116666667
9,306,617.133333333
10,306,617.15
11,306,617.166666667
12,306,617.183333333
13,306,617.2
14,306,617.216666667
15,306,617.233333333
16,306,617.25
17,306,617.266666667
18,306,617.283333333
19,306,617.3
20,306,617.316666667
21,306,617.333333333
22,306,617.35
23,306,617.366666667
24,306,617.383333333
25,306,617.4
26,306,617.416666667
27,306,617.433333333
28,306,617.45
29,306,617.466666667
30,306,617.483333333
31,306,617.5
32,306,617.516666667
33,306,617.533333333
34,306,617.55
35,306,617.566666667
36,306,617.583333333
37,306,617.6
38,306,617.616666667
39,306,617.633333333
40,306,617.65
41,306,617.666666667
42,306,617.683333333
43,306,617.7
44,306,617.716666667
45,306,617.733333333
46,306,617.75
47,306,617.766666667
48,306,617.783333333
49,306,617.8
50,306,617.816666667
51,306,617.833333333
52,306,617.85
53,306,617.866666667
54,306,617.883333333
55,306,617.9
56,306,617.916666667
57,306,617.933333333
58,306,617.95
59,306,617.966666667
60,306,617.983333333
61,306,618
62,306,618.016666667
63,306,618.033333333
64,306,618.05
65,306,618.066666667
66,306,618.083333333
67,306,618.1
68,306,618.116666667
69,306,618.133333333
70,306,618.15
71,306,618.166666667
72,306,618.183333333
73,306,618.2
74,306,618.216666667
75,306,618.233333333
76,306,618.25
77,306,618.266666667
78,306,618.283333333
79,306,618.3
80,306,618.316666667
81,306,618.333333333
82,306,618.35
83,306,618.366666667
84,306,618.383333333
85,306,618.4
86,306,618.416666667
87,306,618.433333333
88,306,618.45
89,306,618.466666667
90,306,618.483333333
91,306,618.5
92,306,618.516666667
93,306,618.533333333
94,306,618.55
95,306,618.566666667
96,306,618.583333333
97,306,618.6
98,306,618.616666667
99,306,618.633333333
100,306,618.65
101,306,618.666666667
102,306,618.683333333
103,306,618.7
104,306,618.716666667
105,306,618.733333333
106,306,618.75
107,306,618.766666667
108,306,618.783333333
109,306,618.8
110,306,618.816666667
111,306,618.833333333
112,306,618.85
113,306,618.866666667
114,306,618.883333333
115,306,618.9
116,306,618.916666667
117,306,618.933333333
118,306,618.95
119,306,618.966666667
120,306,618.983333333
1,307,619
2,307,619.016666667
3,307,619.033333333
4,307,619.05
5,307,619.066666667
6,307,619.083333333
7,307,619.1
8,307,619.116666667
9,307,619.133333333
10,307,619.15
11,307,619.166666667
12,307,619.183333333
13,307,619.2
14,307,619.216666667
15,307,619.233333333
16,307,619.25
17,307,619.266666667
18,307,619.283333333
19,307,619.3
20,307,619.316666667
21,307,619.333333333
22,307,619.35
23,307,619.366666667
24,307,619.383333333
25,307,619.4
26,307,619.416666667
27,307,619.433333333
28,307,619.45
29,307,619.466666667
30,307,619.483333333
31,307,619.5
32,307,619.516666667
33,307,619.533333333
34,307,619.55
35,307,619.566666667
36,307,619.583333333
37,307,619.6
38,307,619.616666667
39,307,619.633333333
40,307,619.65
41,307,619.666666667
42,307,619.683333333
43,307,619.7
44,307,619.716666667
45,307,619.733333333
46,307,619.75
47,307,619.766666667
48,307,619.783333333
49,307,619.8
50,307,619.816666667
51,307,619.833333333
52,307,619.85
53,307,619.866666667
54,307,619.883333333
55,307,619.9
56,307,619.916666667
57,307,619.933333333
58,307,619.95
59,307,619.966666667
60,307,619.983333333
61,307,620
62,307,620.016666667
63,307,620.033333333
64,307,620.05
65,307,620.066666667
66,307,620.083333333
67,307,620.1
68,307,620.116666667
69,307,620.133333333
70,307,620.15
71,307,620.166666667
72,307,620.183333333
73,307,620.2
74,307,620.216666667
75,307,620.233333333
76,307,620.25
77,307,620.266666667
78,307,620.283333333
79,307,620.3
80,307,620.316666667
81,307,620.333333333
82,307,620.35
83,307,620.366666667
84,307,620.383333333
85,307,620.4
86,307,620.416666667
87,307,620.433333333
88,307,620.45
89,307,620.466666667
90,307,620.483333333
91,307,620.5
92,307,620.516666667
93,307,620.533333333
94,307,620.55
95,307,620.566666667
96,307,620.583333333
97,307,620.6
98,307,620.616666667
99,307,620.633333333
100,307,620.65
101,307,620.666666667
102,307,620.683333333
103,307,620.7
104,307,620.716666667
105,307,620.733333333
106,307,620.75
107,307,620.766666667
108,307,620.783333333
109,307,620.8
110,307,620.816666667
111,307,620.833333333
112,307,620.85
113,307,620.866666667
114,307,620.883333333
115,307,620.9
116,307,620.916666667
117,307,620.933333333
118,307,620.95
119,307,620.966666667
120,307,620.983333333
1,308,621
2,308,621.016666667
3,308,621.033333333
4,308,621.05
5,308,621.066666667
6,308,621.083333333
7,308,621.1
8,308,621.116666667
9,308,621.133333333
10,308,621.15
11,308,621.166666667
12,308,621.183333333
13,308,621.2
14,308,621.216666667
15,308,621.233333333
16,308,621.25
17,308,621.266666667
18,308,621.283333333
19,308,621.3
20,308,621.316666667
21,308,621.333333333
22,308,621.35
23,308,621.366666667
24,308,621.383333333
25,308,621.4
26,308,621.416666667
27,308,621.433333333
28,308,621.45
29,308,621.466666667
30,308,621.483333333
31,308,621.5
32,308,621.516666667
33,308,621.533333333
34,308,621.55
35,308,621.566666667
36,308,621.583333333
37,308,621.6
38,308,621.616666667
39,308,621.633333333
40,308,621.65
41,308,621.666666667
42,308,621.683333333
43,308,621.7
44,308,621.716666667
45,308,621.733333333
46,308,621.75
47,308,621.766666667
48,308,621.783333333
49,308,621.8
50,308,621.816666667
51,308,621.833333333
52,308,621.85
53,308,621.866666667
54,308,621.883333333
55,308,621.9
56,308,621.916666667
57,308,621.933333333
58,308,621.95
59,308,621.966666667
60,308,621.983333333
61,308,622
62,308,622.016666667
63,308,622.033333333
64,308,622.05
65,308,622.066666667
66,308,622.083333333
67,308,622.1
68,308,622.116666667
69,308,622.133333333
70,308,622.15
71,308,622.166666667
72,308,622.183333333
73,308,622.2
74,308,622.216666667
75,308,622.233333333
76,308,622.25
77,308,622.266666667
78,308,622.283333333
79,308,622.3
80,308,622.316666667
81,308,622.333333333
82,308,622.35
83,308,622.366666667
84,308,622.383333333
85,308,622.4
86,308,622.416666667
87,308,622.433333333
88,308,622.45
89,308,622.466666667
90,308,622.483333333
91,308,622.5
92,308,622.516666667
93,308,622.533333333
94,308,622.55
95,308,622.566666667
96,308,622.583333333
97,308,622.6
98,308,622.616666667
99,308,622.633333333
100,308,622.65
101,308,622.666666667
102,308,622.683333333
103,308,622.7
104,308,622.716666667
105,308,622.733333333
106,308,622.75
107,308,622.766666667
108,308,622.783333333
109,308,622.8
110,308,622.816666667
111,308,622.833333333
112,308,622.85
113,308,622.866666667
114,308,622.883333333
115,308,622.9
116,308,622.916666667
117,308,622.933333333
118,308,622.95
119,308,622.966666667
120,308,622.983333333
1,309,623
2,309,623.016666667
3,309,623.033333333
4,309,623.05
5,309,623.066666667
6,309,623.083333333
7,309,623.1
8,309,623.116666667
9,309,623.133333333
10,309,623.15
11,309,623.166666667
12,309,623.183333333
13,309,623.2
14,309,623.216666667
15,309,623.233333333
16,309,623.25
17,309,623.266666667
18,309,623.283333333
19,309,623.3
20,309,623.316666667
21,309,623.333333333
22,309,623.35
23,309,623.366666667
24,309,623.383333333
25,309,623.4
26,309,623.416666667
27,309,623.433333333
28,309,623.45
29,309,623.466666667
30,309,623.483333333
31,309,623.5
32,309,623.516666667
33,309,623.533333333
34,309,623.55
35,309,623.566666667
36,309,623.583333333
37,309,623.6
38,309,623.616666667
39,309,623.633333333
40,309,623.65
41,309,623.666666667
42,309,623.683333333
43,309,623.7
44,309,623.716666667
45,309,623.733333333
46,309,623.75
47,309,623.766666667
48,309,623.783333333
49,309,623.8
50,309,623.816666667
51,309,623.833333333
52,309,623.85
53,309,623.866666667
54,309,623.883333333
55,309,623.9
56,309,623.916666667
57,309,623.933333333
58,309,623.95
59,309,623.966666667
60,309,623.983333333
61,309,624
62,309,624.016666667
63,309,624.033333333
64,309,624.05
65,309,624.066666667
66,309,624.083333333
67,309,624.1
68,309,624.116666667
69,309,624.133333333
70,309,624.15
71,309,624.166666667
72,309,624.183333333
73,309,624.2
74,309,624.216666667
75,309,624.233333333
76,309,624.25
77,309,624.266666667
78,309,624.283333333
79,309,624.3
80,309,624.316666667
81,309,624.333333333
82,309,624.35
83,309,624.366666667
84,309,624.383333333
85,309,624.4
86,309,624.416666667
87,309,624.433333333
88,309,624.45
89,309,624.466666667
90,309,624.483333333
91,309,624.5
92,309,624.516666667
93,309,624.533333333
94,309,624.55
95,309,624.566666667
96,309,624.583333333
97,309,624.6
98,309,624.616666667
99,309,624.633333333
100,309,624.65
101,309,624.666666667
102,309,624.683333333
103,309,624.7
104,309,624.716666667
105,309,624.733333333
106,309,624.75
107,309,624.766666667
108,309,624.783333333
109,309,624.8
110,309,624.816666667
111,309,624.833333333
112,309,624.85
113,309,624.866666667
114,309,624.883333333
115,309,624.9
116,309,624.916666667
117,309,624.933333333
118,309,624.95
119,309,624.966666667
120,309,624.983333333
1,310,625
2,310,625.016666667
3,310,625.033333333
4,310,625.05
5,310,625.066666667
6,310,625.083333333
7,310,625.1
8,310,625.116666667
9,310,625.133333333
10,310,625.15
11,310,625.166666667
12,310,625.183333333
13,310,625.2
14,310,625.216666667
15,310,625.233333333
16,310,625.25
17,310,625.266666667
18,310,625.283333333
19,310,625.3
20,310,625.316666667
21,310,625.333333333
22,310,625.35
23,310,625.366666667
24,310,625.383333333
25,310,625.4
26,310,625.416666667
27,310,625.433333333
28,310,625.45
29,310,625.466666667
30,310,625.483333333
31,310,625.5
32,310,625.516666667
33,310,625.533333333
34,310,625.55
35,310,625.566666667
36,310,625.583333333
37,310,625.6
38,310,625.616666667
39,310,625.633333333
40,310,625.65
41,310,625.666666667
42,310,625.683333333
43,310,625.7
44,310,625.716666667
45,310,625.733333333
46,310,625.75
47,310,625.766666667
48,310,625.783333333
49,310,625.8
50,310,625.816666667
51,310,625.833333333
52,310,625.85
53,310,625.866666667
54,310,625.883333333
55,310,625.9
56,310,625.916666667
57,310,625.933333333
58,310,625.95
59,310,625.966666667
60,310,625.983333333
61,310,626
62,310,626.016666667
63,310,626.033333333
64,310,626.05
65,310,626.066666667
66,310,626.083333333
67,310,626.1
68,310,626.116666667
69,310,626.133333333
70,310,626.15
71,310,626.166666667
72,310,626.183333333
73,310,626.2
74,310,626.216666667
75,310,626.233333333
76,310,626.25
77,310,626.266666667
78,310,626.283333333
79,310,626.3
80,310,626.316666667
81,310,626.333333333
82,310,626.35
83,310,626.366666667
84,310,626.383333333
85,310,626.4
86,310,626.416666667
87,310,626.433333333
88,310,626.45
89,310,626.466666667
90,310,626.483333333
91,310,626.5
92,310,626.516666667
93,310,626.533333333
94,310,626.55
95,310,626.566666667
96,310,626.583333333
97,310,626.6
98,310,626.616666667
99,310,626.633333333
100,310,626.65
101,310,626.666666667
102,310,626.683333333
103,310,626.7
104,310,626.716666667
105,310,626.733333333
106,310,626.75
107,310,626.766666667
108,310,626.783333333
109,310,626.8
110,310,626.816666667
111,310,626.833333333
112,310,626.85
113,310,626.866666667
114,310,626.883333333
115,310,626.9
116,310,626.916666667
117,310,626.933333333
118,310,626.95
119,310,626.966666667
120,310,626.983333333
1,311,627
2,311,627.016666667
3,311,627.033333333
4,311,627.05
5,311,627.066666667
6,311,627.083333333
7,311,627.1
8,311,627.116666667
9,311,627.133333333
10,311,627.15
11,311,627.166666667
12,311,627.183333333
13,311,627.2
14,311,627.216666667
15,311,627.233333333
16,311,627.25
17,311,627.266666667
18,311,627.283333333
19,311,627.3
20,311,627.316666667
21,311,627.333333333
22,311,627.35
23,311,627.366666667
24,311,627.383333333
25,311,627.4
26,311,627.416666667
27,311,627.433333333
28,311,627.45
29,311,627.466666667
30,311,627.483333333
31,311,627.5
32,311,627.516666667
33,311,627.533333333
34,311,627.55
35,311,627.566666667
36,311,627.583333333
37,311,627.6
38,311,627.616666667
39,311,627.633333333
40,311,627.65
41,311,627.666666667
42,311,627.683333333
43,311,627.7
44,311,627.716666667
45,311,627.733333333
46,311,627.75
47,311,627.766666667
48,311,627.783333333
49,311,627.8
50,311,627.816666667
51,311,627.833333333
52,311,627.85
53,311,627.866666667
54,311,627.883333333
55,311,627.9
56,311,627.916666667
57,311,627.933333333
58,311,627.95
59,311,627.966666667
60,311,627.983333333
61,311,628
62,311,628.016666667
63,311,628.033333333
64,311,628.05
65,311,628.066666667
66,311,628.083333333
67,311,628.1
68,311,628.116666667
69,311,628.133333333
70,311,628.15
71,311,628.166666667
72,311,628.183333333
73,311,628.2
74,311,628.216666667
75,311,628.233333333
76,311,628.25
77,311,628.266666667
78,311,628.283333333
79,311,628.3
80,311,628.316666667
81,311,628.333333333
82,311,628.35
83,311,628.366666667
84,311,628.383333333
85,311,628.4
86,311,628.416666667
87,311,628.433333333
88,311,628.45
89,311,628.466666667
90,311,628.483333333
91,311,628.5
92,311,628.516666667
93,311,628.533333333
94,311,628.55
95,311,628.566666667
96,311,628.583333333
97,311,628.6
98,311,628.616666667
99,311,628.633333333
100,311,628.65
101,311,628.666666667
102,311,628.683333333
103,311,628.7
104,311,628.716666667
105,311,628.733333333
106,311,628.75
107,311,628.766666667
108,311,628.783333333
109,311,628.8
110,311,628.816666667
111,311,628.833333333
112,311,628.85
113,311,628.866666667
114,311,628.883333333
115,311,628.9
116,311,628.916666667
117,311,628.933333333
118,311,628.95
119,311,628.966666667
120,311,628.983333333
1,312,629
2,312,629.016666667
3,312,629.033333333
4,312,629.05
5,312,629.066666667
6,312,629.083333333
7,312,629.1
8,312,629.116666667
9,312,629.133333333
10,312,629.15
11,312,629.166666667
12,312,629.183333333
13,312,629.2
14,312,629.216666667
15,312,629.233333333
16,312,629.25
17,312,629.266666667
18,312,629.283333333
19,312,629.3
20,312,629.316666667
21,312,629.333333333
22,312,629.35
23,312,629.366666667
24,312,629.383333333
25,312,629.4
26,312,629.416666667
27,312,629.433333333
28,312,629.45
29,312,629.466666667
30,312,629.483333333
31,312,629.5
32,312,629.516666667
33,312,629.533333333
34,312,629.55
35,312,629.566666667
36,312,629.583333333
37,312,629.6
38,312,629.616666667
39,312,629.633333333
40,312,629.65
41,312,629.666666667
42,312,629.683333333
43,312,629.7
44,312,629.716666667
45,312,629.733333333
46,312,629.75
47,312,629.766666667
48,312,629.783333333
49,312,629.8
50,312,629.816666667
51,312,629.833333333
52,312,629.85
53,312,629.866666667
54,312,629.883333333
55,312,629.9
56,312,629.916666667
57,312,629.933333333
58,312,629.95
59,312,629.966666667
60,312,629.983333333
61,312,630
62,312,630.016666667
63,312,630.033333333
64,312,630.05
65,312,630.066666667
66,312,630.083333333
67,312,630.1
68,312,630.116666667
69,312,630.133333333
70,312,630.15
71,312,630.166666667
72,312,630.183333333
73,312,630.2
74,312,630.216666667
75,312,630.233333333
76,312,630.25
77,312,630.266666667
78,312,630.283333333
79,312,630.3
80,312,630.316666667
81,312,630.333333333
82,312,630.35
83,312,630.366666667
84,312,630.383333333
85,312,630.4
86,312,630.416666667
87,312,630.433333333
88,312,630.45
89,312,630.466666667
90,312,630.483333333
91,312,630.5
92,312,630.516666667
93,312,630.533333333
94,312,630.55
95,312,630.566666667
96,312,630.583333333
97,312,630.6
98,312,630.616666667
99,312,630.633333333
100,312,630.65
101,312,630.666666667
102,312,630.683333333
103,312,630.7
104,312,630.716666667
105,312,630.733333333
106,312,630.75
107,312,630.766666667
108,312,630.783333333
109,312,630.8
110,312,630.816666667
111,312,630.833333333
112,312,630.85
113,312,630.866666667
114,312,630.883333333
115,312,630.9
116,312,630.916666667
117,312,630.933333333
118,312,630.95
119,312,630.966666667
120,312,630.983333333
1,313,631
2,313,631.016666667
3,313,631.033333333
4,313,631.05
5,313,631.066666667
6,313,631.083333333
7,313,631.1
8,313,631.116666667
9,313,631.133333333
10,313,631.15
11,313,631.166666667
12,313,631.183333333
13,313,631.2
14,313,631.216666667
15,313,631.233333333
16,313,631.25
17,313,631.266666667
18,313,631.283333333
19,313,631.3
20,313,631.316666667
21,313,631.333333333
22,313,631.35
23,313,631.366666667
24,313,631.383333333
25,313,631.4
26,313,631.416666667
27,313,631.433333333
28,313,631.45
29,313,631.466666667
30,313,631.483333333
31,313,631.5
32,313,631.516666667
33,313,631.533333333
34,313,631.55
35,313,631.566666667
36,313,631.583333333
37,313,631.6
38,313,631.616666667
39,313,631.633333333
40,313,631.65
41,313,631.666666667
42,313,631.683333333
43,313,631.7
44,313,631.716666667
45,313,631.733333333
46,313,631.75
47,313,631.766666667
48,313,631.783333333
49,313,631.8
50,313,631.816666667
51,313,631.833333333
52,313,631.85
53,313,631.866666667
54,313,631.883333333
55,313,631.9
56,313,631.916666667
57,313,631.933333333
58,313,631.95
59,313,631.966666667
60,313,631.983333333
61,313,632
62,313,632.016666667
63,313,632.033333333
64,313,632.05
65,313,632.066666667
66,313,632.083333333
67,313,632.1
68,313,632.116666667
69,313,632.133333333
70,313,632.15
71,313,632.166666667
72,313,632.183333333
73,313,632.2
74,313,632.216666667
75,313,632.233333333
76,313,632.25
77,313,632.266666667
78,313,632.283333333
79,313,632.3
80,313,632.316666667
81,313,632.333333333
82,313,632.35
83,313,632.366666667
84,313,632.383333333
85,313,632.4
86,313,632.416666667
87,313,632.433333333
88,313,632.45
89,313,632.466666667
90,313,632.483333333
91,313,632.5
92,313,632.516666667
93,313,632.533333333
94,313,632.55
95,313,632.566666667
96,313,632.583333333
97,313,632.6
98,313,632.616666667
99,313,632.633333333
100,313,632.65
101,313,632.666666667
102,313,632.683333333
103,313,632.7
104,313,632.716666667
105,313,632.733333333
106,313,632.75
107,313,632.766666667
108,313,632.783333333
109,313,632.8
110,313,632.816666667
111,313,632.833333333
112,313,632.85
113,313,632.866666667
114,313,632.883333333
115,313,632.9
116,313,632.916666667
117,313,632.933333333
118,313,632.95
119,313,632.966666667
120,313,632.983333333
1,314,633
2,314,633.016666667
3,314,633.033333333
4,314,633.05
5,314,633.066666667
6,314,633.083333333
7,314,633.1
8,314,633.116666667
9,314,633.133333333
10,314,633.15
11,314,633.166666667
12,314,633.183333333
13,314,633.2
14,314,633.216666667
15,314,633.233333333
16,314,633.25
17,314,633.266666667
18,314,633.283333333
19,314,633.3
20,314,633.316666667
21,314,633.333333333
22,314,633.35
23,314,633.366666667
24,314,633.383333333
25,314,633.4
26,314,633.416666667
27,314,633.433333333
28,314,633.45
29,314,633.466666667
30,314,633.483333333
31,314,633.5
32,314,633.516666667
33,314,633.533333333
34,314,633.55
35,314,633.566666667
36,314,633.583333333
37,314,633.6
38,314,633.616666667
39,314,633.633333333
40,314,633.65
41,314,633.666666667
42,314,633.683333333
43,314,633.7
44,314,633.716666667
45,314,633.733333333
46,314,633.75
47,314,633.766666667
48,314,633.783333333
49,314,633.8
50,314,633.816666667
51,314,633.833333333
52,314,633.85
53,314,633.866666667
54,314,633.883333333
55,314,633.9
56,314,633.916666667
57,314,633.933333333
58,314,633.95
59,314,633.966666667
60,314,633.983333333
61,314,634
62,314,634.016666667
63,314,634.033333333
64,314,634.05
65,314,634.066666667
66,314,634.083333333
67,314,634.1
68,314,634.116666667
69,314,634.133333333
70,314,634.15
71,314,634.166666667
72,314,634.183333333
73,314,634.2
74,314,634.216666667
75,314,634.233333333
76,314,634.25
77,314,634.266666667
78,314,634.283333333
79,314,634.3
80,314,634.316666667
81,314,634.333333333
82,314,634.35
83,314,634.366666667
84,314,634.383333333
85,314,634.4
86,314,634.416666667
87,314,634.433333333
88,314,634.45
89,314,634.466666667
90,314,634.483333333
91,314,634.5
92,314,634.516666667
93,314,634.533333333
94,314,634.55
95,314,634.566666667
96,314,634.583333333
97,314,634.6
98,314,634.616666667
99,314,634.633333333
100,314,634.65
101,314,634.666666667
102,314,634.683333333
103,314,634.7
104,314,634.716666667
105,314,634.733333333
106,314,634.75
107,314,634.766666667
108,314,634.783333333
109,314,634.8
110,314,634.816666667
111,314,634.833333333
112,314,634.85
113,314,634.866666667
114,314,634.883333333
115,314,634.9
116,314,634.916666667
117,314,634.933333333
118,314,634.95
119,314,634.966666667
120,314,634.983333333
1,315,635
2,315,635.016666667
3,315,635.033333333
4,315,635.05
5,315,635.066666667
6,315,635.083333333
7,315,635.1
8,315,635.116666667
9,315,635.133333333
10,315,635.15
11,315,635.166666667
12,315,635.183333333
13,315,635.2
14,315,635.216666667
15,315,635.233333333
16,315,635.25
17,315,635.266666667
18,315,635.283333333
19,315,635.3
20,315,635.316666667
21,315,635.333333333
22,315,635.35
23,315,635.366666667
24,315,635.383333333
25,315,635.4
26,315,635.416666667
27,315,635.433333333
28,315,635.45
29,315,635.466666667
30,315,635.483333333
31,315,635.5
32,315,635.516666667
33,315,635.533333333
34,315,635.55
35,315,635.566666667
36,315,635.583333333
37,315,635.6
38,315,635.616666667
39,315,635.633333333
40,315,635.65
41,315,635.666666667
42,315,635.683333333
43,315,635.7
44,315,635.716666667
45,315,635.733333333
46,315,635.75
47,315,635.766666667
48,315,635.783333333
49,315,635.8
50,315,635.816666667
51,315,635.833333333
52,315,635.85
53,315,635.866666667
54,315,635.883333333
55,315,635.9
56,315,635.916666667
57,315,635.933333333
58,315,635.95
59,315,635.966666667
60,315,635.983333333
61,315,636
62,315,636.016666667
63,315,636.033333333
64,315,636.05
65,315,636.066666667
66,315,636.083333333
67,315,636.1
68,315,636.116666667
69,315,636.133333333
70,315,636.15
71,315,636.166666667
72,315,636.183333333
73,315,636.2
74,315,636.216666667
75,315,636.233333333
76,315,636.25
77,315,636.266666667
78,315,636.283333333
79,315,636.3
80,315,636.316666667
81,315,636.333333333
82,315,636.35
83,315,636.366666667
84,315,636.383333333
85,315,636.4
86,315,636.416666667
87,315,636.433333333
88,315,636.45
89,315,636.466666667
90,315,636.483333333
91,315,636.5
92,315,636.516666667
93,315,636.533333333
94,315,636.55
95,315,636.566666667
96,315,636.583333333
97,315,636.6
98,315,636.616666667
99,315,636.633333333
100,315,636.65
101,315,636.666666667
102,315,636.683333333
103,315,636.7
104,315,636.716666667
105,315,636.733333333
106,315,636.75
107,315,636.766666667
108,315,636.783333333
109,315,636.8
110,315,636.816666667
111,315,636.833333333
112,315,636.85
113,315,636.866666667
114,315,636.883333333
115,315,636.9
116,315,636.916666667
117,315,636.933333333
118,315,636.95
119,315,636.966666667
120,315,636.983333333
1,316,637
2,316,637.016666667
3,316,637.033333333
4,316,637.05
5,316,637.066666667
6,316,637.083333333
7,316,637.1
8,316,637.116666667
9,316,637.133333333
10,316,637.15
11,316,637.166666667
12,316,637.183333333
13,316,637.2
14,316,637.216666667
15,316,637.233333333
16,316,637.25
17,316,637.266666667
18,316,637.283333333
19,316,637.3
20,316,637.316666667
21,316,637.333333333
22,316,637.35
23,316,637.366666667
24,316,637.383333333
25,316,637.4
26,316,637.416666667
27,316,637.433333333
28,316,637.45
29,316,637.466666667
30,316,637.483333333
31,316,637.5
32,316,637.516666667
33,316,637.533333333
34,316,637.55
35,316,637.566666667
36,316,637.583333333
37,316,637.6
38,316,637.616666667
39,316,637.633333333
40,316,637.65
41,316,637.666666667
42,316,637.683333333
43,316,637.7
44,316,637.716666667
45,316,637.733333333
46,316,637.75
47,316,637.766666667
48,316,637.783333333
49,316,637.8
50,316,637.816666667
51,316,637.833333333
52,316,637.85
53,316,637.866666667
54,316,637.883333333
55,316,637.9
56,316,637.916666667
57,316,637.933333333
58,316,637.95
59,316,637.966666667
60,316,637.983333333
61,316,638
62,316,638.016666667
63,316,638.033333333
64,316,638.05
65,316,638.066666667
66,316,638.083333333
67,316,638.1
68,316,638.116666667
69,316,638.133333333
70,316,638.15
71,316,638.166666667
72,316,638.183333333
73,316,638.2
74,316,638.216666667
75,316,638.233333333
76,316,638.25
77,316,638.266666667
78,316,638.283333333
79,316,638.3
80,316,638.316666667
81,316,638.333333333
82,316,638.35
83,316,638.366666667
84,316,638.383333333
85,316,638.4
86,316,638.416666667
87,316,638.433333333
88,316,638.45
89,316,638.466666667
90,316,638.483333333
91,316,638.5
92,316,638.516666667
93,316,638.533333333
94,316,638.55
95,316,638.566666667
96,316,638.583333333
97,316,638.6
98,316,638.616666667
99,316,638.633333333
100,316,638.65
101,316,638.666666667
102,316,638.683333333
103,316,638.7
104,316,638.716666667
105,316,638.733333333
106,316,638.75
107,316,638.766666667
108,316,638.783333333
109,316,638.8
110,316,638.816666667
111,316,638.833333333
112,316,638.85
113,316,638.866666667
114,316,638.883333333
115,316,638.9
116,316,638.916666667
117,316,638.933333333
118,316,638.95
119,316,638.966666667
120,316,638.983333333
1,317,639
2,317,639.016666667
3,317,639.033333333
4,317,639.05
5,317,639.066666667
6,317,639.083333333
7,317,639.1
8,317,639.116666667
9,317,639.133333333
10,317,639.15
11,317,639.166666667
12,317,639.183333333
13,317,639.2
14,317,639.216666667
15,317,639.233333333
16,317,639.25
17,317,639.266666667
18,317,639.283333333
19,317,639.3
20,317,639.316666667
21,317,639.333333333
22,317,639.35
23,317,639.366666667
24,317,639.383333333
25,317,639.4
26,317,639.416666667
27,317,639.433333333
28,317,639.45
29,317,639.466666667
30,317,639.483333333
31,317,639.5
32,317,639.516666667
33,317,639.533333333
34,317,639.55
35,317,639.566666667
36,317,639.583333333
37,317,639.6
38,317,639.616666667
39,317,639.633333333
40,317,639.65
41,317,639.666666667
42,317,639.683333333
43,317,639.7
44,317,639.716666667
45,317,639.733333333
46,317,639.75
47,317,639.766666667
48,317,639.783333333
49,317,639.8
50,317,639.816666667
51,317,639.833333333
52,317,639.85
53,317,639.866666667
54,317,639.883333333
55,317,639.9
56,317,639.916666667
57,317,639.933333333
58,317,639.95
59,317,639.966666667
60,317,639.983333333
61,317,640
62,317,640.016666667
63,317,640.033333333
64,317,640.05
65,317,640.066666667
66,317,640.083333333
67,317,640.1
68,317,640.116666667
69,317,640.133333333
70,317,640.15
71,317,640.166666667
72,317,640.183333333
73,317,640.2
74,317,640.216666667
75,317,640.233333333
76,317,640.25
77,317,640.266666667
78,317,640.283333333
79,317,640.3
80,317,640.316666667
81,317,640.333333333
82,317,640.35
83,317,640.366666667
84,317,640.383333333
85,317,640.4
86,317,640.416666667
87,317,640.433333333
88,317,640.45
89,317,640.466666667
90,317,640.483333333
91,317,640.5
92,317,640.516666667
93,317,640.533333333
94,317,640.55
95,317,640.566666667
96,317,640.583333333
97,317,640.6
98,317,640.616666667
99,317,640.633333333
100,317,640.65
101,317,640.666666667
102,317,640.683333333
103,317,640.7
104,317,640.716666667
105,317,640.733333333
106,317,640.75
107,317,640.766666667
108,317,640.783333333
109,317,640.8
110,317,640.816666667
111,317,640.833333333
112,317,640.85
113,317,640.866666667
114,317,640.883333333
115,317,640.9
116,317,640.916666667
117,317,640.933333333
118,317,640.95
119,317,640.966666667
120,317,640.983333333
1,318,641
2,318,641.016666667
3,318,641.033333333
4,318,641.05
5,318,641.066666667
6,318,641.083333333
7,318,641.1
8,318,641.116666667
9,318,641.133333333
10,318,641.15
11,318,641.166666667
12,318,641.183333333
13,318,641.2
14,318,641.216666667
15,318,641.233333333
16,318,641.25
17,318,641.266666667
18,318,641.283333333
19,318,641.3
20,318,641.316666667
21,318,641.333333333
22,318,641.35
23,318,641.366666667
24,318,641.383333333
25,318,641.4
26,318,641.416666667
27,318,641.433333333
28,318,641.45
29,318,641.466666667
30,318,641.483333333
31,318,641.5
32,318,641.516666667
33,318,641.533333333
34,318,641.55
35,318,641.566666667
36,318,641.583333333
37,318,641.6
38,318,641.616666667
39,318,641.633333333
40,318,641.65
41,318,641.666666667
42,318,641.683333333
43,318,641.7
44,318,641.716666667
45,318,641.733333333
46,318,641.75
47,318,641.766666667
48,318,641.783333333
49,318,641.8
50,318,641.816666667
51,318,641.833333333
52,318,641.85
53,318,641.866666667
54,318,641.883333333
55,318,641.9
56,318,641.916666667
57,318,641.933333333
58,318,641.95
59,318,641.966666667
60,318,641.983333333
61,318,642
62,318,642.016666667
63,318,642.033333333
64,318,642.05
65,318,642.066666667
66,318,642.083333333
67,318,642.1
68,318,642.116666667
69,318,642.133333333
70,318,642.15
71,318,642.166666667
72,318,642.183333333
73,318,642.2
74,318,642.216666667
75,318,642.233333333
76,318,642.25
77,318,642.266666667
78,318,642.283333333
79,318,642.3
80,318,642.316666667
81,318,642.333333333
82,318,642.35
83,318,642.366666667
84,318,642.383333333
85,318,642.4
86,318,642.416666667
87,318,642.433333333
88,318,642.45
89,318,642.466666667
90,318,642.483333333
91,318,642.5
92,318,642.516666667
93,318,642.533333333
94,318,642.55
95,318,642.566666667
96,318,642.583333333
97,318,642.6
98,318,642.616666667
99,318,642.633333333
100,318,642.65
101,318,642.666666667
102,318,642.683333333
103,318,642.7
104,318,642.716666667
105,318,642.733333333
106,318,642.75
107,318,642.766666667
108,318,642.783333333
109,318,642.8
110,318,642.816666667
111,318,642.833333333
112,318,642.85
113,318,642.866666667
114,318,642.883333333
115,318,642.9
116,318,642.916666667
117,318,642.933333333
118,318,642.95
119,318,642.966666667
120,318,642.983333333
1,319,643
2,319,643.016666667
3,319,643.033333333
4,319,643.05
5,319,643.066666667
6,319,643.083333333
7,319,643.1
8,319,643.116666667
9,319,643.133333333
10,319,643.15
11,319,643.166666667
12,319,643.183333333
13,319,643.2
14,319,643.216666667
15,319,643.233333333
16,319,643.25
17,319,643.266666667
18,319,643.283333333
19,319,643.3
20,319,643.316666667
21,319,643.333333333
22,319,643.35
23,319,643.366666667
24,319,643.383333333
25,319,643.4
26,319,643.416666667
27,319,643.433333333
28,319,643.45
29,319,643.466666667
30,319,643.483333333
31,319,643.5
32,319,643.516666667
33,319,643.533333333
34,319,643.55
35,319,643.566666667
36,319,643.583333333
37,319,643.6
38,319,643.616666667
39,319,643.633333333
40,319,643.65
41,319,643.666666667
42,319,643.683333333
43,319,643.7
44,319,643.716666667
45,319,643.733333333
46,319,643.75
47,319,643.766666667
48,319,643.783333333
49,319,643.8
50,319,643.816666667
51,319,643.833333333
52,319,643.85
53,319,643.866666667
54,319,643.883333333
55,319,643.9
56,319,643.916666667
57,319,643.933333333
58,319,643.95
59,319,643.966666667
60,319,643.983333333
61,319,644
62,319,644.016666667
63,319,644.033333333
64,319,644.05
65,319,644.066666667
66,319,644.083333333
67,319,644.1
68,319,644.116666667
69,319,644.133333333
70,319,644.15
71,319,644.166666667
72,319,644.183333333
73,319,644.2
74,319,644.216666667
75,319,644.233333333
76,319,644.25
77,319,644.266666667
78,319,644.283333333
79,319,644.3
80,319,644.316666667
81,319,644.333333333
82,319,644.35
83,319,644.366666667
84,319,644.383333333
85,319,644.4
86,319,644.416666667
87,319,644.433333333
88,319,644.45
89,319,644.466666667
90,319,644.483333333
91,319,644.5
92,319,644.516666667
93,319,644.533333333
94,319,644.55
95,319,644.566666667
96,319,644.583333333
97,319,644.6
98,319,644.616666667
99,319,644.633333333
100,319,644.65
101,319,644.666666667
102,319,644.683333333
103,319,644.7
104,319,644.716666667
105,319,644.733333333
106,319,644.75
107,319,644.766666667
108,319,644.783333333
109,319,644.8
110,319,644.816666667
111,319,644.833333333
112,319,644.85
113,319,644.866666667
114,319,644.883333333
115,319,644.9
116,319,644.916666667
117,319,644.933333333
118,319,644.95
119,319,644.966666667
120,319,644.983333333
1,320,645
2,320,645.016666667
3,320,645.033333333
4,320,645.05
5,320,645.066666667
6,320,645.083333333
7,320,645.1
8,320,645.116666667
9,320,645.133333333
10,320,645.15
11,320,645.166666667
12,320,645.183333333
13,320,645.2
14,320,645.216666667
15,320,645.233333333
16,320,645.25
17,320,645.266666667
18,320,645.283333333
19,320,645.3
20,320,645.316666667
21,320,645.333333333
22,320,645.35
23,320,645.366666667
24,320,645.383333333
25,320,645.4
26,320,645.416666667
27,320,645.433333333
28,320,645.45
29,320,645.466666667
30,320,645.483333333
31,320,645.5
32,320,645.516666667
33,320,645.533333333
34,320,645.55
35,320,645.566666667
36,320,645.583333333
37,320,645.6
38,320,645.616666667
39,320,645.633333333
40,320,645.65
41,320,645.666666667
42,320,645.683333333
43,320,645.7
44,320,645.716666667
45,320,645.733333333
46,320,645.75
47,320,645.766666667
48,320,645.783333333
49,320,645.8
50,320,645.816666667
51,320,645.833333333
52,320,645.85
53,320,645.866666667
54,320,645.883333333
55,320,645.9
56,320,645.916666667
57,320,645.933333333
58,320,645.95
59,320,645.966666667
60,320,645.983333333
61,320,646
62,320,646.016666667
63,320,646.033333333
64,320,646.05
65,320,646.066666667
66,320,646.083333333
67,320,646.1
68,320,646.116666667
69,320,646.133333333
70,320,646.15
71,320,646.166666667
72,320,646.183333333
73,320,646.2
74,320,646.216666667
75,320,646.233333333
76,320,646.25
77,320,646.266666667
78,320,646.283333333
79,320,646.3
80,320,646.316666667
81,320,646.333333333
82,320,646.35
83,320,646.366666667
84,320,646.383333333
85,320,646.4
86,320,646.416666667
87,320,646.433333333
88,320,646.45
89,320,646.466666667
90,320,646.483333333
91,320,646.5
92,320,646.516666667
93,320,646.533333333
94,320,646.55
95,320,646.566666667
96,320,646.583333333
97,320,646.6
98,320,646.616666667
99,320,646.633333333
100,320,646.65
101,320,646.666666667
102,320,646.683333333
103,320,646.7
104,320,646.716666667
105,320,646.733333333
106,320,646.75
107,320,646.766666667
108,320,646.783333333
109,320,646.8
110,320,646.816666667
111,320,646.833333333
112,320,646.85
113,320,646.866666667
114,320,646.883333333
115,320,646.9
116,320,646.916666667
117,320,646.933333333
118,320,646.95
119,320,646.966666667
120,320,646.983333333
1,321,647
2,321,647.016666667
3,321,647.033333333
4,321,647.05
5,321,647.066666667
6,321,647.083333333
7,321,647.1
8,321,647.116666667
9,321,647.133333333
10,321,647.15
11,321,647.166666667
12,321,647.183333333
13,321,647.2
14,321,647.216666667
15,321,647.233333333
16,321,647.25
17,321,647.266666667
18,321,647.283333333
19,321,647.3
20,321,647.316666667
21,321,647.333333333
22,321,647.35
23,321,647.366666667
24,321,647.383333333
25,321,647.4
26,321,647.416666667
27,321,647.433333333
28,321,647.45
29,321,647.466666667
30,321,647.483333333
31,321,647.5
32,321,647.516666667
33,321,647.533333333
34,321,647.55
35,321,647.566666667
36,321,647.583333333
37,321,647.6
38,321,647.616666667
39,321,647.633333333
40,321,647.65
41,321,647.666666667
42,321,647.683333333
43,321,647.7
44,321,647.716666667
45,321,647.733333333
46,321,647.75
47,321,647.766666667
48,321,647.783333333
49,321,647.8
50,321,647.816666667
51,321,647.833333333
52,321,647.85
53,321,647.866666667
54,321,647.883333333
55,321,647.9
56,321,647.916666667
57,321,647.933333333
58,321,647.95
59,321,647.966666667
60,321,647.983333333
61,321,648
62,321,648.016666667
63,321,648.033333333
64,321,648.05
65,321,648.066666667
66,321,648.083333333
67,321,648.1
68,321,648.116666667
69,321,648.133333333
70,321,648.15
71,321,648.166666667
72,321,648.183333333
73,321,648.2
74,321,648.216666667
75,321,648.233333333
76,321,648.25
77,321,648.266666667
78,321,648.283333333
79,321,648.3
80,321,648.316666667
81,321,648.333333333
82,321,648.35
83,321,648.366666667
84,321,648.383333333
85,321,648.4
86,321,648.416666667
87,321,648.433333333
88,321,648.45
89,321,648.466666667
90,321,648.483333333
91,321,648.5
92,321,648.516666667
93,321,648.533333333
94,321,648.55
95,321,648.566666667
96,321,648.583333333
97,321,648.6
98,321,648.616666667
99,321,648.633333333
100,321,648.65
101,321,648.666666667
102,321,648.683333333
103,321,648.7
104,321,648.716666667
105,321,648.733333333
106,321,648.75
107,321,648.766666667
108,321,648.783333333
109,321,648.8
110,321,648.816666667
111,321,648.833333333
112,321,648.85
113,321,648.866666667
114,321,648.883333333
115,321,648.9
116,321,648.916666667
117,321,648.933333333
118,321,648.95
119,321,648.966666667
120,321,648.983333333
1,322,649
2,322,649.016666667
3,322,649.033333333
4,322,649.05
5,322,649.066666667
6,322,649.083333333
7,322,649.1
8,322,649.116666667
9,322,649.133333333
10,322,649.15
11,322,649.166666667
12,322,649.183333333
13,322,649.2
14,322,649.216666667
15,322,649.233333333
16,322,649.25
17,322,649.266666667
18,322,649.283333333
19,322,649.3
20,322,649.316666667
21,322,649.333333333
22,322,649.35
23,322,649.366666667
24,322,649.383333333
25,322,649.4
26,322,649.416666667
27,322,649.433333333
28,322,649.45
29,322,649.466666667
30,322,649.483333333
31,322,649.5
32,322,649.516666667
33,322,649.533333333
34,322,649.55
35,322,649.566666667
36,322,649.583333333
37,322,649.6
38,322,649.616666667
39,322,649.633333333
40,322,649.65
41,322,649.666666667
42,322,649.683333333
43,322,649.7
44,322,649.716666667
45,322,649.733333333
46,322,649.75
47,322,649.766666667
48,322,649.783333333
49,322,649.8
50,322,649.816666667
51,322,649.833333333
52,322,649.85
53,322,649.866666667
54,322,649.883333333
55,322,649.9
56,322,649.916666667
57,322,649.933333333
58,322,649.95
59,322,649.966666667
60,322,649.983333333
61,322,650
62,322,650.016666667
63,322,650.033333333
64,322,650.05
65,322,650.066666667
66,322,650.083333333
67,322,650.1
68,322,650.116666667
69,322,650.133333333
70,322,650.15
71,322,650.166666667
72,322,650.183333333
73,322,650.2
74,322,650.216666667
75,322,650.233333333
76,322,650.25
77,322,650.266666667
78,322,650.283333333
79,322,650.3
80,322,650.316666667
81,322,650.333333333
82,322,650.35
83,322,650.366666667
84,322,650.383333333
85,322,650.4
86,322,650.416666667
87,322,650.433333333
88,322,650.45
89,322,650.466666667
90,322,650.483333333
91,322,650.5
92,322,650.516666667
93,322,650.533333333
94,322,650.55
95,322,650.566666667
96,322,650.583333333
97,322,650.6
98,322,650.616666667
99,322,650.633333333
100,322,650.65
101,322,650.666666667
102,322,650.683333333
103,322,650.7
104,322,650.716666667
105,322,650.733333333
106,322,650.75
107,322,650.766666667
108,322,650.783333333
109,322,650.8
110,322,650.816666667
111,322,650.833333333
112,322,650.85
113,322,650.866666667
114,322,650.883333333
115,322,650.9
116,322,650.916666667
117,322,650.933333333
118,322,650.95
119,322,650.966666667
120,322,650.983333333
1,323,651
2,323,651.016666667
3,323,651.033333333
4,323,651.05
5,323,651.066666667
6,323,651.083333333
7,323,651.1
8,323,651.116666667
9,323,651.133333333
10,323,651.15
11,323,651.166666667
12,323,651.183333333
13,323,651.2
14,323,651.216666667
15,323,651.233333333
16,323,651.25
17,323,651.266666667
18,323,651.283333333
19,323,651.3
20,323,651.316666667
21,323,651.333333333
22,323,651.35
23,323,651.366666667
24,323,651.383333333
25,323,651.4
26,323,651.416666667
27,323,651.433333333
28,323,651.45
29,323,651.466666667
30,323,651.483333333
31,323,651.5
32,323,651.516666667
33,323,651.533333333
34,323,651.55
35,323,651.566666667
36,323,651.583333333
37,323,651.6
38,323,651.616666667
39,323,651.633333333
40,323,651.65
41,323,651.666666667
42,323,651.683333333
43,323,651.7
44,323,651.716666667
45,323,651.733333333
46,323,651.75
47,323,651.766666667
48,323,651.783333333
49,323,651.8
50,323,651.816666667
51,323,651.833333333
52,323,651.85
53,323,651.866666667
54,323,651.883333333
55,323,651.9
56,323,651.916666667
57,323,651.933333333
58,323,651.95
59,323,651.966666667
60,323,651.983333333
61,323,652
62,323,652.016666667
63,323,652.033333333
64,323,652.05
65,323,652.066666667
66,323,652.083333333
67,323,652.1
68,323,652.116666667
69,323,652.133333333
70,323,652.15
71,323,652.166666667
72,323,652.183333333
73,323,652.2
74,323,652.216666667
75,323,652.233333333
76,323,652.25
77,323,652.266666667
78,323,652.283333333
79,323,652.3
80,323,652.316666667
81,323,652.333333333
82,323,652.35
83,323,652.366666667
84,323,652.383333333
85,323,652.4
86,323,652.416666667
87,323,652.433333333
88,323,652.45
89,323,652.466666667
90,323,652.483333333
91,323,652.5
92,323,652.516666667
93,323,652.533333333
94,323,652.55
95,323,652.566666667
96,323,652.583333333
97,323,652.6
98,323,652.616666667
99,323,652.633333333
100,323,652.65
101,323,652.666666667
102,323,652.683333333
103,323,652.7
104,323,652.716666667
105,323,652.733333333
106,323,652.75
107,323,652.766666667
108,323,652.783333333
109,323,652.8
110,323,652.816666667
111,323,652.833333333
112,323,652.85
113,323,652.866666667
114,323,652.883333333
115,323,652.9
116,323,652.916666667
117,323,652.933333333
118,323,652.95
119,323,652.966666667
120,323,652.983333333
1,324,653
2,324,653.016666667
3,324,653.033333333
4,324,653.05
5,324,653.066666667
6,324,653.083333333
7,324,653.1
8,324,653.116666667
9,324,653.133333333
10,324,653.15
11,324,653.166666667
12,324,653.183333333
13,324,653.2
14,324,653.216666667
15,324,653.233333333
16,324,653.25
17,324,653.266666667
18,324,653.283333333
19,324,653.3
20,324,653.316666667
21,324,653.333333333
22,324,653.35
23,324,653.366666667
24,324,653.383333333
25,324,653.4
26,324,653.416666667
27,324,653.433333333
28,324,653.45
29,324,653.466666667
30,324,653.483333333
31,324,653.5
32,324,653.516666667
33,324,653.533333333
34,324,653.55
35,324,653.566666667
36,324,653.583333333
37,324,653.6
38,324,653.616666667
39,324,653.633333333
40,324,653.65
41,324,653.666666667
42,324,653.683333333
43,324,653.7
44,324,653.716666667
45,324,653.733333333
46,324,653.75
47,324,653.766666667
48,324,653.783333333
49,324,653.8
50,324,653.816666667
51,324,653.833333333
52,324,653.85
53,324,653.866666667
54,324,653.883333333
55,324,653.9
56,324,653.916666667
57,324,653.933333333
58,324,653.95
59,324,653.966666667
60,324,653.983333333
61,324,654
62,324,654.016666667
63,324,654.033333333
64,324,654.05
65,324,654.066666667
66,324,654.083333333
67,324,654.1
68,324,654.116666667
69,324,654.133333333
70,324,654.15
71,324,654.166666667
72,324,654.183333333
73,324,654.2
74,324,654.216666667
75,324,654.233333333
76,324,654.25
77,324,654.266666667
78,324,654.283333333
79,324,654.3
80,324,654.316666667
81,324,654.333333333
82,324,654.35
83,324,654.366666667
84,324,654.383333333
85,324,654.4
86,324,654.416666667
87,324,654.433333333
88,324,654.45
89,324,654.466666667
90,324,654.483333333
91,324,654.5
92,324,654.516666667
93,324,654.533333333
94,324,654.55
95,324,654.566666667
96,324,654.583333333
97,324,654.6
98,324,654.616666667
99,324,654.633333333
100,324,654.65
101,324,654.666666667
102,324,654.683333333
103,324,654.7
104,324,654.716666667
105,324,654.733333333
106,324,654.75
107,324,654.766666667
108,324,654.783333333
109,324,654.8
110,324,654.816666667
111,324,654.833333333
112,324,654.85
113,324,654.866666667
114,324,654.883333333
115,324,654.9
116,324,654.916666667
117,324,654.933333333
118,324,654.95
119,324,654.966666667
120,324,654.983333333
1,325,655
2,325,655.016666667
3,325,655.033333333
4,325,655.05
5,325,655.066666667
6,325,655.083333333
7,325,655.1
8,325,655.116666667
9,325,655.133333333
10,325,655.15
11,325,655.166666667
12,325,655.183333333
13,325,655.2
14,325,655.216666667
15,325,655.233333333
16,325,655.25
17,325,655.266666667
18,325,655.283333333
19,325,655.3
20,325,655.316666667
21,325,655.333333333
22,325,655.35
23,325,655.366666667
24,325,655.383333333
25,325,655.4
26,325,655.416666667
27,325,655.433333333
28,325,655.45
29,325,655.466666667
30,325,655.483333333
31,325,655.5
32,325,655.516666667
33,325,655.533333333
34,325,655.55
35,325,655.566666667
36,325,655.583333333
37,325,655.6
38,325,655.616666667
39,325,655.633333333
40,325,655.65
41,325,655.666666667
42,325,655.683333333
43,325,655.7
44,325,655.716666667
45,325,655.733333333
46,325,655.75
47,325,655.766666667
48,325,655.783333333
49,325,655.8
50,325,655.816666667
51,325,655.833333333
52,325,655.85
53,325,655.866666667
54,325,655.883333333
55,325,655.9
56,325,655.916666667
57,325,655.933333333
58,325,655.95
59,325,655.966666667
60,325,655.983333333
61,325,656
62,325,656.016666667
63,325,656.033333333
64,325,656.05
65,325,656.066666667
66,325,656.083333333
67,325,656.1
68,325,656.116666667
69,325,656.133333333
70,325,656.15
71,325,656.166666667
72,325,656.183333333
73,325,656.2
74,325,656.216666667
75,325,656.233333333
76,325,656.25
77,325,656.266666667
78,325,656.283333333
79,325,656.3
80,325,656.316666667
81,325,656.333333333
82,325,656.35
83,325,656.366666667
84,325,656.383333333
85,325,656.4
86,325,656.416666667
87,325,656.433333333
88,325,656.45
89,325,656.466666667
90,325,656.483333333
91,325,656.5
92,325,656.516666667
93,325,656.533333333
94,325,656.55
95,325,656.566666667
96,325,656.583333333
97,325,656.6
98,325,656.616666667
99,325,656.633333333
100,325,656.65
101,325,656.666666667
102,325,656.683333333
103,325,656.7
104,325,656.716666667
105,325,656.733333333
106,325,656.75
107,325,656.766666667
108,325,656.783333333
109,325,656.8
110,325,656.816666667
111,325,656.833333333
112,325,656.85
113,325,656.866666667
114,325,656.883333333
115,325,656.9
116,325,656.916666667
117,325,656.933333333
118,325,656.95
119,325,656.966666667
120,325,656.983333333
1,326,657
2,326,657.016666667
3,326,657.033333333
4,326,657.05
5,326,657.066666667
6,326,657.083333333
7,326,657.1
8,326,657.116666667
9,326,657.133333333
10,326,657.15
11,326,657.166666667
12,326,657.183333333
13,326,657.2
14,326,657.216666667
15,326,657.233333333
16,326,657.25
17,326,657.266666667
18,326,657.283333333
19,326,657.3
20,326,657.316666667
21,326,657.333333333
22,326,657.35
23,326,657.366666667
24,326,657.383333333
25,326,657.4
26,326,657.416666667
27,326,657.433333333
28,326,657.45
29,326,657.466666667
30,326,657.483333333
31,326,657.5
32,326,657.516666667
33,326,657.533333333
34,326,657.55
35,326,657.566666667
36,326,657.583333333
37,326,657.6
38,326,657.616666667
39,326,657.633333333
40,326,657.65
41,326,657.666666667
42,326,657.683333333
43,326,657.7
44,326,657.716666667
45,326,657.733333333
46,326,657.75
47,326,657.766666667
48,326,657.783333333
49,326,657.8
50,326,657.816666667
51,326,657.833333333
52,326,657.85
53,326,657.866666667
54,326,657.883333333
55,326,657.9
56,326,657.916666667
57,326,657.933333333
58,326,657.95
59,326,657.966666667
60,326,657.983333333
61,326,658
62,326,658.016666667
63,326,658.033333333
64,326,658.05
65,326,658.066666667
66,326,658.083333333
67,326,658.1
68,326,658.116666667
69,326,658.133333333
70,326,658.15
71,326,658.166666667
72,326,658.183333333
73,326,658.2
74,326,658.216666667
75,326,658.233333333
76,326,658.25
77,326,658.266666667
78,326,658.283333333
79,326,658.3
80,326,658.316666667
81,326,658.333333333
82,326,658.35
83,326,658.366666667
84,326,658.383333333
85,326,658.4
86,326,658.416666667
87,326,658.433333333
88,326,658.45
89,326,658.466666667
90,326,658.483333333
91,326,658.5
92,326,658.516666667
93,326,658.533333333
94,326,658.55
95,326,658.566666667
96,326,658.583333333
97,326,658.6
98,326,658.616666667
99,326,658.633333333
100,326,658.65
101,326,658.666666667
102,326,658.683333333
103,326,658.7
104,326,658.716666667
105,326,658.733333333
106,326,658.75
107,326,658.766666667
108,326,658.783333333
109,326,658.8
110,326,658.816666667
111,326,658.833333333
112,326,658.85
113,326,658.866666667
114,326,658.883333333
115,326,658.9
116,326,658.916666667
117,326,658.933333333
118,326,658.95
119,326,658.966666667
120,326,658.983333333
1,327,659
2,327,659.016666667
3,327,659.033333333
4,327,659.05
5,327,659.066666667
6,327,659.083333333
7,327,659.1
8,327,659.116666667
9,327,659.133333333
10,327,659.15
11,327,659.166666667
12,327,659.183333333
13,327,659.2
14,327,659.216666667
15,327,659.233333333
16,327,659.25
17,327,659.266666667
18,327,659.283333333
19,327,659.3
20,327,659.316666667
21,327,659.333333333
22,327,659.35
23,327,659.366666667
24,327,659.383333333
25,327,659.4
26,327,659.416666667
27,327,659.433333333
28,327,659.45
29,327,659.466666667
30,327,659.483333333
31,327,659.5
32,327,659.516666667
33,327,659.533333333
34,327,659.55
35,327,659.566666667
36,327,659.583333333
37,327,659.6
38,327,659.616666667
39,327,659.633333333
40,327,659.65
41,327,659.666666667
42,327,659.683333333
43,327,659.7
44,327,659.716666667
45,327,659.733333333
46,327,659.75
47,327,659.766666667
48,327,659.783333333
49,327,659.8
50,327,659.816666667
51,327,659.833333333
52,327,659.85
53,327,659.866666667
54,327,659.883333333
55,327,659.9
56,327,659.916666667
57,327,659.933333333
58,327,659.95
59,327,659.966666667
60,327,659.983333333
61,327,660
62,327,660.016666667
63,327,660.033333333
64,327,660.05
65,327,660.066666667
66,327,660.083333333
67,327,660.1
68,327,660.116666667
69,327,660.133333333
70,327,660.15
71,327,660.166666667
72,327,660.183333333
73,327,660.2
74,327,660.216666667
75,327,660.233333333
76,327,660.25
77,327,660.266666667
78,327,660.283333333
79,327,660.3
80,327,660.316666667
81,327,660.333333333
82,327,660.35
83,327,660.366666667
84,327,660.383333333
85,327,660.4
86,327,660.416666667
87,327,660.433333333
88,327,660.45
89,327,660.466666667
90,327,660.483333333
91,327,660.5
92,327,660.516666667
93,327,660.533333333
94,327,660.55
95,327,660.566666667
96,327,660.583333333
97,327,660.6
98,327,660.616666667
99,327,660.633333333
100,327,660.65
101,327,660.666666667
102,327,660.683333333
103,327,660.7
104,327,660.716666667
105,327,660.733333333
106,327,660.75
107,327,660.766666667
108,327,660.783333333
109,327,660.8
110,327,660.816666667
111,327,660.833333333
112,327,660.85
113,327,660.866666667
114,327,660.883333333
115,327,660.9
116,327,660.916666667
117,327,660.933333333
118,327,660.95
119,327,660.966666667
120,327,660.983333333
1,328,661
2,328,661.016666667
3,328,661.033333333
4,328,661.05
5,328,661.066666667
6,328,661.083333333
7,328,661.1
8,328,661.116666667
9,328,661.133333333
10,328,661.15
11,328,661.166666667
12,328,661.183333333
13,328,661.2
14,328,661.216666667
15,328,661.233333333
16,328,661.25
17,328,661.266666667
18,328,661.283333333
19,328,661.3
20,328,661.316666667
21,328,661.333333333
22,328,661.35
23,328,661.366666667
24,328,661.383333333
25,328,661.4
26,328,661.416666667
27,328,661.433333333
28,328,661.45
29,328,661.466666667
30,328,661.483333333
31,328,661.5
32,328,661.516666667
33,328,661.533333333
34,328,661.55
35,328,661.566666667
36,328,661.583333333
37,328,661.6
38,328,661.616666667
39,328,661.633333333
40,328,661.65
41,328,661.666666667
42,328,661.683333333
43,328,661.7
44,328,661.716666667
45,328,661.733333333
46,328,661.75
47,328,661.766666667
48,328,661.783333333
49,328,661.8
50,328,661.816666667
51,328,661.833333333
52,328,661.85
53,328,661.866666667
54,328,661.883333333
55,328,661.9
56,328,661.916666667
57,328,661.933333333
58,328,661.95
59,328,661.966666667
60,328,661.983333333
61,328,662
62,328,662.016666667
63,328,662.033333333
64,328,662.05
65,328,662.066666667
66,328,662.083333333
67,328,662.1
68,328,662.116666667
69,328,662.133333333
70,328,662.15
71,328,662.166666667
72,328,662.183333333
73,328,662.2
74,328,662.216666667
75,328,662.233333333
76,328,662.25
77,328,662.266666667
78,328,662.283333333
79,328,662.3
80,328,662.316666667
81,328,662.333333333
82,328,662.35
83,328,662.366666667
84,328,662.383333333
85,328,662.4
86,328,662.416666667
87,328,662.433333333
88,328,662.45
89,328,662.466666667
90,328,662.483333333
91,328,662.5
92,328,662.516666667
93,328,662.533333333
94,328,662.55
95,328,662.566666667
96,328,662.583333333
97,328,662.6
98,328,662.616666667
99,328,662.633333333
100,328,662.65
101,328,662.666666667
102,328,662.683333333
103,328,662.7
104,328,662.716666667
105,328,662.733333333
106,328,662.75
107,328,662.766666667
108,328,662.783333333
109,328,662.8
110,328,662.816666667
111,328,662.833333333
112,328,662.85
113,328,662.866666667
114,328,662.883333333
115,328,662.9
116,328,662.916666667
117,328,662.933333333
118,328,662.95
119,328,662.966666667
120,328,662.983333333
1,329,663
2,329,663.016666667
3,329,663.033333333
4,329,663.05
5,329,663.066666667
6,329,663.083333333
7,329,663.1
8,329,663.116666667
9,329,663.133333333
10,329,663.15
11,329,663.166666667
12,329,663.183333333
13,329,663.2
14,329,663.216666667
15,329,663.233333333
16,329,663.25
17,329,663.266666667
18,329,663.283333333
19,329,663.3
20,329,663.316666667
21,329,663.333333333
22,329,663.35
23,329,663.366666667
24,329,663.383333333
25,329,663.4
26,329,663.416666667
27,329,663.433333333
28,329,663.45
29,329,663.466666667
30,329,663.483333333
31,329,663.5
32,329,663.516666667
33,329,663.533333333
34,329,663.55
35,329,663.566666667
36,329,663.583333333
37,329,663.6
38,329,663.616666667
39,329,663.633333333
40,329,663.65
41,329,663.666666667
42,329,663.683333333
43,329,663.7
44,329,663.716666667
45,329,663.733333333
46,329,663.75
47,329,663.766666667
48,329,663.783333333
49,329,663.8
50,329,663.816666667
51,329,663.833333333
52,329,663.85
53,329,663.866666667
54,329,663.883333333
55,329,663.9
56,329,663.916666667
57,329,663.933333333
58,329,663.95
59,329,663.966666667
60,329,663.983333333
61,329,664
62,329,664.016666667
63,329,664.033333333
64,329,664.05
65,329,664.066666667
66,329,664.083333333
67,329,664.1
68,329,664.116666667
69,329,664.133333333
70,329,664.15
71,329,664.166666667
72,329,664.183333333
73,329,664.2
74,329,664.216666667
75,329,664.233333333
76,329,664.25
77,329,664.266666667
78,329,664.283333333
79,329,664.3
80,329,664.316666667
81,329,664.333333333
82,329,664.35
83,329,664.366666667
84,329,664.383333333
85,329,664.4
86,329,664.416666667
87,329,664.433333333
88,329,664.45
89,329,664.466666667
90,329,664.483333333
91,329,664.5
92,329,664.516666667
93,329,664.533333333
94,329,664.55
95,329,664.566666667
96,329,664.583333333
97,329,664.6
98,329,664.616666667
99,329,664.633333333
100,329,664.65
101,329,664.666666667
102,329,664.683333333
103,329,664.7
104,329,664.716666667
105,329,664.733333333
106,329,664.75
107,329,664.766666667
108,329,664.783333333
109,329,664.8
110,329,664.816666667
111,329,664.833333333
112,329,664.85
113,329,664.866666667
114,329,664.883333333
115,329,664.9
116,329,664.916666667
117,329,664.933333333
118,329,664.95
119,329,664.966666667
120,329,664.983333333
1,330,665
2,330,665.016666667
3,330,665.033333333
4,330,665.05
5,330,665.066666667
6,330,665.083333333
7,330,665.1
8,330,665.116666667
9,330,665.133333333
10,330,665.15
11,330,665.166666667
12,330,665.183333333
13,330,665.2
14,330,665.216666667
15,330,665.233333333
16,330,665.25
17,330,665.266666667
18,330,665.283333333
19,330,665.3
20,330,665.316666667
21,330,665.333333333
22,330,665.35
23,330,665.366666667
24,330,665.383333333
25,330,665.4
26,330,665.416666667
27,330,665.433333333
28,330,665.45
29,330,665.466666667
30,330,665.483333333
31,330,665.5
32,330,665.516666667
33,330,665.533333333
34,330,665.55
35,330,665.566666667
36,330,665.583333333
37,330,665.6
38,330,665.616666667
39,330,665.633333333
40,330,665.65
41,330,665.666666667
42,330,665.683333333
43,330,665.7
44,330,665.716666667
45,330,665.733333333
46,330,665.75
47,330,665.766666667
48,330,665.783333333
49,330,665.8
50,330,665.816666667
51,330,665.833333333
52,330,665.85
53,330,665.866666667
54,330,665.883333333
55,330,665.9
56,330,665.916666667
57,330,665.933333333
58,330,665.95
59,330,665.966666667
60,330,665.983333333
61,330,666
62,330,666.016666667
63,330,666.033333333
64,330,666.05
65,330,666.066666667
66,330,666.083333333
67,330,666.1
68,330,666.116666667
69,330,666.133333333
70,330,666.15
71,330,666.166666667
72,330,666.183333333
73,330,666.2
74,330,666.216666667
75,330,666.233333333
76,330,666.25
77,330,666.266666667
78,330,666.283333333
79,330,666.3
80,330,666.316666667
81,330,666.333333333
82,330,666.35
83,330,666.366666667
84,330,666.383333333
85,330,666.4
86,330,666.416666667
87,330,666.433333333
88,330,666.45
89,330,666.466666667
90,330,666.483333333
91,330,666.5
92,330,666.516666667
93,330,666.533333333
94,330,666.55
95,330,666.566666667
96,330,666.583333333
97,330,666.6
98,330,666.616666667
99,330,666.633333333
100,330,666.65
101,330,666.666666667
102,330,666.683333333
103,330,666.7
104,330,666.716666667
105,330,666.733333333
106,330,666.75
107,330,666.766666667
108,330,666.783333333
109,330,666.8
110,330,666.816666667
111,330,666.833333333
112,330,666.85
113,330,666.866666667
114,330,666.883333333
115,330,666.9
116,330,666.916666667
117,330,666.933333333
118,330,666.95
119,330,666.966666667
120,330,666.983333333
1,331,667
2,331,667.016666667
3,331,667.033333333
4,331,667.05
5,331,667.066666667
6,331,667.083333333
7,331,667.1
8,331,667.116666667
9,331,667.133333333
10,331,667.15
11,331,667.166666667
12,331,667.183333333
13,331,667.2
14,331,667.216666667
15,331,667.233333333
16,331,667.25
17,331,667.266666667
18,331,667.283333333
19,331,667.3
20,331,667.316666667
21,331,667.333333333
22,331,667.35
23,331,667.366666667
24,331,667.383333333
25,331,667.4
26,331,667.416666667
27,331,667.433333333
28,331,667.45
29,331,667.466666667
30,331,667.483333333
31,331,667.5
32,331,667.516666667
33,331,667.533333333
34,331,667.55
35,331,667.566666667
36,331,667.583333333
37,331,667.6
38,331,667.616666667
39,331,667.633333333
40,331,667.65
41,331,667.666666667
42,331,667.683333333
43,331,667.7
44,331,667.716666667
45,331,667.733333333
46,331,667.75
47,331,667.766666667
48,331,667.783333333
49,331,667.8
50,331,667.816666667
51,331,667.833333333
52,331,667.85
53,331,667.866666667
54,331,667.883333333
55,331,667.9
56,331,667.916666667
57,331,667.933333333
58,331,667.95
59,331,667.966666667
60,331,667.983333333
61,331,668
62,331,668.016666667
63,331,668.033333333
64,331,668.05
65,331,668.066666667
66,331,668.083333333
67,331,668.1
68,331,668.116666667
69,331,668.133333333
70,331,668.15
71,331,668.166666667
72,331,668.183333333
73,331,668.2
74,331,668.216666667
75,331,668.233333333
76,331,668.25
77,331,668.266666667
78,331,668.283333333
79,331,668.3
80,331,668.316666667
81,331,668.333333333
82,331,668.35
83,331,668.366666667
84,331,668.383333333
85,331,668.4
86,331,668.416666667
87,331,668.433333333
88,331,668.45
89,331,668.466666667
90,331,668.483333333
91,331,668.5
92,331,668.516666667
93,331,668.533333333
94,331,668.55
95,331,668.566666667
96,331,668.583333333
97,331,668.6
98,331,668.616666667
99,331,668.633333333
100,331,668.65
101,331,668.666666667
102,331,668.683333333
103,331,668.7
104,331,668.716666667
105,331,668.733333333
106,331,668.75
107,331,668.766666667
108,331,668.783333333
109,331,668.8
110,331,668.816666667
111,331,668.833333333
112,331,668.85
113,331,668.866666667
114,331,668.883333333
115,331,668.9
116,331,668.916666667
117,331,668.933333333
118,331,668.95
119,331,668.966666667
120,331,668.983333333
1,332,669
2,332,669.016666667
3,332,669.033333333
4,332,669.05
5,332,669.066666667
6,332,669.083333333
7,332,669.1
8,332,669.116666667
9,332,669.133333333
10,332,669.15
11,332,669.166666667
12,332,669.183333333
13,332,669.2
14,332,669.216666667
15,332,669.233333333
16,332,669.25
17,332,669.266666667
18,332,669.283333333
19,332,669.3
20,332,669.316666667
21,332,669.333333333
22,332,669.35
23,332,669.366666667
24,332,669.383333333
25,332,669.4
26,332,669.416666667
27,332,669.433333333
28,332,669.45
29,332,669.466666667
30,332,669.483333333
31,332,669.5
32,332,669.516666667
33,332,669.533333333
34,332,669.55
35,332,669.566666667
36,332,669.583333333
37,332,669.6
38,332,669.616666667
39,332,669.633333333
40,332,669.65
41,332,669.666666667
42,332,669.683333333
43,332,669.7
44,332,669.716666667
45,332,669.733333333
46,332,669.75
47,332,669.766666667
48,332,669.783333333
49,332,669.8
50,332,669.816666667
51,332,669.833333333
52,332,669.85
53,332,669.866666667
54,332,669.883333333
55,332,669.9
56,332,669.916666667
57,332,669.933333333
58,332,669.95
59,332,669.966666667
60,332,669.983333333
61,332,670
62,332,670.016666667
63,332,670.033333333
64,332,670.05
65,332,670.066666667
66,332,670.083333333
67,332,670.1
68,332,670.116666667
69,332,670.133333333
70,332,670.15
71,332,670.166666667
72,332,670.183333333
73,332,670.2
74,332,670.216666667
75,332,670.233333333
76,332,670.25
77,332,670.266666667
78,332,670.283333333
79,332,670.3
80,332,670.316666667
81,332,670.333333333
82,332,670.35
83,332,670.366666667
84,332,670.383333333
85,332,670.4
86,332,670.416666667
87,332,670.433333333
88,332,670.45
89,332,670.466666667
90,332,670.483333333
91,332,670.5
92,332,670.516666667
93,332,670.533333333
94,332,670.55
95,332,670.566666667
96,332,670.583333333
97,332,670.6
98,332,670.616666667
99,332,670.633333333
100,332,670.65
101,332,670.666666667
102,332,670.683333333
103,332,670.7
104,332,670.716666667
105,332,670.733333333
106,332,670.75
107,332,670.766666667
108,332,670.783333333
109,332,670.8
110,332,670.816666667
111,332,670.833333333
112,332,670.85
113,332,670.866666667
114,332,670.883333333
115,332,670.9
116,332,670.916666667
117,332,670.933333333
118,332,670.95
119,332,670.966666667
120,332,670.983333333
1,333,671
2,333,671.016666667
3,333,671.033333333
4,333,671.05
5,333,671.066666667
6,333,671.083333333
7,333,671.1
8,333,671.116666667
9,333,671.133333333
10,333,671.15
11,333,671.166666667
12,333,671.183333333
13,333,671.2
14,333,671.216666667
15,333,671.233333333
16,333,671.25
17,333,671.266666667
18,333,671.283333333
19,333,671.3
20,333,671.316666667
21,333,671.333333333
22,333,671.35
23,333,671.366666667
24,333,671.383333333
25,333,671.4
26,333,671.416666667
27,333,671.433333333
28,333,671.45
29,333,671.466666667
30,333,671.483333333
31,333,671.5
32,333,671.516666667
33,333,671.533333333
34,333,671.55
35,333,671.566666667
36,333,671.583333333
37,333,671.6
38,333,671.616666667
39,333,671.633333333
40,333,671.65
41,333,671.666666667
42,333,671.683333333
43,333,671.7
44,333,671.716666667
45,333,671.733333333
46,333,671.75
47,333,671.766666667
48,333,671.783333333
49,333,671.8
50,333,671.816666667
51,333,671.833333333
52,333,671.85
53,333,671.866666667
54,333,671.883333333
55,333,671.9
56,333,671.916666667
57,333,671.933333333
58,333,671.95
59,333,671.966666667
60,333,671.983333333
61,333,672
62,333,672.016666667
63,333,672.033333333
64,333,672.05
65,333,672.066666667
66,333,672.083333333
67,333,672.1
68,333,672.116666667
69,333,672.133333333
70,333,672.15
71,333,672.166666667
72,333,672.183333333
73,333,672.2
74,333,672.216666667
75,333,672.233333333
76,333,672.25
77,333,672.266666667
78,333,672.283333333
79,333,672.3
80,333,672.316666667
81,333,672.333333333
82,333,672.35
83,333,672.366666667
84,333,672.383333333
85,333,672.4
86,333,672.416666667
87,333,672.433333333
88,333,672.45
89,333,672.466666667
90,333,672.483333333
91,333,672.5
92,333,672.516666667
93,333,672.533333333
94,333,672.55
95,333,672.566666667
96,333,672.583333333
97,333,672.6
98,333,672.616666667
99,333,672.633333333
100,333,672.65
101,333,672.666666667
102,333,672.683333333
103,333,672.7
104,333,672.716666667
105,333,672.733333333
106,333,672.75
107,333,672.766666667
108,333,672.783333333
109,333,672.8
110,333,672.816666667
111,333,672.833333333
112,333,672.85
113,333,672.866666667
114,333,672.883333333
115,333,672.9
116,333,672.916666667
117,333,672.933333333
118,333,672.95
119,333,672.966666667
120,333,672.983333333
1,334,673
2,334,673.016666667
3,334,673.033333333
4,334,673.05
5,334,673.066666667
6,334,673.083333333
7,334,673.1
8,334,673.116666667
9,334,673.133333333
10,334,673.15
11,334,673.166666667
12,334,673.183333333
13,334,673.2
14,334,673.216666667
15,334,673.233333333
16,334,673.25
17,334,673.266666667
18,334,673.283333333
19,334,673.3
20,334,673.316666667
21,334,673.333333333
22,334,673.35
23,334,673.366666667
24,334,673.383333333
25,334,673.4
26,334,673.416666667
27,334,673.433333333
28,334,673.45
29,334,673.466666667
30,334,673.483333333
31,334,673.5
32,334,673.516666667
33,334,673.533333333
34,334,673.55
35,334,673.566666667
36,334,673.583333333
37,334,673.6
38,334,673.616666667
39,334,673.633333333
40,334,673.65
41,334,673.666666667
42,334,673.683333333
43,334,673.7
44,334,673.716666667
45,334,673.733333333
46,334,673.75
47,334,673.766666667
48,334,673.783333333
49,334,673.8
50,334,673.816666667
51,334,673.833333333
52,334,673.85
53,334,673.866666667
54,334,673.883333333
55,334,673.9
56,334,673.916666667
57,334,673.933333333
58,334,673.95
59,334,673.966666667
60,334,673.983333333
61,334,674
62,334,674.016666667
63,334,674.033333333
64,334,674.05
65,334,674.066666667
66,334,674.083333333
67,334,674.1
68,334,674.116666667
69,334,674.133333333
70,334,674.15
71,334,674.166666667
72,334,674.183333333
73,334,674.2
74,334,674.216666667
75,334,674.233333333
76,334,674.25
77,334,674.266666667
78,334,674.283333333
79,334,674.3
80,334,674.316666667
81,334,674.333333333
82,334,674.35
83,334,674.366666667
84,334,674.383333333
85,334,674.4
86,334,674.416666667
87,334,674.433333333
88,334,674.45
89,334,674.466666667
90,334,674.483333333
91,334,674.5
92,334,674.516666667
93,334,674.533333333
94,334,674.55
95,334,674.566666667
96,334,674.583333333
97,334,674.6
98,334,674.616666667
99,334,674.633333333
100,334,674.65
101,334,674.666666667
102,334,674.683333333
103,334,674.7
104,334,674.716666667
105,334,674.733333333
106,334,674.75
107,334,674.766666667
108,334,674.783333333
109,334,674.8
110,334,674.816666667
111,334,674.833333333
112,334,674.85
113,334,674.866666667
114,334,674.883333333
115,334,674.9
116,334,674.916666667
117,334,674.933333333
118,334,674.95
119,334,674.966666667
120,334,674.983333333
1,335,675
2,335,675.016666667
3,335,675.033333333
4,335,675.05
5,335,675.066666667
6,335,675.083333333
7,335,675.1
8,335,675.116666667
9,335,675.133333333
10,335,675.15
11,335,675.166666667
12,335,675.183333333
13,335,675.2
14,335,675.216666667
15,335,675.233333333
16,335,675.25
17,335,675.266666667
18,335,675.283333333
19,335,675.3
20,335,675.316666667
21,335,675.333333333
22,335,675.35
23,335,675.366666667
24,335,675.383333333
25,335,675.4
26,335,675.416666667
27,335,675.433333333
28,335,675.45
29,335,675.466666667
30,335,675.483333333
31,335,675.5
32,335,675.516666667
33,335,675.533333333
34,335,675.55
35,335,675.566666667
36,335,675.583333333
37,335,675.6
38,335,675.616666667
39,335,675.633333333
40,335,675.65
41,335,675.666666667
42,335,675.683333333
43,335,675.7
44,335,675.716666667
45,335,675.733333333
46,335,675.75
47,335,675.766666667
48,335,675.783333333
49,335,675.8
50,335,675.816666667
51,335,675.833333333
52,335,675.85
53,335,675.866666667
54,335,675.883333333
55,335,675.9
56,335,675.916666667
57,335,675.933333333
58,335,675.95
59,335,675.966666667
60,335,675.983333333
61,335,676
62,335,676.016666667
63,335,676.033333333
64,335,676.05
65,335,676.066666667
66,335,676.083333333
67,335,676.1
68,335,676.116666667
69,335,676.133333333
70,335,676.15
71,335,676.166666667
72,335,676.183333333
73,335,676.2
74,335,676.216666667
75,335,676.233333333
76,335,676.25
77,335,676.266666667
78,335,676.283333333
79,335,676.3
80,335,676.316666667
81,335,676.333333333
82,335,676.35
83,335,676.366666667
84,335,676.383333333
85,335,676.4
86,335,676.416666667
87,335,676.433333333
88,335,676.45
89,335,676.466666667
90,335,676.483333333
91,335,676.5
92,335,676.516666667
93,335,676.533333333
94,335,676.55
95,335,676.566666667
96,335,676.583333333
97,335,676.6
98,335,676.616666667
99,335,676.633333333
100,335,676.65
101,335,676.666666667
102,335,676.683333333
103,335,676.7
104,335,676.716666667
105,335,676.733333333
106,335,676.75
107,335,676.766666667
108,335,676.783333333
109,335,676.8
110,335,676.816666667
111,335,676.833333333
112,335,676.85
113,335,676.866666667
114,335,676.883333333
115,335,676.9
116,335,676.916666667
117,335,676.933333333
118,335,676.95
119,335,676.966666667
120,335,676.983333333
1,336,677
2,336,677.016666667
3,336,677.033333333
4,336,677.05
5,336,677.066666667
6,336,677.083333333
7,336,677.1
8,336,677.116666667
9,336,677.133333333
10,336,677.15
11,336,677.166666667
12,336,677.183333333
13,336,677.2
14,336,677.216666667
15,336,677.233333333
16,336,677.25
17,336,677.266666667
18,336,677.283333333
19,336,677.3
20,336,677.316666667
21,336,677.333333333
22,336,677.35
23,336,677.366666667
24,336,677.383333333
25,336,677.4
26,336,677.416666667
27,336,677.433333333
28,336,677.45
29,336,677.466666667
30,336,677.483333333
31,336,677.5
32,336,677.516666667
33,336,677.533333333
34,336,677.55
35,336,677.566666667
36,336,677.583333333
37,336,677.6
38,336,677.616666667
39,336,677.633333333
40,336,677.65
41,336,677.666666667
42,336,677.683333333
43,336,677.7
44,336,677.716666667
45,336,677.733333333
46,336,677.75
47,336,677.766666667
48,336,677.783333333
49,336,677.8
50,336,677.816666667
51,336,677.833333333
52,336,677.85
53,336,677.866666667
54,336,677.883333333
55,336,677.9
56,336,677.916666667
57,336,677.933333333
58,336,677.95
59,336,677.966666667
60,336,677.983333333
61,336,678
62,336,678.016666667
63,336,678.033333333
64,336,678.05
65,336,678.066666667
66,336,678.083333333
67,336,678.1
68,336,678.116666667
69,336,678.133333333
70,336,678.15
71,336,678.166666667
72,336,678.183333333
73,336,678.2
74,336,678.216666667
75,336,678.233333333
76,336,678.25
77,336,678.266666667
78,336,678.283333333
79,336,678.3
80,336,678.316666667
81,336,678.333333333
82,336,678.35
83,336,678.366666667
84,336,678.383333333
85,336,678.4
86,336,678.416666667
87,336,678.433333333
88,336,678.45
89,336,678.466666667
90,336,678.483333333
91,336,678.5
92,336,678.516666667
93,336,678.533333333
94,336,678.55
95,336,678.566666667
96,336,678.583333333
97,336,678.6
98,336,678.616666667
99,336,678.633333333
100,336,678.65
101,336,678.666666667
102,336,678.683333333
103,336,678.7
104,336,678.716666667
105,336,678.733333333
106,336,678.75
107,336,678.766666667
108,336,678.783333333
109,336,678.8
110,336,678.816666667
111,336,678.833333333
112,336,678.85
113,336,678.866666667
114,336,678.883333333
115,336,678.9
116,336,678.916666667
117,336,678.933333333
118,336,678.95
119,336,678.966666667
120,336,678.983333333
1,337,679
2,337,679.016666667
3,337,679.033333333
4,337,679.05
5,337,679.066666667
6,337,679.083333333
7,337,679.1
8,337,679.116666667
9,337,679.133333333
10,337,679.15
11,337,679.166666667
12,337,679.183333333
13,337,679.2
14,337,679.216666667
15,337,679.233333333
16,337,679.25
17,337,679.266666667
18,337,679.283333333
19,337,679.3
20,337,679.316666667
21,337,679.333333333
22,337,679.35
23,337,679.366666667
24,337,679.383333333
25,337,679.4
26,337,679.416666667
27,337,679.433333333
28,337,679.45
29,337,679.466666667
30,337,679.483333333
31,337,679.5
32,337,679.516666667
33,337,679.533333333
34,337,679.55
35,337,679.566666667
36,337,679.583333333
37,337,679.6
38,337,679.616666667
39,337,679.633333333
40,337,679.65
41,337,679.666666667
42,337,679.683333333
43,337,679.7
44,337,679.716666667
45,337,679.733333333
46,337,679.75
47,337,679.766666667
48,337,679.783333333
49,337,679.8
50,337,679.816666667
51,337,679.833333333
52,337,679.85
53,337,679.866666667
54,337,679.883333333
55,337,679.9
56,337,679.916666667
57,337,679.933333333
58,337,679.95
59,337,679.966666667
60,337,679.983333333
61,337,680
62,337,680.016666667
63,337,680.033333333
64,337,680.05
65,337,680.066666667
66,337,680.083333333
67,337,680.1
68,337,680.116666667
69,337,680.133333333
70,337,680.15
71,337,680.166666667
72,337,680.183333333
73,337,680.2
74,337,680.216666667
75,337,680.233333333
76,337,680.25
77,337,680.266666667
78,337,680.283333333
79,337,680.3
80,337,680.316666667
81,337,680.333333333
82,337,680.35
83,337,680.366666667
84,337,680.383333333
85,337,680.4
86,337,680.416666667
87,337,680.433333333
88,337,680.45
89,337,680.466666667
90,337,680.483333333
91,337,680.5
92,337,680.516666667
93,337,680.533333333
94,337,680.55
95,337,680.566666667
96,337,680.583333333
97,337,680.6
98,337,680.616666667
99,337,680.633333333
100,337,680.65
101,337,680.666666667
102,337,680.683333333
103,337,680.7
104,337,680.716666667
105,337,680.733333333
106,337,680.75
107,337,680.766666667
108,337,680.783333333
109,337,680.8
110,337,680.816666667
111,337,680.833333333
112,337,680.85
113,337,680.866666667
114,337,680.883333333
115,337,680.9
116,337,680.916666667
117,337,680.933333333
118,337,680.95
119,337,680.966666667
120,337,680.983333333
1,338,681
2,338,681.016666667
3,338,681.033333333
4,338,681.05
5,338,681.066666667
6,338,681.083333333
7,338,681.1
8,338,681.116666667
9,338,681.133333333
10,338,681.15
11,338,681.166666667
12,338,681.183333333
13,338,681.2
14,338,681.216666667
15,338,681.233333333
16,338,681.25
17,338,681.266666667
18,338,681.283333333
19,338,681.3
20,338,681.316666667
21,338,681.333333333
22,338,681.35
23,338,681.366666667
24,338,681.383333333
25,338,681.4
26,338,681.416666667
27,338,681.433333333
28,338,681.45
29,338,681.466666667
30,338,681.483333333
31,338,681.5
32,338,681.516666667
33,338,681.533333333
34,338,681.55
35,338,681.566666667
36,338,681.583333333
37,338,681.6
38,338,681.616666667
39,338,681.633333333
40,338,681.65
41,338,681.666666667
42,338,681.683333333
43,338,681.7
44,338,681.716666667
45,338,681.733333333
46,338,681.75
47,338,681.766666667
48,338,681.783333333
49,338,681.8
50,338,681.816666667
51,338,681.833333333
52,338,681.85
53,338,681.866666667
54,338,681.883333333
55,338,681.9
56,338,681.916666667
57,338,681.933333333
58,338,681.95
59,338,681.966666667
60,338,681.983333333
61,338,682
62,338,682.016666667
63,338,682.033333333
64,338,682.05
65,338,682.066666667
66,338,682.083333333
67,338,682.1
68,338,682.116666667
69,338,682.133333333
70,338,682.15
71,338,682.166666667
72,338,682.183333333
73,338,682.2
74,338,682.216666667
75,338,682.233333333
76,338,682.25
77,338,682.266666667
78,338,682.283333333
79,338,682.3
80,338,682.316666667
81,338,682.333333333
82,338,682.35
83,338,682.366666667
84,338,682.383333333
85,338,682.4
86,338,682.416666667
87,338,682.433333333
88,338,682.45
89,338,682.466666667
90,338,682.483333333
91,338,682.5
92,338,682.516666667
93,338,682.533333333
94,338,682.55
95,338,682.566666667
96,338,682.583333333
97,338,682.6
98,338,682.616666667
99,338,682.633333333
100,338,682.65
101,338,682.666666667
102,338,682.683333333
103,338,682.7
104,338,682.716666667
105,338,682.733333333
106,338,682.75
107,338,682.766666667
108,338,682.783333333
109,338,682.8
110,338,682.816666667
111,338,682.833333333
112,338,682.85
113,338,682.866666667
114,338,682.883333333
115,338,682.9
116,338,682.916666667
117,338,682.933333333
118,338,682.95
119,338,682.966666667
120,338,682.983333333
1,339,683
2,339,683.016666667
3,339,683.033333333
4,339,683.05
5,339,683.066666667
6,339,683.083333333
7,339,683.1
8,339,683.116666667
9,339,683.133333333
10,339,683.15
11,339,683.166666667
12,339,683.183333333
13,339,683.2
14,339,683.216666667
15,339,683.233333333
16,339,683.25
17,339,683.266666667
18,339,683.283333333
19,339,683.3
20,339,683.316666667
21,339,683.333333333
22,339,683.35
23,339,683.366666667
24,339,683.383333333
25,339,683.4
26,339,683.416666667
27,339,683.433333333
28,339,683.45
29,339,683.466666667
30,339,683.483333333
31,339,683.5
32,339,683.516666667
33,339,683.533333333
34,339,683.55
35,339,683.566666667
36,339,683.583333333
37,339,683.6
38,339,683.616666667
39,339,683.633333333
40,339,683.65
41,339,683.666666667
42,339,683.683333333
43,339,683.7
44,339,683.716666667
45,339,683.733333333
46,339,683.75
47,339,683.766666667
48,339,683.783333333
49,339,683.8
50,339,683.816666667
51,339,683.833333333
52,339,683.85
53,339,683.866666667
54,339,683.883333333
55,339,683.9
56,339,683.916666667
57,339,683.933333333
58,339,683.95
59,339,683.966666667
60,339,683.983333333
61,339,684
62,339,684.016666667
63,339,684.033333333
64,339,684.05
65,339,684.066666667
66,339,684.083333333
67,339,684.1
68,339,684.116666667
69,339,684.133333333
70,339,684.15
71,339,684.166666667
72,339,684.183333333
73,339,684.2
74,339,684.216666667
75,339,684.233333333
76,339,684.25
77,339,684.266666667
78,339,684.283333333
79,339,684.3
80,339,684.316666667
81,339,684.333333333
82,339,684.35
83,339,684.366666667
84,339,684.383333333
85,339,684.4
86,339,684.416666667
87,339,684.433333333
88,339,684.45
89,339,684.466666667
90,339,684.483333333
91,339,684.5
92,339,684.516666667
93,339,684.533333333
94,339,684.55
95,339,684.566666667
96,339,684.583333333
97,339,684.6
98,339,684.616666667
99,339,684.633333333
100,339,684.65
101,339,684.666666667
102,339,684.683333333
103,339,684.7
104,339,684.716666667
105,339,684.733333333
106,339,684.75
107,339,684.766666667
108,339,684.783333333
109,339,684.8
110,339,684.816666667
111,339,684.833333333
112,339,684.85
113,339,684.866666667
114,339,684.883333333
115,339,684.9
116,339,684.916666667
117,339,684.933333333
118,339,684.95
119,339,684.966666667
120,339,684.983333333
1,340,685
2,340,685.016666667
3,340,685.033333333
4,340,685.05
5,340,685.066666667
6,340,685.083333333
7,340,685.1
8,340,685.116666667
9,340,685.133333333
10,340,685.15
11,340,685.166666667
12,340,685.183333333
13,340,685.2
14,340,685.216666667
15,340,685.233333333
16,340,685.25
17,340,685.266666667
18,340,685.283333333
19,340,685.3
20,340,685.316666667
21,340,685.333333333
22,340,685.35
23,340,685.366666667
24,340,685.383333333
25,340,685.4
26,340,685.416666667
27,340,685.433333333
28,340,685.45
29,340,685.466666667
30,340,685.483333333
31,340,685.5
32,340,685.516666667
33,340,685.533333333
34,340,685.55
35,340,685.566666667
36,340,685.583333333
37,340,685.6
38,340,685.616666667
39,340,685.633333333
40,340,685.65
41,340,685.666666667
42,340,685.683333333
43,340,685.7
44,340,685.716666667
45,340,685.733333333
46,340,685.75
47,340,685.766666667
48,340,685.783333333
49,340,685.8
50,340,685.816666667
51,340,685.833333333
52,340,685.85
53,340,685.866666667
54,340,685.883333333
55,340,685.9
56,340,685.916666667
57,340,685.933333333
58,340,685.95
59,340,685.966666667
60,340,685.983333333
61,340,686
62,340,686.016666667
63,340,686.033333333
64,340,686.05
65,340,686.066666667
66,340,686.083333333
67,340,686.1
68,340,686.116666667
69,340,686.133333333
70,340,686.15
71,340,686.166666667
72,340,686.183333333
73,340,686.2
74,340,686.216666667
75,340,686.233333333
76,340,686.25
77,340,686.266666667
78,340,686.283333333
79,340,686.3
80,340,686.316666667
81,340,686.333333333
82,340,686.35
83,340,686.366666667
84,340,686.383333333
85,340,686.4
86,340,686.416666667
87,340,686.433333333
88,340,686.45
89,340,686.466666667
90,340,686.483333333
91,340,686.5
92,340,686.516666667
93,340,686.533333333
94,340,686.55
95,340,686.566666667
96,340,686.583333333
97,340,686.6
98,340,686.616666667
99,340,686.633333333
100,340,686.65
101,340,686.666666667
102,340,686.683333333
103,340,686.7
104,340,686.716666667
105,340,686.733333333
106,340,686.75
107,340,686.766666667
108,340,686.783333333
109,340,686.8
110,340,686.816666667
111,340,686.833333333
112,340,686.85
113,340,686.866666667
114,340,686.883333333
115,340,686.9
116,340,686.916666667
117,340,686.933333333
118,340,686.95
119,340,686.966666667
120,340,686.983333333
1,341,687
2,341,687.016666667
3,341,687.033333333
4,341,687.05
5,341,687.066666667
6,341,687.083333333
7,341,687.1
8,341,687.116666667
9,341,687.133333333
10,341,687.15
11,341,687.166666667
12,341,687.183333333
13,341,687.2
14,341,687.216666667
15,341,687.233333333
16,341,687.25
17,341,687.266666667
18,341,687.283333333
19,341,687.3
20,341,687.316666667
21,341,687.333333333
22,341,687.35
23,341,687.366666667
24,341,687.383333333
25,341,687.4
26,341,687.416666667
27,341,687.433333333
28,341,687.45
29,341,687.466666667
30,341,687.483333333
31,341,687.5
32,341,687.516666667
33,341,687.533333333
34,341,687.55
35,341,687.566666667
36,341,687.583333333
37,341,687.6
38,341,687.616666667
39,341,687.633333333
40,341,687.65
41,341,687.666666667
42,341,687.683333333
43,341,687.7
44,341,687.716666667
45,341,687.733333333
46,341,687.75
47,341,687.766666667
48,341,687.783333333
49,341,687.8
50,341,687.816666667
51,341,687.833333333
52,341,687.85
53,341,687.866666667
54,341,687.883333333
55,341,687.9
56,341,687.916666667
57,341,687.933333333
58,341,687.95
59,341,687.966666667
60,341,687.983333333
61,341,688
62,341,688.016666667
63,341,688.033333333
64,341,688.05
65,341,688.066666667
66,341,688.083333333
67,341,688.1
68,341,688.116666667
69,341,688.133333333
70,341,688.15
71,341,688.166666667
72,341,688.183333333
73,341,688.2
74,341,688.216666667
75,341,688.233333333
76,341,688.25
77,341,688.266666667
78,341,688.283333333
79,341,688.3
80,341,688.316666667
81,341,688.333333333
82,341,688.35
83,341,688.366666667
84,341,688.383333333
85,341,688.4
86,341,688.416666667
87,341,688.433333333
88,341,688.45
89,341,688.466666667
90,341,688.483333333
91,341,688.5
92,341,688.516666667
93,341,688.533333333
94,341,688.55
95,341,688.566666667
96,341,688.583333333
97,341,688.6
98,341,688.616666667
99,341,688.633333333
100,341,688.65
101,341,688.666666667
102,341,688.683333333
103,341,688.7
104,341,688.716666667
105,341,688.733333333
106,341,688.75
107,341,688.766666667
108,341,688.783333333
109,341,688.8
110,341,688.816666667
111,341,688.833333333
112,341,688.85
113,341,688.866666667
114,341,688.883333333
115,341,688.9
116,341,688.916666667
117,341,688.933333333
118,341,688.95
119,341,688.966666667
120,341,688.983333333
1,342,689
2,342,689.016666667
3,342,689.033333333
4,342,689.05
5,342,689.066666667
6,342,689.083333333
7,342,689.1
8,342,689.116666667
9,342,689.133333333
10,342,689.15
11,342,689.166666667
12,342,689.183333333
13,342,689.2
14,342,689.216666667
15,342,689.233333333
16,342,689.25
17,342,689.266666667
18,342,689.283333333
19,342,689.3
20,342,689.316666667
21,342,689.333333333
22,342,689.35
23,342,689.366666667
24,342,689.383333333
25,342,689.4
26,342,689.416666667
27,342,689.433333333
28,342,689.45
29,342,689.466666667
30,342,689.483333333
31,342,689.5
32,342,689.516666667
33,342,689.533333333
34,342,689.55
35,342,689.566666667
36,342,689.583333333
37,342,689.6
38,342,689.616666667
39,342,689.633333333
40,342,689.65
41,342,689.666666667
42,342,689.683333333
43,342,689.7
44,342,689.716666667
45,342,689.733333333
46,342,689.75
47,342,689.766666667
48,342,689.783333333
49,342,689.8
50,342,689.816666667
51,342,689.833333333
52,342,689.85
53,342,689.866666667
54,342,689.883333333
55,342,689.9
56,342,689.916666667
57,342,689.933333333
58,342,689.95
59,342,689.966666667
60,342,689.983333333
61,342,690
62,342,690.016666667
63,342,690.033333333
64,342,690.05
65,342,690.066666667
66,342,690.083333333
67,342,690.1
68,342,690.116666667
69,342,690.133333333
70,342,690.15
71,342,690.166666667
72,342,690.183333333
73,342,690.2
74,342,690.216666667
75,342,690.233333333
76,342,690.25
77,342,690.266666667
78,342,690.283333333
79,342,690.3
80,342,690.316666667
81,342,690.333333333
82,342,690.35
83,342,690.366666667
84,342,690.383333333
85,342,690.4
86,342,690.416666667
87,342,690.433333333
88,342,690.45
89,342,690.466666667
90,342,690.483333333
91,342,690.5
92,342,690.516666667
93,342,690.533333333
94,342,690.55
95,342,690.566666667
96,342,690.583333333
97,342,690.6
98,342,690.616666667
99,342,690.633333333
100,342,690.65
101,342,690.666666667
102,342,690.683333333
103,342,690.7
104,342,690.716666667
105,342,690.733333333
106,342,690.75
107,342,690.766666667
108,342,690.783333333
109,342,690.8
110,342,690.816666667
111,342,690.833333333
112,342,690.85
113,342,690.866666667
114,342,690.883333333
115,342,690.9
116,342,690.916666667
117,342,690.933333333
118,342,690.95
119,342,690.966666667
120,342,690.983333333
1,343,691
2,343,691.016666667
3,343,691.033333333
4,343,691.05
5,343,691.066666667
6,343,691.083333333
7,343,691.1
8,343,691.116666667
9,343,691.133333333
10,343,691.15
11,343,691.166666667
12,343,691.183333333
13,343,691.2
14,343,691.216666667
15,343,691.233333333
16,343,691.25
17,343,691.266666667
18,343,691.283333333
19,343,691.3
20,343,691.316666667
21,343,691.333333333
22,343,691.35
23,343,691.366666667
24,343,691.383333333
25,343,691.4
26,343,691.416666667
27,343,691.433333333
28,343,691.45
29,343,691.466666667
30,343,691.483333333
31,343,691.5
32,343,691.516666667
33,343,691.533333333
34,343,691.55
35,343,691.566666667
36,343,691.583333333
37,343,691.6
38,343,691.616666667
39,343,691.633333333
40,343,691.65
41,343,691.666666667
42,343,691.683333333
43,343,691.7
44,343,691.716666667
45,343,691.733333333
46,343,691.75
47,343,691.766666667
48,343,691.783333333
49,343,691.8
50,343,691.816666667
51,343,691.833333333
52,343,691.85
53,343,691.866666667
54,343,691.883333333
55,343,691.9
56,343,691.916666667
57,343,691.933333333
58,343,691.95
59,343,691.966666667
60,343,691.983333333
61,343,692
62,343,692.016666667
63,343,692.033333333
64,343,692.05
65,343,692.066666667
66,343,692.083333333
67,343,692.1
68,343,692.116666667
69,343,692.133333333
70,343,692.15
71,343,692.166666667
72,343,692.183333333
73,343,692.2
74,343,692.216666667
75,343,692.233333333
76,343,692.25
77,343,692.266666667
78,343,692.283333333
79,343,692.3
80,343,692.316666667
81,343,692.333333333
82,343,692.35
83,343,692.366666667
84,343,692.383333333
85,343,692.4
86,343,692.416666667
87,343,692.433333333
88,343,692.45
89,343,692.466666667
90,343,692.483333333
91,343,692.5
92,343,692.516666667
93,343,692.533333333
94,343,692.55
95,343,692.566666667
96,343,692.583333333
97,343,692.6
98,343,692.616666667
99,343,692.633333333
100,343,692.65
101,343,692.666666667
102,343,692.683333333
103,343,692.7
104,343,692.716666667
105,343,692.733333333
106,343,692.75
107,343,692.766666667
108,343,692.783333333
109,343,692.8
110,343,692.816666667
111,343,692.833333333
112,343,692.85
113,343,692.866666667
114,343,692.883333333
115,343,692.9
116,343,692.916666667
117,343,692.933333333
118,343,692.95
119,343,692.966666667
120,343,692.983333333
1,344,693
2,344,693.016666667
3,344,693.033333333
4,344,693.05
5,344,693.066666667
6,344,693.083333333
7,344,693.1
8,344,693.116666667
9,344,693.133333333
10,344,693.15
11,344,693.166666667
12,344,693.183333333
13,344,693.2
14,344,693.216666667
15,344,693.233333333
16,344,693.25
17,344,693.266666667
18,344,693.283333333
19,344,693.3
20,344,693.316666667
21,344,693.333333333
22,344,693.35
23,344,693.366666667
24,344,693.383333333
25,344,693.4
26,344,693.416666667
27,344,693.433333333
28,344,693.45
29,344,693.466666667
30,344,693.483333333
31,344,693.5
32,344,693.516666667
33,344,693.533333333
34,344,693.55
35,344,693.566666667
36,344,693.583333333
37,344,693.6
38,344,693.616666667
39,344,693.633333333
40,344,693.65
41,344,693.666666667
42,344,693.683333333
43,344,693.7
44,344,693.716666667
45,344,693.733333333
46,344,693.75
47,344,693.766666667
48,344,693.783333333
49,344,693.8
50,344,693.816666667
51,344,693.833333333
52,344,693.85
53,344,693.866666667
54,344,693.883333333
55,344,693.9
56,344,693.916666667
57,344,693.933333333
58,344,693.95
59,344,693.966666667
60,344,693.983333333
61,344,694
62,344,694.016666667
63,344,694.033333333
64,344,694.05
65,344,694.066666667
66,344,694.083333333
67,344,694.1
68,344,694.116666667
69,344,694.133333333
70,344,694.15
71,344,694.166666667
72,344,694.183333333
73,344,694.2
74,344,694.216666667
75,344,694.233333333
76,344,694.25
77,344,694.266666667
78,344,694.283333333
79,344,694.3
80,344,694.316666667
81,344,694.333333333
82,344,694.35
83,344,694.366666667
84,344,694.383333333
85,344,694.4
86,344,694.416666667
87,344,694.433333333
88,344,694.45
89,344,694.466666667
90,344,694.483333333
91,344,694.5
92,344,694.516666667
93,344,694.533333333
94,344,694.55
95,344,694.566666667
96,344,694.583333333
97,344,694.6
98,344,694.616666667
99,344,694.633333333
100,344,694.65
101,344,694.666666667
102,344,694.683333333
103,344,694.7
104,344,694.716666667
105,344,694.733333333
106,344,694.75
107,344,694.766666667
108,344,694.783333333
109,344,694.8
110,344,694.816666667
111,344,694.833333333
112,344,694.85
113,344,694.866666667
114,344,694.883333333
115,344,694.9
116,344,694.916666667
117,344,694.933333333
118,344,694.95
119,344,694.966666667
120,344,694.983333333
1,345,695
2,345,695.016666667
3,345,695.033333333
4,345,695.05
5,345,695.066666667
6,345,695.083333333
7,345,695.1
8,345,695.116666667
9,345,695.133333333
10,345,695.15
11,345,695.166666667
12,345,695.183333333
13,345,695.2
14,345,695.216666667
15,345,695.233333333
16,345,695.25
17,345,695.266666667
18,345,695.283333333
19,345,695.3
20,345,695.316666667
21,345,695.333333333
22,345,695.35
23,345,695.366666667
24,345,695.383333333
25,345,695.4
26,345,695.416666667
27,345,695.433333333
28,345,695.45
29,345,695.466666667
30,345,695.483333333
31,345,695.5
32,345,695.516666667
33,345,695.533333333
34,345,695.55
35,345,695.566666667
36,345,695.583333333
37,345,695.6
38,345,695.616666667
39,345,695.633333333
40,345,695.65
41,345,695.666666667
42,345,695.683333333
43,345,695.7
44,345,695.716666667
45,345,695.733333333
46,345,695.75
47,345,695.766666667
48,345,695.783333333
49,345,695.8
50,345,695.816666667
51,345,695.833333333
52,345,695.85
53,345,695.866666667
54,345,695.883333333
55,345,695.9
56,345,695.916666667
57,345,695.933333333
58,345,695.95
59,345,695.966666667
60,345,695.983333333
61,345,696
62,345,696.016666667
63,345,696.033333333
64,345,696.05
65,345,696.066666667
66,345,696.083333333
67,345,696.1
68,345,696.116666667
69,345,696.133333333
70,345,696.15
71,345,696.166666667
72,345,696.183333333
73,345,696.2
74,345,696.216666667
75,345,696.233333333
76,345,696.25
77,345,696.266666667
78,345,696.283333333
79,345,696.3
80,345,696.316666667
81,345,696.333333333
82,345,696.35
83,345,696.366666667
84,345,696.383333333
85,345,696.4
86,345,696.416666667
87,345,696.433333333
88,345,696.45
89,345,696.466666667
90,345,696.483333333
91,345,696.5
92,345,696.516666667
93,345,696.533333333
94,345,696.55
95,345,696.566666667
96,345,696.583333333
97,345,696.6
98,345,696.616666667
99,345,696.633333333
100,345,696.65
101,345,696.666666667
102,345,696.683333333
103,345,696.7
104,345,696.716666667
105,345,696.733333333
106,345,696.75
107,345,696.766666667
108,345,696.783333333
109,345,696.8
110,345,696.816666667
111,345,696.833333333
112,345,696.85
113,345,696.866666667
114,345,696.883333333
115,345,696.9
116,345,696.916666667
117,345,696.933333333
118,345,696.95
119,345,696.966666667
120,345,696.983333333
1,346,697
2,346,697.016666667
3,346,697.033333333
4,346,697.05
5,346,697.066666667
6,346,697.083333333
7,346,697.1
8,346,697.116666667
9,346,697.133333333
10,346,697.15
11,346,697.166666667
12,346,697.183333333
13,346,697.2
14,346,697.216666667
15,346,697.233333333
16,346,697.25
17,346,697.266666667
18,346,697.283333333
19,346,697.3
20,346,697.316666667
21,346,697.333333333
22,346,697.35
23,346,697.366666667
24,346,697.383333333
25,346,697.4
26,346,697.416666667
27,346,697.433333333
28,346,697.45
29,346,697.466666667
30,346,697.483333333
31,346,697.5
32,346,697.516666667
33,346,697.533333333
34,346,697.55
35,346,697.566666667
36,346,697.583333333
37,346,697.6
38,346,697.616666667
39,346,697.633333333
40,346,697.65
41,346,697.666666667
42,346,697.683333333
43,346,697.7
44,346,697.716666667
45,346,697.733333333
46,346,697.75
47,346,697.766666667
48,346,697.783333333
49,346,697.8
50,346,697.816666667
51,346,697.833333333
52,346,697.85
53,346,697.866666667
54,346,697.883333333
55,346,697.9
56,346,697.916666667
57,346,697.933333333
58,346,697.95
59,346,697.966666667
60,346,697.983333333
61,346,698
62,346,698.016666667
63,346,698.033333333
64,346,698.05
65,346,698.066666667
66,346,698.083333333
67,346,698.1
68,346,698.116666667
69,346,698.133333333
70,346,698.15
71,346,698.166666667
72,346,698.183333333
73,346,698.2
74,346,698.216666667
75,346,698.233333333
76,346,698.25
77,346,698.266666667
78,346,698.283333333
79,346,698.3
80,346,698.316666667
81,346,698.333333333
82,346,698.35
83,346,698.366666667
84,346,698.383333333
85,346,698.4
86,346,698.416666667
87,346,698.433333333
88,346,698.45
89,346,698.466666667
90,346,698.483333333
91,346,698.5
92,346,698.516666667
93,346,698.533333333
94,346,698.55
95,346,698.566666667
96,346,698.583333333
97,346,698.6
98,346,698.616666667
99,346,698.633333333
100,346,698.65
101,346,698.666666667
102,346,698.683333333
103,346,698.7
104,346,698.716666667
105,346,698.733333333
106,346,698.75
107,346,698.766666667
108,346,698.783333333
109,346,698.8
110,346,698.816666667
111,346,698.833333333
112,346,698.85
113,346,698.866666667
114,346,698.883333333
115,346,698.9
116,346,698.916666667
117,346,698.933333333
118,346,698.95
119,346,698.966666667
120,346,698.983333333
1,347,699
2,347,699.016666667
3,347,699.033333333
4,347,699.05
5,347,699.066666667
6,347,699.083333333
7,347,699.1
8,347,699.116666667
9,347,699.133333333
10,347,699.15
11,347,699.166666667
12,347,699.183333333
13,347,699.2
14,347,699.216666667
15,347,699.233333333
16,347,699.25
17,347,699.266666667
18,347,699.283333333
19,347,699.3
20,347,699.316666667
21,347,699.333333333
22,347,699.35
23,347,699.366666667
24,347,699.383333333
25,347,699.4
26,347,699.416666667
27,347,699.433333333
28,347,699.45
29,347,699.466666667
30,347,699.483333333
31,347,699.5
32,347,699.516666667
33,347,699.533333333
34,347,699.55
35,347,699.566666667
36,347,699.583333333
37,347,699.6
38,347,699.616666667
39,347,699.633333333
40,347,699.65
41,347,699.666666667
42,347,699.683333333
43,347,699.7
44,347,699.716666667
45,347,699.733333333
46,347,699.75
47,347,699.766666667
48,347,699.783333333
49,347,699.8
50,347,699.816666667
51,347,699.833333333
52,347,699.85
53,347,699.866666667
54,347,699.883333333
55,347,699.9
56,347,699.916666667
57,347,699.933333333
58,347,699.95
59,347,699.966666667
60,347,699.983333333
61,347,700
62,347,700.016666667
63,347,700.033333333
64,347,700.05
65,347,700.066666667
66,347,700.083333333
67,347,700.1
68,347,700.116666667
69,347,700.133333333
70,347,700.15
71,347,700.166666667
72,347,700.183333333
73,347,700.2
74,347,700.216666667
75,347,700.233333333
76,347,700.25
77,347,700.266666667
78,347,700.283333333
79,347,700.3
80,347,700.316666667
81,347,700.333333333
82,347,700.35
83,347,700.366666667
84,347,700.383333333
85,347,700.4
86,347,700.416666667
87,347,700.433333333
88,347,700.45
89,347,700.466666667
90,347,700.483333333
91,347,700.5
92,347,700.516666667
93,347,700.533333333
94,347,700.55
95,347,700.566666667
96,347,700.583333333
97,347,700.6
98,347,700.616666667
99,347,700.633333333
100,347,700.65
101,347,700.666666667
102,347,700.683333333
103,347,700.7
104,347,700.716666667
105,347,700.733333333
106,347,700.75
107,347,700.766666667
108,347,700.783333333
109,347,700.8
110,347,700.816666667
111,347,700.833333333
112,347,700.85
113,347,700.866666667
114,347,700.883333333
115,347,700.9
116,347,700.916666667
117,347,700.933333333
118,347,700.95
119,347,700.966666667
120,347,700.983333333
1,348,701
2,348,701.016666667
3,348,701.033333333
4,348,701.05
5,348,701.066666667
6,348,701.083333333
7,348,701.1
8,348,701.116666667
9,348,701.133333333
10,348,701.15
11,348,701.166666667
12,348,701.183333333
13,348,701.2
14,348,701.216666667
15,348,701.233333333
16,348,701.25
17,348,701.266666667
18,348,701.283333333
19,348,701.3
20,348,701.316666667
21,348,701.333333333
22,348,701.35
23,348,701.366666667
24,348,701.383333333
25,348,701.4
26,348,701.416666667
27,348,701.433333333
28,348,701.45
29,348,701.466666667
30,348,701.483333333
31,348,701.5
32,348,701.516666667
33,348,701.533333333
34,348,701.55
35,348,701.566666667
36,348,701.583333333
37,348,701.6
38,348,701.616666667
39,348,701.633333333
40,348,701.65
41,348,701.666666667
42,348,701.683333333
43,348,701.7
44,348,701.716666667
45,348,701.733333333
46,348,701.75
47,348,701.766666667
48,348,701.783333333
49,348,701.8
50,348,701.816666667
51,348,701.833333333
52,348,701.85
53,348,701.866666667
54,348,701.883333333
55,348,701.9
56,348,701.916666667
57,348,701.933333333
58,348,701.95
59,348,701.966666667
60,348,701.983333333
61,348,702
62,348,702.016666667
63,348,702.033333333
64,348,702.05
65,348,702.066666667
66,348,702.083333333
67,348,702.1
68,348,702.116666667
69,348,702.133333333
70,348,702.15
71,348,702.166666667
72,348,702.183333333
73,348,702.2
74,348,702.216666667
75,348,702.233333333
76,348,702.25
77,348,702.266666667
78,348,702.283333333
79,348,702.3
80,348,702.316666667
81,348,702.333333333
82,348,702.35
83,348,702.366666667
84,348,702.383333333
85,348,702.4
86,348,702.416666667
87,348,702.433333333
88,348,702.45
89,348,702.466666667
90,348,702.483333333
91,348,702.5
92,348,702.516666667
93,348,702.533333333
94,348,702.55
95,348,702.566666667
96,348,702.583333333
97,348,702.6
98,348,702.616666667
99,348,702.633333333
100,348,702.65
101,348,702.666666667
102,348,702.683333333
103,348,702.7
104,348,702.716666667
105,348,702.733333333
106,348,702.75
107,348,702.766666667
108,348,702.783333333
109,348,702.8
110,348,702.816666667
111,348,702.833333333
112,348,702.85
113,348,702.866666667
114,348,702.883333333
115,348,702.9
116,348,702.916666667
117,348,702.933333333
118,348,702.95
119,348,702.966666667
120,348,702.983333333
1,349,703
2,349,703.016666667
3,349,703.033333333
4,349,703.05
5,349,703.066666667
6,349,703.083333333
7,349,703.1
8,349,703.116666667
9,349,703.133333333
10,349,703.15
11,349,703.166666667
12,349,703.183333333
13,349,703.2
14,349,703.216666667
15,349,703.233333333
16,349,703.25
17,349,703.266666667
18,349,703.283333333
19,349,703.3
20,349,703.316666667
21,349,703.333333333
22,349,703.35
23,349,703.366666667
24,349,703.383333333
25,349,703.4
26,349,703.416666667
27,349,703.433333333
28,349,703.45
29,349,703.466666667
30,349,703.483333333
31,349,703.5
32,349,703.516666667
33,349,703.533333333
34,349,703.55
35,349,703.566666667
36,349,703.583333333
37,349,703.6
38,349,703.616666667
39,349,703.633333333
40,349,703.65
41,349,703.666666667
42,349,703.683333333
43,349,703.7
44,349,703.716666667
45,349,703.733333333
46,349,703.75
47,349,703.766666667
48,349,703.783333333
49,349,703.8
50,349,703.816666667
51,349,703.833333333
52,349,703.85
53,349,703.866666667
54,349,703.883333333
55,349,703.9
56,349,703.916666667
57,349,703.933333333
58,349,703.95
59,349,703.966666667
60,349,703.983333333
61,349,704
62,349,704.016666667
63,349,704.033333333
64,349,704.05
65,349,704.066666667
66,349,704.083333333
67,349,704.1
68,349,704.116666667
69,349,704.133333333
70,349,704.15
71,349,704.166666667
72,349,704.183333333
73,349,704.2
74,349,704.216666667
75,349,704.233333333
76,349,704.25
77,349,704.266666667
78,349,704.283333333
79,349,704.3
80,349,704.316666667
81,349,704.333333333
82,349,704.35
83,349,704.366666667
84,349,704.383333333
85,349,704.4
86,349,704.416666667
87,349,704.433333333
88,349,704.45
89,349,704.466666667
90,349,704.483333333
91,349,704.5
92,349,704.516666667
93,349,704.533333333
94,349,704.55
95,349,704.566666667
96,349,704.583333333
97,349,704.6
98,349,704.616666667
99,349,704.633333333
100,349,704.65
101,349,704.666666667
102,349,704.683333333
103,349,704.7
104,349,704.716666667
105,349,704.733333333
106,349,704.75
107,349,704.766666667
108,349,704.783333333
109,349,704.8
110,349,704.816666667
111,349,704.833333333
112,349,704.85
113,349,704.866666667
114,349,704.883333333
115,349,704.9
116,349,704.916666667
117,349,704.933333333
118,349,704.95
119,349,704.966666667
120,349,704.983333333
1,350,705
2,350,705.016666667
3,350,705.033333333
4,350,705.05
5,350,705.066666667
6,350,705.083333333
7,350,705.1
8,350,705.116666667
9,350,705.133333333
10,350,705.15
11,350,705.166666667
12,350,705.183333333
13,350,705.2
14,350,705.216666667
15,350,705.233333333
16,350,705.25
17,350,705.266666667
18,350,705.283333333
19,350,705.3
20,350,705.316666667
21,350,705.333333333
22,350,705.35
23,350,705.366666667
24,350,705.383333333
25,350,705.4
26,350,705.416666667
27,350,705.433333333
28,350,705.45
29,350,705.466666667
30,350,705.483333333
31,350,705.5
32,350,705.516666667
33,350,705.533333333
34,350,705.55
35,350,705.566666667
36,350,705.583333333
37,350,705.6
38,350,705.616666667
39,350,705.633333333
40,350,705.65
41,350,705.666666667
42,350,705.683333333
43,350,705.7
44,350,705.716666667
45,350,705.733333333
46,350,705.75
47,350,705.766666667
48,350,705.783333333
49,350,705.8
50,350,705.816666667
51,350,705.833333333
52,350,705.85
53,350,705.866666667
54,350,705.883333333
55,350,705.9
56,350,705.916666667
57,350,705.933333333
58,350,705.95
59,350,705.966666667
60,350,705.983333333
61,350,706
62,350,706.016666667
63,350,706.033333333
64,350,706.05
65,350,706.066666667
66,350,706.083333333
67,350,706.1
68,350,706.116666667
69,350,706.133333333
70,350,706.15
71,350,706.166666667
72,350,706.183333333
73,350,706.2
74,350,706.216666667
75,350,706.233333333
76,350,706.25
77,350,706.266666667
78,350,706.283333333
79,350,706.3
80,350,706.316666667
81,350,706.333333333
82,350,706.35
83,350,706.366666667
84,350,706.383333333
85,350,706.4
86,350,706.416666667
87,350,706.433333333
88,350,706.45
89,350,706.466666667
90,350,706.483333333
91,350,706.5
92,350,706.516666667
93,350,706.533333333
94,350,706.55
95,350,706.566666667
96,350,706.583333333
97,350,706.6
98,350,706.616666667
99,350,706.633333333
100,350,706.65
101,350,706.666666667
102,350,706.683333333
103,350,706.7
104,350,706.716666667
105,350,706.733333333
106,350,706.75
107,350,706.766666667
108,350,706.783333333
109,350,706.8
110,350,706.816666667
111,350,706.833333333
112,350,706.85
113,350,706.866666667
114,350,706.883333333
115,350,706.9
116,350,706.916666667
117,350,706.933333333
118,350,706.95
119,350,706.966666667
120,350,706.983333333
1,351,707
2,351,707.016666667
3,351,707.033333333
4,351,707.05
5,351,707.066666667
6,351,707.083333333
7,351,707.1
8,351,707.116666667
9,351,707.133333333
10,351,707.15
11,351,707.166666667
12,351,707.183333333
13,351,707.2
14,351,707.216666667
15,351,707.233333333
16,351,707.25
17,351,707.266666667
18,351,707.283333333
19,351,707.3
20,351,707.316666667
21,351,707.333333333
22,351,707.35
23,351,707.366666667
24,351,707.383333333
25,351,707.4
26,351,707.416666667
27,351,707.433333333
28,351,707.45
29,351,707.466666667
30,351,707.483333333
31,351,707.5
32,351,707.516666667
33,351,707.533333333
34,351,707.55
35,351,707.566666667
36,351,707.583333333
37,351,707.6
38,351,707.616666667
39,351,707.633333333
40,351,707.65
41,351,707.666666667
42,351,707.683333333
43,351,707.7
44,351,707.716666667
45,351,707.733333333
46,351,707.75
47,351,707.766666667
48,351,707.783333333
49,351,707.8
50,351,707.816666667
51,351,707.833333333
52,351,707.85
53,351,707.866666667
54,351,707.883333333
55,351,707.9
56,351,707.916666667
57,351,707.933333333
58,351,707.95
59,351,707.966666667
60,351,707.983333333
61,351,708
62,351,708.016666667
63,351,708.033333333
64,351,708.05
65,351,708.066666667
66,351,708.083333333
67,351,708.1
68,351,708.116666667
69,351,708.133333333
70,351,708.15
71,351,708.166666667
72,351,708.183333333
73,351,708.2
74,351,708.216666667
75,351,708.233333333
76,351,708.25
77,351,708.266666667
78,351,708.283333333
79,351,708.3
80,351,708.316666667
81,351,708.333333333
82,351,708.35
83,351,708.366666667
84,351,708.383333333
85,351,708.4
86,351,708.416666667
87,351,708.433333333
88,351,708.45
89,351,708.466666667
90,351,708.483333333
91,351,708.5
92,351,708.516666667
93,351,708.533333333
94,351,708.55
95,351,708.566666667
96,351,708.583333333
97,351,708.6
98,351,708.616666667
99,351,708.633333333
100,351,708.65
101,351,708.666666667
102,351,708.683333333
103,351,708.7
104,351,708.716666667
105,351,708.733333333
106,351,708.75
107,351,708.766666667
108,351,708.783333333
109,351,708.8
110,351,708.816666667
111,351,708.833333333
112,351,708.85
113,351,708.866666667
114,351,708.883333333
115,351,708.9
116,351,708.916666667
117,351,708.933333333
118,351,708.95
119,351,708.966666667
120,351,708.983333333
1,352,709
2,352,709.016666667
3,352,709.033333333
4,352,709.05
5,352,709.066666667
6,352,709.083333333
7,352,709.1
8,352,709.116666667
9,352,709.133333333
10,352,709.15
11,352,709.166666667
12,352,709.183333333
13,352,709.2
14,352,709.216666667
15,352,709.233333333
16,352,709.25
17,352,709.266666667
18,352,709.283333333
19,352,709.3
20,352,709.316666667
21,352,709.333333333
22,352,709.35
23,352,709.366666667
24,352,709.383333333
25,352,709.4
26,352,709.416666667
27,352,709.433333333
28,352,709.45
29,352,709.466666667
30,352,709.483333333
31,352,709.5
32,352,709.516666667
33,352,709.533333333
34,352,709.55
35,352,709.566666667
36,352,709.583333333
37,352,709.6
38,352,709.616666667
39,352,709.633333333
40,352,709.65
41,352,709.666666667
42,352,709.683333333
43,352,709.7
44,352,709.716666667
45,352,709.733333333
46,352,709.75
47,352,709.766666667
48,352,709.783333333
49,352,709.8
50,352,709.816666667
51,352,709.833333333
52,352,709.85
53,352,709.866666667
54,352,709.883333333
55,352,709.9
56,352,709.916666667
57,352,709.933333333
58,352,709.95
59,352,709.966666667
60,352,709.983333333
61,352,710
62,352,710.016666667
63,352,710.033333333
64,352,710.05
65,352,710.066666667
66,352,710.083333333
67,352,710.1
68,352,710.116666667
69,352,710.133333333
70,352,710.15
71,352,710.166666667
72,352,710.183333333
73,352,710.2
74,352,710.216666667
75,352,710.233333333
76,352,710.25
77,352,710.266666667
78,352,710.283333333
79,352,710.3
80,352,710.316666667
81,352,710.333333333
82,352,710.35
83,352,710.366666667
84,352,710.383333333
85,352,710.4
86,352,710.416666667
87,352,710.433333333
88,352,710.45
89,352,710.466666667
90,352,710.483333333
91,352,710.5
92,352,710.516666667
93,352,710.533333333
94,352,710.55
95,352,710.566666667
96,352,710.583333333
97,352,710.6
98,352,710.616666667
99,352,710.633333333
100,352,710.65
101,352,710.666666667
102,352,710.683333333
103,352,710.7
104,352,710.716666667
105,352,710.733333333
106,352,710.75
107,352,710.766666667
108,352,710.783333333
109,352,710.8
110,352,710.816666667
111,352,710.833333333
112,352,710.85
113,352,710.866666667
114,352,710.883333333
115,352,710.9
116,352,710.916666667
117,352,710.933333333
118,352,710.95
119,352,710.966666667
120,352,710.983333333
1,353,711
2,353,711.016666667
3,353,711.033333333
4,353,711.05
5,353,711.066666667
6,353,711.083333333
7,353,711.1
8,353,711.116666667
9,353,711.133333333
10,353,711.15
11,353,711.166666667
12,353,711.183333333
13,353,711.2
14,353,711.216666667
15,353,711.233333333
16,353,711.25
17,353,711.266666667
18,353,711.283333333
19,353,711.3
20,353,711.316666667
21,353,711.333333333
22,353,711.35
23,353,711.366666667
24,353,711.383333333
25,353,711.4
26,353,711.416666667
27,353,711.433333333
28,353,711.45
29,353,711.466666667
30,353,711.483333333
31,353,711.5
32,353,711.516666667
33,353,711.533333333
34,353,711.55
35,353,711.566666667
36,353,711.583333333
37,353,711.6
38,353,711.616666667
39,353,711.633333333
40,353,711.65
41,353,711.666666667
42,353,711.683333333
43,353,711.7
44,353,711.716666667
45,353,711.733333333
46,353,711.75
47,353,711.766666667
48,353,711.783333333
49,353,711.8
50,353,711.816666667
51,353,711.833333333
52,353,711.85
53,353,711.866666667
54,353,711.883333333
55,353,711.9
56,353,711.916666667
57,353,711.933333333
58,353,711.95
59,353,711.966666667
60,353,711.983333333
61,353,712
62,353,712.016666667
63,353,712.033333333
64,353,712.05
65,353,712.066666667
66,353,712.083333333
67,353,712.1
68,353,712.116666667
69,353,712.133333333
70,353,712.15
71,353,712.166666667
72,353,712.183333333
73,353,712.2
74,353,712.216666667
75,353,712.233333333
76,353,712.25
77,353,712.266666667
78,353,712.283333333
79,353,712.3
80,353,712.316666667
81,353,712.333333333
82,353,712.35
83,353,712.366666667
84,353,712.383333333
85,353,712.4
86,353,712.416666667
87,353,712.433333333
88,353,712.45
89,353,712.466666667
90,353,712.483333333
91,353,712.5
92,353,712.516666667
93,353,712.533333333
94,353,712.55
95,353,712.566666667
96,353,712.583333333
97,353,712.6
98,353,712.616666667
99,353,712.633333333
100,353,712.65
101,353,712.666666667
102,353,712.683333333
103,353,712.7
104,353,712.716666667
105,353,712.733333333
106,353,712.75
107,353,712.766666667
108,353,712.783333333
109,353,712.8
110,353,712.816666667
111,353,712.833333333
112,353,712.85
113,353,712.866666667
114,353,712.883333333
115,353,712.9
116,353,712.916666667
117,353,712.933333333
118,353,712.95
119,353,712.966666667
120,353,712.983333333
1,354,713
2,354,713.016666667
3,354,713.033333333
4,354,713.05
5,354,713.066666667
6,354,713.083333333
7,354,713.1
8,354,713.116666667
9,354,713.133333333
10,354,713.15
11,354,713.166666667
12,354,713.183333333
13,354,713.2
14,354,713.216666667
15,354,713.233333333
16,354,713.25
17,354,713.266666667
18,354,713.283333333
19,354,713.3
20,354,713.316666667
21,354,713.333333333
22,354,713.35
23,354,713.366666667
24,354,713.383333333
25,354,713.4
26,354,713.416666667
27,354,713.433333333
28,354,713.45
29,354,713.466666667
30,354,713.483333333
31,354,713.5
32,354,713.516666667
33,354,713.533333333
34,354,713.55
35,354,713.566666667
36,354,713.583333333
37,354,713.6
38,354,713.616666667
39,354,713.633333333
40,354,713.65
41,354,713.666666667
42,354,713.683333333
43,354,713.7
44,354,713.716666667
45,354,713.733333333
46,354,713.75
47,354,713.766666667
48,354,713.783333333
49,354,713.8
50,354,713.816666667
51,354,713.833333333
52,354,713.85
53,354,713.866666667
54,354,713.883333333
55,354,713.9
56,354,713.916666667
57,354,713.933333333
58,354,713.95
59,354,713.966666667
60,354,713.983333333
61,354,714
62,354,714.016666667
63,354,714.033333333
64,354,714.05
65,354,714.066666667
66,354,714.083333333
67,354,714.1
68,354,714.116666667
69,354,714.133333333
70,354,714.15
71,354,714.166666667
72,354,714.183333333
73,354,714.2
74,354,714.216666667
75,354,714.233333333
76,354,714.25
77,354,714.266666667
78,354,714.283333333
79,354,714.3
80,354,714.316666667
81,354,714.333333333
82,354,714.35
83,354,714.366666667
84,354,714.383333333
85,354,714.4
86,354,714.416666667
87,354,714.433333333
88,354,714.45
89,354,714.466666667
90,354,714.483333333
91,354,714.5
92,354,714.516666667
93,354,714.533333333
94,354,714.55
95,354,714.566666667
96,354,714.583333333
97,354,714.6
98,354,714.616666667
99,354,714.633333333
100,354,714.65
101,354,714.666666667
102,354,714.683333333
103,354,714.7
104,354,714.716666667
105,354,714.733333333
106,354,714.75
107,354,714.766666667
108,354,714.783333333
109,354,714.8
110,354,714.816666667
111,354,714.833333333
112,354,714.85
113,354,714.866666667
114,354,714.883333333
115,354,714.9
116,354,714.916666667
117,354,714.933333333
118,354,714.95
119,354,714.966666667
120,354,714.983333333
1,355,715
2,355,715.016666667
3,355,715.033333333
4,355,715.05
5,355,715.066666667
6,355,715.083333333
7,355,715.1
8,355,715.116666667
9,355,715.133333333
10,355,715.15
11,355,715.166666667
12,355,715.183333333
13,355,715.2
14,355,715.216666667
15,355,715.233333333
16,355,715.25
17,355,715.266666667
18,355,715.283333333
19,355,715.3
20,355,715.316666667
21,355,715.333333333
22,355,715.35
23,355,715.366666667
24,355,715.383333333
25,355,715.4
26,355,715.416666667
27,355,715.433333333
28,355,715.45
29,355,715.466666667
30,355,715.483333333
31,355,715.5
32,355,715.516666667
33,355,715.533333333
34,355,715.55
35,355,715.566666667
36,355,715.583333333
37,355,715.6
38,355,715.616666667
39,355,715.633333333
40,355,715.65
41,355,715.666666667
42,355,715.683333333
43,355,715.7
44,355,715.716666667
45,355,715.733333333
46,355,715.75
47,355,715.766666667
48,355,715.783333333
49,355,715.8
50,355,715.816666667
51,355,715.833333333
52,355,715.85
53,355,715.866666667
54,355,715.883333333
55,355,715.9
56,355,715.916666667
57,355,715.933333333
58,355,715.95
59,355,715.966666667
60,355,715.983333333
61,355,716
62,355,716.016666667
63,355,716.033333333
64,355,716.05
65,355,716.066666667
66,355,716.083333333
67,355,716.1
68,355,716.116666667
69,355,716.133333333
70,355,716.15
71,355,716.166666667
72,355,716.183333333
73,355,716.2
74,355,716.216666667
75,355,716.233333333
76,355,716.25
77,355,716.266666667
78,355,716.283333333
79,355,716.3
80,355,716.316666667
81,355,716.333333333
82,355,716.35
83,355,716.366666667
84,355,716.383333333
85,355,716.4
86,355,716.416666667
87,355,716.433333333
88,355,716.45
89,355,716.466666667
90,355,716.483333333
91,355,716.5
92,355,716.516666667
93,355,716.533333333
94,355,716.55
95,355,716.566666667
96,355,716.583333333
97,355,716.6
98,355,716.616666667
99,355,716.633333333
100,355,716.65
101,355,716.666666667
102,355,716.683333333
103,355,716.7
104,355,716.716666667
105,355,716.733333333
106,355,716.75
107,355,716.766666667
108,355,716.783333333
109,355,716.8
110,355,716.816666667
111,355,716.833333333
112,355,716.85
113,355,716.866666667
114,355,716.883333333
115,355,716.9
116,355,716.916666667
117,355,716.933333333
118,355,716.95
119,355,716.966666667
120,355,716.983333333
1,356,717
2,356,717.016666667
3,356,717.033333333
4,356,717.05
5,356,717.066666667
6,356,717.083333333
7,356,717.1
8,356,717.116666667
9,356,717.133333333
10,356,717.15
11,356,717.166666667
12,356,717.183333333
13,356,717.2
14,356,717.216666667
15,356,717.233333333
16,356,717.25
17,356,717.266666667
18,356,717.283333333
19,356,717.3
20,356,717.316666667
21,356,717.333333333
22,356,717.35
23,356,717.366666667
24,356,717.383333333
25,356,717.4
26,356,717.416666667
27,356,717.433333333
28,356,717.45
29,356,717.466666667
30,356,717.483333333
31,356,717.5
32,356,717.516666667
33,356,717.533333333
34,356,717.55
35,356,717.566666667
36,356,717.583333333
37,356,717.6
38,356,717.616666667
39,356,717.633333333
40,356,717.65
41,356,717.666666667
42,356,717.683333333
43,356,717.7
44,356,717.716666667
45,356,717.733333333
46,356,717.75
47,356,717.766666667
48,356,717.783333333
49,356,717.8
50,356,717.816666667
51,356,717.833333333
52,356,717.85
53,356,717.866666667
54,356,717.883333333
55,356,717.9
56,356,717.916666667
57,356,717.933333333
58,356,717.95
59,356,717.966666667
60,356,717.983333333
61,356,718
62,356,718.016666667
63,356,718.033333333
64,356,718.05
65,356,718.066666667
66,356,718.083333333
67,356,718.1
68,356,718.116666667
69,356,718.133333333
70,356,718.15
71,356,718.166666667
72,356,718.183333333
73,356,718.2
74,356,718.216666667
75,356,718.233333333
76,356,718.25
77,356,718.266666667
78,356,718.283333333
79,356,718.3
80,356,718.316666667
81,356,718.333333333
82,356,718.35
83,356,718.366666667
84,356,718.383333333
85,356,718.4
86,356,718.416666667
87,356,718.433333333
88,356,718.45
89,356,718.466666667
90,356,718.483333333
91,356,718.5
92,356,718.516666667
93,356,718.533333333
94,356,718.55
95,356,718.566666667
96,356,718.583333333
97,356,718.6
98,356,718.616666667
99,356,718.633333333
100,356,718.65
101,356,718.666666667
102,356,718.683333333
103,356,718.7
104,356,718.716666667
105,356,718.733333333
106,356,718.75
107,356,718.766666667
108,356,718.783333333
109,356,718.8
110,356,718.816666667
111,356,718.833333333
112,356,718.85
113,356,718.866666667
114,356,718.883333333
115,356,718.9
116,356,718.916666667
117,356,718.933333333
118,356,718.95
119,356,718.966666667
120,356,718.983333333
1,357,719
2,357,719.016666667
3,357,719.033333333
4,357,719.05
5,357,719.066666667
6,357,719.083333333
7,357,719.1
8,357,719.116666667
9,357,719.133333333
10,357,719.15
11,357,719.166666667
12,357,719.183333333
13,357,719.2
14,357,719.216666667
15,357,719.233333333
16,357,719.25
17,357,719.266666667
18,357,719.283333333
19,357,719.3
20,357,719.316666667
21,357,719.333333333
22,357,719.35
23,357,719.366666667
24,357,719.383333333
25,357,719.4
26,357,719.416666667
27,357,719.433333333
28,357,719.45
29,357,719.466666667
30,357,719.483333333
31,357,719.5
32,357,719.516666667
33,357,719.533333333
34,357,719.55
35,357,719.566666667
36,357,719.583333333
37,357,719.6
38,357,719.616666667
39,357,719.633333333
40,357,719.65
41,357,719.666666667
42,357,719.683333333
43,357,719.7
44,357,719.716666667
45,357,719.733333333
46,357,719.75
47,357,719.766666667
48,357,719.783333333
49,357,719.8
50,357,719.816666667
51,357,719.833333333
52,357,719.85
53,357,719.866666667
54,357,719.883333333
55,357,719.9
56,357,719.916666667
57,357,719.933333333
58,357,719.95
59,357,719.966666667
60,357,719.983333333
61,357,720
62,357,720.016666667
63,357,720.033333333
64,357,720.05
65,357,720.066666667
66,357,720.083333333
67,357,720.1
68,357,720.116666667
69,357,720.133333333
70,357,720.15
71,357,720.166666667
72,357,720.183333333
73,357,720.2
74,357,720.216666667
75,357,720.233333333
76,357,720.25
77,357,720.266666667
78,357,720.283333333
79,357,720.3
80,357,720.316666667
81,357,720.333333333
82,357,720.35
83,357,720.366666667
84,357,720.383333333
85,357,720.4
86,357,720.416666667
87,357,720.433333333
88,357,720.45
89,357,720.466666667
90,357,720.483333333
91,357,720.5
92,357,720.516666667
93,357,720.533333333
94,357,720.55
95,357,720.566666667
96,357,720.583333333
97,357,720.6
98,357,720.616666667
99,357,720.633333333
100,357,720.65
101,357,720.666666667
102,357,720.683333333
103,357,720.7
104,357,720.716666667
105,357,720.733333333
106,357,720.75
107,357,720.766666667
108,357,720.783333333
109,357,720.8
110,357,720.816666667
111,357,720.833333333
112,357,720.85
113,357,720.866666667
114,357,720.883333333
115,357,720.9
116,357,720.916666667
117,357,720.933333333
118,357,720.95
119,357,720.966666667
120,357,720.983333333
1,358,721
2,358,721.016666667
3,358,721.033333333
4,358,721.05
5,358,721.066666667
6,358,721.083333333
7,358,721.1
8,358,721.116666667
9,358,721.133333333
10,358,721.15
11,358,721.166666667
12,358,721.183333333
13,358,721.2
14,358,721.216666667
15,358,721.233333333
16,358,721.25
17,358,721.266666667
18,358,721.283333333
19,358,721.3
20,358,721.316666667
21,358,721.333333333
22,358,721.35
23,358,721.366666667
24,358,721.383333333
25,358,721.4
26,358,721.416666667
27,358,721.433333333
28,358,721.45
29,358,721.466666667
30,358,721.483333333
31,358,721.5
32,358,721.516666667
33,358,721.533333333
34,358,721.55
35,358,721.566666667
36,358,721.583333333
37,358,721.6
38,358,721.616666667
39,358,721.633333333
40,358,721.65
41,358,721.666666667
42,358,721.683333333
43,358,721.7
44,358,721.716666667
45,358,721.733333333
46,358,721.75
47,358,721.766666667
48,358,721.783333333
49,358,721.8
50,358,721.816666667
51,358,721.833333333
52,358,721.85
53,358,721.866666667
54,358,721.883333333
55,358,721.9
56,358,721.916666667
57,358,721.933333333
58,358,721.95
59,358,721.966666667
60,358,721.983333333
61,358,722
62,358,722.016666667
63,358,722.033333333
64,358,722.05
65,358,722.066666667
66,358,722.083333333
67,358,722.1
68,358,722.116666667
69,358,722.133333333
70,358,722.15
71,358,722.166666667
72,358,722.183333333
73,358,722.2
74,358,722.216666667
75,358,722.233333333
76,358,722.25
77,358,722.266666667
78,358,722.283333333
79,358,722.3
80,358,722.316666667
81,358,722.333333333
82,358,722.35
83,358,722.366666667
84,358,722.383333333
85,358,722.4
86,358,722.416666667
87,358,722.433333333
88,358,722.45
89,358,722.466666667
90,358,722.483333333
91,358,722.5
92,358,722.516666667
93,358,722.533333333
94,358,722.55
95,358,722.566666667
96,358,722.583333333
97,358,722.6
98,358,722.616666667
99,358,722.633333333
100,358,722.65
101,358,722.666666667
102,358,722.683333333
103,358,722.7
104,358,722.716666667
105,358,722.733333333
106,358,722.75
107,358,722.766666667
108,358,722.783333333
109,358,722.8
110,358,722.816666667
111,358,722.833333333
112,358,722.85
113,358,722.866666667
114,358,722.883333333
115,358,722.9
116,358,722.916666667
117,358,722.933333333
118,358,722.95
119,358,722.966666667
120,358,722.983333333
1,359,723
2,359,723.016666667
3,359,723.033333333
4,359,723.05
5,359,723.066666667
6,359,723.083333333
7,359,723.1
8,359,723.116666667
9,359,723.133333333
10,359,723.15
11,359,723.166666667
12,359,723.183333333
13,359,723.2
14,359,723.216666667
15,359,723.233333333
16,359,723.25
17,359,723.266666667
18,359,723.283333333
19,359,723.3
20,359,723.316666667
21,359,723.333333333
22,359,723.35
23,359,723.366666667
24,359,723.383333333
25,359,723.4
26,359,723.416666667
27,359,723.433333333
28,359,723.45
29,359,723.466666667
30,359,723.483333333
31,359,723.5
32,359,723.516666667
33,359,723.533333333
34,359,723.55
35,359,723.566666667
36,359,723.583333333
37,359,723.6
38,359,723.616666667
39,359,723.633333333
40,359,723.65
41,359,723.666666667
42,359,723.683333333
43,359,723.7
44,359,723.716666667
45,359,723.733333333
46,359,723.75
47,359,723.766666667
48,359,723.783333333
49,359,723.8
50,359,723.816666667
51,359,723.833333333
52,359,723.85
53,359,723.866666667
54,359,723.883333333
55,359,723.9
56,359,723.916666667
57,359,723.933333333
58,359,723.95
59,359,723.966666667
60,359,723.983333333
61,359,724
62,359,724.016666667
63,359,724.033333333
64,359,724.05
65,359,724.066666667
66,359,724.083333333
67,359,724.1
68,359,724.116666667
69,359,724.133333333
70,359,724.15
71,359,724.166666667
72,359,724.183333333
73,359,724.2
74,359,724.216666667
75,359,724.233333333
76,359,724.25
77,359,724.266666667
78,359,724.283333333
79,359,724.3
80,359,724.316666667
81,359,724.333333333
82,359,724.35
83,359,724.366666667
84,359,724.383333333
85,359,724.4
86,359,724.416666667
87,359,724.433333333
88,359,724.45
89,359,724.466666667
90,359,724.483333333
91,359,724.5
92,359,724.516666667
93,359,724.533333333
94,359,724.55
95,359,724.566666667
96,359,724.583333333
97,359,724.6
98,359,724.616666667
99,359,724.633333333
100,359,724.65
101,359,724.666666667
102,359,724.683333333
103,359,724.7
104,359,724.716666667
105,359,724.733333333
106,359,724.75
107,359,724.766666667
108,359,724.783333333
109,359,724.8
110,359,724.816666667
111,359,724.833333333
112,359,724.85
113,359,724.866666667
114,359,724.883333333
115,359,724.9
116,359,724.916666667
117,359,724.933333333
118,359,724.95
119,359,724.966666667
120,359,724.983333333
1,360,725
2,360,725.016666667
3,360,725.033333333
4,360,725.05
5,360,725.066666667
6,360,725.083333333
7,360,725.1
8,360,725.116666667
9,360,725.133333333
10,360,725.15
11,360,725.166666667
12,360,725.183333333
13,360,725.2
14,360,725.216666667
15,360,725.233333333
16,360,725.25
17,360,725.266666667
18,360,725.283333333
19,360,725.3
20,360,725.316666667
21,360,725.333333333
22,360,725.35
23,360,725.366666667
24,360,725.383333333
25,360,725.4
26,360,725.416666667
27,360,725.433333333
28,360,725.45
29,360,725.466666667
30,360,725.483333333
31,360,725.5
32,360,725.516666667
33,360,725.533333333
34,360,725.55
35,360,725.566666667
36,360,725.583333333
37,360,725.6
38,360,725.616666667
39,360,725.633333333
40,360,725.65
41,360,725.666666667
42,360,725.683333333
43,360,725.7
44,360,725.716666667
45,360,725.733333333
46,360,725.75
47,360,725.766666667
48,360,725.783333333
49,360,725.8
50,360,725.816666667
51,360,725.833333333
52,360,725.85
53,360,725.866666667
54,360,725.883333333
55,360,725.9
56,360,725.916666667
57,360,725.933333333
58,360,725.95
59,360,725.966666667
60,360,725.983333333
61,360,726
62,360,726.016666667
63,360,726.033333333
64,360,726.05
65,360,726.066666667
66,360,726.083333333
67,360,726.1
68,360,726.116666667
69,360,726.133333333
70,360,726.15
71,360,726.166666667
72,360,726.183333333
73,360,726.2
74,360,726.216666667
75,360,726.233333333
76,360,726.25
77,360,726.266666667
78,360,726.283333333
79,360,726.3
80,360,726.316666667
81,360,726.333333333
82,360,726.35
83,360,726.366666667
84,360,726.383333333
85,360,726.4
86,360,726.416666667
87,360,726.433333333
88,360,726.45
89,360,726.466666667
90,360,726.483333333
91,360,726.5
92,360,726.516666667
93,360,726.533333333
94,360,726.55
95,360,726.566666667
96,360,726.583333333
97,360,726.6
98,360,726.616666667
99,360,726.633333333
100,360,726.65
101,360,726.666666667
102,360,726.683333333
103,360,726.7
104,360,726.716666667
105,360,726.733333333
106,360,726.75
107,360,726.766666667
108,360,726.783333333
109,360,726.8
110,360,726.816666667
111,360,726.833333333
112,360,726.85
113,360,726.866666667
114,360,726.883333333
115,360,726.9
116,360,726.916666667
117,360,726.933333333
118,360,726.95
119,360,726.966666667
120,360,726.983333333
1,361,727
2,361,727.016666667
3,361,727.033333333
4,361,727.05
5,361,727.066666667
6,361,727.083333333
7,361,727.1
8,361,727.116666667
9,361,727.133333333
10,361,727.15
11,361,727.166666667
12,361,727.183333333
13,361,727.2
14,361,727.216666667
15,361,727.233333333
16,361,727.25
17,361,727.266666667
18,361,727.283333333
19,361,727.3
20,361,727.316666667
21,361,727.333333333
22,361,727.35
23,361,727.366666667
24,361,727.383333333
25,361,727.4
26,361,727.416666667
27,361,727.433333333
28,361,727.45
29,361,727.466666667
30,361,727.483333333
31,361,727.5
32,361,727.516666667
33,361,727.533333333
34,361,727.55
35,361,727.566666667
36,361,727.583333333
37,361,727.6
38,361,727.616666667
39,361,727.633333333
40,361,727.65
41,361,727.666666667
42,361,727.683333333
43,361,727.7
44,361,727.716666667
45,361,727.733333333
46,361,727.75
47,361,727.766666667
48,361,727.783333333
49,361,727.8
50,361,727.816666667
51,361,727.833333333
52,361,727.85
53,361,727.866666667
54,361,727.883333333
55,361,727.9
56,361,727.916666667
57,361,727.933333333
58,361,727.95
59,361,727.966666667
60,361,727.983333333
61,361,728
62,361,728.016666667
63,361,728.033333333
64,361,728.05
65,361,728.066666667
66,361,728.083333333
67,361,728.1
68,361,728.116666667
69,361,728.133333333
70,361,728.15
71,361,728.166666667
72,361,728.183333333
73,361,728.2
74,361,728.216666667
75,361,728.233333333
76,361,728.25
77,361,728.266666667
78,361,728.283333333
79,361,728.3
80,361,728.316666667
81,361,728.333333333
82,361,728.35
83,361,728.366666667
84,361,728.383333333
85,361,728.4
86,361,728.416666667
87,361,728.433333333
88,361,728.45
89,361,728.466666667
90,361,728.483333333
91,361,728.5
92,361,728.516666667
93,361,728.533333333
94,361,728.55
95,361,728.566666667
96,361,728.583333333
97,361,728.6
98,361,728.616666667
99,361,728.633333333
100,361,728.65
101,361,728.666666667
102,361,728.683333333
103,361,728.7
104,361,728.716666667
105,361,728.733333333
106,361,728.75
107,361,728.766666667
108,361,728.783333333
109,361,728.8
110,361,728.816666667
111,361,728.833333333
112,361,728.85
113,361,728.866666667
114,361,728.883333333
115,361,728.9
116,361,728.916666667
117,361,728.933333333
118,361,728.95
119,361,728.966666667
120,361,728.983333333
1,362,729
2,362,729.016666667
3,362,729.033333333
4,362,729.05
5,362,729.066666667
6,362,729.083333333
7,362,729.1
8,362,729.116666667
9,362,729.133333333
10,362,729.15
11,362,729.166666667
12,362,729.183333333
13,362,729.2
14,362,729.216666667
15,362,729.233333333
16,362,729.25
17,362,729.266666667
18,362,729.283333333
19,362,729.3
20,362,729.316666667
21,362,729.333333333
22,362,729.35
23,362,729.366666667
24,362,729.383333333
25,362,729.4
26,362,729.416666667
27,362,729.433333333
28,362,729.45
29,362,729.466666667
30,362,729.483333333
31,362,729.5
32,362,729.516666667
33,362,729.533333333
34,362,729.55
35,362,729.566666667
36,362,729.583333333
37,362,729.6
38,362,729.616666667
39,362,729.633333333
40,362,729.65
41,362,729.666666667
42,362,729.683333333
43,362,729.7
44,362,729.716666667
45,362,729.733333333
46,362,729.75
47,362,729.766666667
48,362,729.783333333
49,362,729.8
50,362,729.816666667
51,362,729.833333333
52,362,729.85
53,362,729.866666667
54,362,729.883333333
55,362,729.9
56,362,729.916666667
57,362,729.933333333
58,362,729.95
59,362,729.966666667
60,362,729.983333333
61,362,730
62,362,730.016666667
63,362,730.033333333
64,362,730.05
65,362,730.066666667
66,362,730.083333333
67,362,730.1
68,362,730.116666667
69,362,730.133333333
70,362,730.15
71,362,730.166666667
72,362,730.183333333
73,362,730.2
74,362,730.216666667
75,362,730.233333333
76,362,730.25
77,362,730.266666667
78,362,730.283333333
79,362,730.3
80,362,730.316666667
81,362,730.333333333
82,362,730.35
83,362,730.366666667
84,362,730.383333333
85,362,730.4
86,362,730.416666667
87,362,730.433333333
88,362,730.45
89,362,730.466666667
90,362,730.483333333
91,362,730.5
92,362,730.516666667
93,362,730.533333333
94,362,730.55
95,362,730.566666667
96,362,730.583333333
97,362,730.6
98,362,730.616666667
99,362,730.633333333
100,362,730.65
101,362,730.666666667
102,362,730.683333333
103,362,730.7
104,362,730.716666667
105,362,730.733333333
106,362,730.75
107,362,730.766666667
108,362,730.783333333
109,362,730.8
110,362,730.816666667
111,362,730.833333333
112,362,730.85
113,362,730.866666667
114,362,730.883333333
115,362,730.9
116,362,730.916666667
117,362,730.933333333
118,362,730.95
119,362,730.966666667
120,362,730.983333333
1,363,731
2,363,731.016666667
3,363,731.033333333
4,363,731.05
5,363,731.066666667
6,363,731.083333333
7,363,731.1
8,363,731.116666667
9,363,731.133333333
10,363,731.15
11,363,731.166666667
12,363,731.183333333
13,363,731.2
14,363,731.216666667
15,363,731.233333333
16,363,731.25
17,363,731.266666667
18,363,731.283333333
19,363,731.3
20,363,731.316666667
21,363,731.333333333
22,363,731.35
23,363,731.366666667
24,363,731.383333333
25,363,731.4
26,363,731.416666667
27,363,731.433333333
28,363,731.45
29,363,731.466666667
30,363,731.483333333
31,363,731.5
32,363,731.516666667
33,363,731.533333333
34,363,731.55
35,363,731.566666667
36,363,731.583333333
37,363,731.6
38,363,731.616666667
39,363,731.633333333
40,363,731.65
41,363,731.666666667
42,363,731.683333333
43,363,731.7
44,363,731.716666667
45,363,731.733333333
46,363,731.75
47,363,731.766666667
48,363,731.783333333
49,363,731.8
50,363,731.816666667
51,363,731.833333333
52,363,731.85
53,363,731.866666667
54,363,731.883333333
55,363,731.9
56,363,731.916666667
57,363,731.933333333
58,363,731.95
59,363,731.966666667
60,363,731.983333333
61,363,732
62,363,732.016666667
63,363,732.033333333
64,363,732.05
65,363,732.066666667
66,363,732.083333333
67,363,732.1
68,363,732.116666667
69,363,732.133333333
70,363,732.15
71,363,732.166666667
72,363,732.183333333
73,363,732.2
74,363,732.216666667
75,363,732.233333333
76,363,732.25
77,363,732.266666667
78,363,732.283333333
79,363,732.3
80,363,732.316666667
81,363,732.333333333
82,363,732.35
83,363,732.366666667
84,363,732.383333333
85,363,732.4
86,363,732.416666667
87,363,732.433333333
88,363,732.45
89,363,732.466666667
90,363,732.483333333
91,363,732.5
92,363,732.516666667
93,363,732.533333333
94,363,732.55
95,363,732.566666667
96,363,732.583333333
97,363,732.6
98,363,732.616666667
99,363,732.633333333
100,363,732.65
101,363,732.666666667
102,363,732.683333333
103,363,732.7
104,363,732.716666667
105,363,732.733333333
106,363,732.75
107,363,732.766666667
108,363,732.783333333
109,363,732.8
110,363,732.816666667
111,363,732.833333333
112,363,732.85
113,363,732.866666667
114,363,732.883333333
115,363,732.9
116,363,732.916666667
117,363,732.933333333
118,363,732.95
119,363,732.966666667
120,363,732.983333333
1,364,733
2,364,733.016666667
3,364,733.033333333
4,364,733.05
5,364,733.066666667
6,364,733.083333333
7,364,733.1
8,364,733.116666667
9,364,733.133333333
10,364,733.15
11,364,733.166666667
12,364,733.183333333
13,364,733.2
14,364,733.216666667
15,364,733.233333333
16,364,733.25
17,364,733.266666667
18,364,733.283333333
19,364,733.3
20,364,733.316666667
21,364,733.333333333
22,364,733.35
23,364,733.366666667
24,364,733.383333333
25,364,733.4
26,364,733.416666667
27,364,733.433333333
28,364,733.45
29,364,733.466666667
30,364,733.483333333
31,364,733.5
32,364,733.516666667
33,364,733.533333333
34,364,733.55
35,364,733.566666667
36,364,733.583333333
37,364,733.6
38,364,733.616666667
39,364,733.633333333
40,364,733.65
41,364,733.666666667
42,364,733.683333333
43,364,733.7
44,364,733.716666667
45,364,733.733333333
46,364,733.75
47,364,733.766666667
48,364,733.783333333
49,364,733.8
50,364,733.816666667
51,364,733.833333333
52,364,733.85
53,364,733.866666667
54,364,733.883333333
55,364,733.9
56,364,733.916666667
57,364,733.933333333
58,364,733.95
59,364,733.966666667
60,364,733.983333333
61,364,734
62,364,734.016666667
63,364,734.033333333
64,364,734.05
65,364,734.066666667
66,364,734.083333333
67,364,734.1
68,364,734.116666667
69,364,734.133333333
70,364,734.15
71,364,734.166666667
72,364,734.183333333
73,364,734.2
74,364,734.216666667
75,364,734.233333333
76,364,734.25
77,364,734.266666667
78,364,734.283333333
79,364,734.3
80,364,734.316666667
81,364,734.333333333
82,364,734.35
83,364,734.366666667
84,364,734.383333333
85,364,734.4
86,364,734.416666667
87,364,734.433333333
88,364,734.45
89,364,734.466666667
90,364,734.483333333
91,364,734.5
92,364,734.516666667
93,364,734.533333333
94,364,734.55
95,364,734.566666667
96,364,734.583333333
97,364,734.6
98,364,734.616666667
99,364,734.633333333
100,364,734.65
101,364,734.666666667
102,364,734.683333333
103,364,734.7
104,364,734.716666667
105,364,734.733333333
106,364,734.75
107,364,734.766666667
108,364,734.783333333
109,364,734.8
110,364,734.816666667
111,364,734.833333333
112,364,734.85
113,364,734.866666667
114,364,734.883333333
115,364,734.9
116,364,734.916666667
117,364,734.933333333
118,364,734.95
119,364,734.966666667
120,364,734.983333333
1,365,735
2,365,735.016666667
3,365,735.033333333
4,365,735.05
5,365,735.066666667
6,365,735.083333333
7,365,735.1
8,365,735.116666667
9,365,735.133333333
10,365,735.15
11,365,735.166666667
12,365,735.183333333
13,365,735.2
14,365,735.216666667
15,365,735.233333333
16,365,735.25
17,365,735.266666667
18,365,735.283333333
19,365,735.3
20,365,735.316666667
21,365,735.333333333
22,365,735.35
23,365,735.366666667
24,365,735.383333333
25,365,735.4
26,365,735.416666667
27,365,735.433333333
28,365,735.45
29,365,735.466666667
30,365,735.483333333
31,365,735.5
32,365,735.516666667
33,365,735.533333333
34,365,735.55
35,365,735.566666667
36,365,735.583333333
37,365,735.6
38,365,735.616666667
39,365,735.633333333
40,365,735.65
41,365,735.666666667
42,365,735.683333333
43,365,735.7
44,365,735.716666667
45,365,735.733333333
46,365,735.75
47,365,735.766666667
48,365,735.783333333
49,365,735.8
50,365,735.816666667
51,365,735.833333333
52,365,735.85
53,365,735.866666667
54,365,735.883333333
55,365,735.9
56,365,735.916666667
57,365,735.933333333
58,365,735.95
59,365,735.966666667
60,365,735.983333333
61,365,736
62,365,736.016666667
63,365,736.033333333
64,365,736.05
65,365,736.066666667
66,365,736.083333333
67,365,736.1
68,365,736.116666667
69,365,736.133333333
70,365,736.15
71,365,736.166666667
72,365,736.183333333
73,365,736.2
74,365,736.216666667
75,365,736.233333333
76,365,736.25
77,365,736.266666667
78,365,736.283333333
79,365,736.3
80,365,736.316666667
81,365,736.333333333
82,365,736.35
83,365,736.366666667
84,365,736.383333333
85,365,736.4
86,365,736.416666667
87,365,736.433333333
88,365,736.45
89,365,736.466666667
90,365,736.483333333
91,365,736.5
92,365,736.516666667
93,365,736.533333333
94,365,736.55
95,365,736.566666667
96,365,736.583333333
97,365,736.6
98,365,736.616666667
99,365,736.633333333
100,365,736.65
101,365,736.666666667
102,365,736.683333333
103,365,736.7
104,365,736.716666667
105,365,736.733333333
106,365,736.75
107,365,736.766666667
108,365,736.783333333
109,365,736.8
110,365,736.816666667
111,365,736.833333333
112,365,736.85
113,365,736.866666667
114,365,736.883333333
115,365,736.9
116,365,736.916666667
117,365,736.933333333
118,365,736.95
119,365,736.966666667
120,365,736.983333333
1,366,737
2,366,737.016666667
3,366,737.033333333
4,366,737.05
5,366,737.066666667
6,366,737.083333333
7,366,737.1
8,366,737.116666667
9,366,737.133333333
10,366,737.15
11,366,737.166666667
12,366,737.183333333
13,366,737.2
14,366,737.216666667
15,366,737.233333333
16,366,737.25
17,366,737.266666667
18,366,737.283333333
19,366,737.3
20,366,737.316666667
21,366,737.333333333
22,366,737.35
23,366,737.366666667
24,366,737.383333333
25,366,737.4
26,366,737.416666667
27,366,737.433333333
28,366,737.45
29,366,737.466666667
30,366,737.483333333
31,366,737.5
32,366,737.516666667
33,366,737.533333333
34,366,737.55
35,366,737.566666667
36,366,737.583333333
37,366,737.6
38,366,737.616666667
39,366,737.633333333
40,366,737.65
41,366,737.666666667
42,366,737.683333333
43,366,737.7
44,366,737.716666667
45,366,737.733333333
46,366,737.75
47,366,737.766666667
48,366,737.783333333
49,366,737.8
50,366,737.816666667
51,366,737.833333333
52,366,737.85
53,366,737.866666667
54,366,737.883333333
55,366,737.9
56,366,737.916666667
57,366,737.933333333
58,366,737.95
59,366,737.966666667
60,366,737.983333333
61,366,738
62,366,738.016666667
63,366,738.033333333
64,366,738.05
65,366,738.066666667
66,366,738.083333333
67,366,738.1
68,366,738.116666667
69,366,738.133333333
70,366,738.15
71,366,738.166666667
72,366,738.183333333
73,366,738.2
74,366,738.216666667
75,366,738.233333333
76,366,738.25
77,366,738.266666667
78,366,738.283333333
79,366,738.3
80,366,738.316666667
81,366,738.333333333
82,366,738.35
83,366,738.366666667
84,366,738.383333333
85,366,738.4
86,366,738.416666667
87,366,738.433333333
88,366,738.45
89,366,738.466666667
90,366,738.483333333
91,366,738.5
92,366,738.516666667
93,366,738.533333333
94,366,738.55
95,366,738.566666667
96,366,738.583333333
97,366,738.6
98,366,738.616666667
99,366,738.633333333
100,366,738.65
101,366,738.666666667
102,366,738.683333333
103,366,738.7
104,366,738.716666667
105,366,738.733333333
106,366,738.75
107,366,738.766666667
108,366,738.783333333
109,366,738.8
110,366,738.816666667
111,366,738.833333333
112,366,738.85
113,366,738.866666667
114,366,738.883333333
115,366,738.9
116,366,738.916666667
117,366,738.933333333
118,366,738.95
119,366,738.966666667
120,366,738.983333333
1,367,739
2,367,739.016666667
3,367,739.033333333
4,367,739.05
5,367,739.066666667
6,367,739.083333333
7,367,739.1
8,367,739.116666667
9,367,739.133333333
10,367,739.15
11,367,739.166666667
12,367,739.183333333
13,367,739.2
14,367,739.216666667
15,367,739.233333333
16,367,739.25
17,367,739.266666667
18,367,739.283333333
19,367,739.3
20,367,739.316666667
21,367,739.333333333
22,367,739.35
23,367,739.366666667
24,367,739.383333333
25,367,739.4
26,367,739.416666667
27,367,739.433333333
28,367,739.45
29,367,739.466666667
30,367,739.483333333
31,367,739.5
32,367,739.516666667
33,367,739.533333333
34,367,739.55
35,367,739.566666667
36,367,739.583333333
37,367,739.6
38,367,739.616666667
39,367,739.633333333
40,367,739.65
41,367,739.666666667
42,367,739.683333333
43,367,739.7
44,367,739.716666667
45,367,739.733333333
46,367,739.75
47,367,739.766666667
48,367,739.783333333
49,367,739.8
50,367,739.816666667
51,367,739.833333333
52,367,739.85
53,367,739.866666667
54,367,739.883333333
55,367,739.9
56,367,739.916666667
57,367,739.933333333
58,367,739.95
59,367,739.966666667
60,367,739.983333333
61,367,740
62,367,740.016666667
63,367,740.033333333
64,367,740.05
65,367,740.066666667
66,367,740.083333333
67,367,740.1
68,367,740.116666667
69,367,740.133333333
70,367,740.15
71,367,740.166666667
72,367,740.183333333
73,367,740.2
74,367,740.216666667
75,367,740.233333333
76,367,740.25
77,367,740.266666667
78,367,740.283333333
79,367,740.3
80,367,740.316666667
81,367,740.333333333
82,367,740.35
83,367,740.366666667
84,367,740.383333333
85,367,740.4
86,367,740.416666667
87,367,740.433333333
88,367,740.45
89,367,740.466666667
90,367,740.483333333
91,367,740.5
92,367,740.516666667
93,367,740.533333333
94,367,740.55
95,367,740.566666667
96,367,740.583333333
97,367,740.6
98,367,740.616666667
99,367,740.633333333
100,367,740.65
101,367,740.666666667
102,367,740.683333333
103,367,740.7
104,367,740.716666667
105,367,740.733333333
106,367,740.75
107,367,740.766666667
108,367,740.783333333
109,367,740.8
110,367,740.816666667
111,367,740.833333333
112,367,740.85
113,367,740.866666667
114,367,740.883333333
115,367,740.9
116,367,740.916666667
117,367,740.933333333
118,367,740.95
119,367,740.966666667
120,367,740.983333333
1,368,741
2,368,741.016666667
3,368,741.033333333
4,368,741.05
5,368,741.066666667
6,368,741.083333333
7,368,741.1
8,368,741.116666667
9,368,741.133333333
10,368,741.15
11,368,741.166666667
12,368,741.183333333
13,368,741.2
14,368,741.216666667
15,368,741.233333333
16,368,741.25
17,368,741.266666667
18,368,741.283333333
19,368,741.3
20,368,741.316666667
21,368,741.333333333
22,368,741.35
23,368,741.366666667
24,368,741.383333333
25,368,741.4
26,368,741.416666667
27,368,741.433333333
28,368,741.45
29,368,741.466666667
30,368,741.483333333
31,368,741.5
32,368,741.516666667
33,368,741.533333333
34,368,741.55
35,368,741.566666667
36,368,741.583333333
37,368,741.6
38,368,741.616666667
39,368,741.633333333
40,368,741.65
41,368,741.666666667
42,368,741.683333333
43,368,741.7
44,368,741.716666667
45,368,741.733333333
46,368,741.75
47,368,741.766666667
48,368,741.783333333
49,368,741.8
50,368,741.816666667
51,368,741.833333333
52,368,741.85
53,368,741.866666667
54,368,741.883333333
55,368,741.9
56,368,741.916666667
57,368,741.933333333
58,368,741.95
59,368,741.966666667
60,368,741.983333333
61,368,742
62,368,742.016666667
63,368,742.033333333
64,368,742.05
65,368,742.066666667
66,368,742.083333333
67,368,742.1
68,368,742.116666667
69,368,742.133333333
70,368,742.15
71,368,742.166666667
72,368,742.183333333
73,368,742.2
74,368,742.216666667
75,368,742.233333333
76,368,742.25
77,368,742.266666667
78,368,742.283333333
79,368,742.3
80,368,742.316666667
81,368,742.333333333
82,368,742.35
83,368,742.366666667
84,368,742.383333333
85,368,742.4
86,368,742.416666667
87,368,742.433333333
88,368,742.45
89,368,742.466666667
90,368,742.483333333
91,368,742.5
92,368,742.516666667
93,368,742.533333333
94,368,742.55
95,368,742.566666667
96,368,742.583333333
97,368,742.6
98,368,742.616666667
99,368,742.633333333
100,368,742.65
101,368,742.666666667
102,368,742.683333333
103,368,742.7
104,368,742.716666667
105,368,742.733333333
106,368,742.75
107,368,742.766666667
108,368,742.783333333
109,368,742.8
110,368,742.816666667
111,368,742.833333333
112,368,742.85
113,368,742.866666667
114,368,742.883333333
115,368,742.9
116,368,742.916666667
117,368,742.933333333
118,368,742.95
119,368,742.966666667
120,368,742.983333333
1,369,743
2,369,743.016666667
3,369,743.033333333
4,369,743.05
5,369,743.066666667
6,369,743.083333333
7,369,743.1
8,369,743.116666667
9,369,743.133333333
10,369,743.15
11,369,743.166666667
12,369,743.183333333
13,369,743.2
14,369,743.216666667
15,369,743.233333333
16,369,743.25
17,369,743.266666667
18,369,743.283333333
19,369,743.3
20,369,743.316666667
21,369,743.333333333
22,369,743.35
23,369,743.366666667
24,369,743.383333333
25,369,743.4
26,369,743.416666667
27,369,743.433333333
28,369,743.45
29,369,743.466666667
30,369,743.483333333
31,369,743.5
32,369,743.516666667
33,369,743.533333333
34,369,743.55
35,369,743.566666667
36,369,743.583333333
37,369,743.6
38,369,743.616666667
39,369,743.633333333
40,369,743.65
41,369,743.666666667
42,369,743.683333333
43,369,743.7
44,369,743.716666667
45,369,743.733333333
46,369,743.75
47,369,743.766666667
48,369,743.783333333
49,369,743.8
50,369,743.816666667
51,369,743.833333333
52,369,743.85
53,369,743.866666667
54,369,743.883333333
55,369,743.9
56,369,743.916666667
57,369,743.933333333
58,369,743.95
59,369,743.966666667
60,369,743.983333333
61,369,744
62,369,744.016666667
63,369,744.033333333
64,369,744.05
65,369,744.066666667
66,369,744.083333333
67,369,744.1
68,369,744.116666667
69,369,744.133333333
70,369,744.15
71,369,744.166666667
72,369,744.183333333
73,369,744.2
74,369,744.216666667
75,369,744.233333333
76,369,744.25
77,369,744.266666667
78,369,744.283333333
79,369,744.3
80,369,744.316666667
81,369,744.333333333
82,369,744.35
83,369,744.366666667
84,369,744.383333333
85,369,744.4
86,369,744.416666667
87,369,744.433333333
88,369,744.45
89,369,744.466666667
90,369,744.483333333
91,369,744.5
92,369,744.516666667
93,369,744.533333333
94,369,744.55
95,369,744.566666667
96,369,744.583333333
97,369,744.6
98,369,744.616666667
99,369,744.633333333
100,369,744.65
101,369,744.666666667
102,369,744.683333333
103,369,744.7
104,369,744.716666667
105,369,744.733333333
106,369,744.75
107,369,744.766666667
108,369,744.783333333
109,369,744.8
110,369,744.816666667
111,369,744.833333333
112,369,744.85
113,369,744.866666667
114,369,744.883333333
115,369,744.9
116,369,744.916666667
117,369,744.933333333
118,369,744.95
119,369,744.966666667
120,369,744.983333333
1,370,745
2,370,745.016666667
3,370,745.033333333
4,370,745.05
5,370,745.066666667
6,370,745.083333333
7,370,745.1
8,370,745.116666667
9,370,745.133333333
10,370,745.15
11,370,745.166666667
12,370,745.183333333
13,370,745.2
14,370,745.216666667
15,370,745.233333333
16,370,745.25
17,370,745.266666667
18,370,745.283333333
19,370,745.3
20,370,745.316666667
21,370,745.333333333
22,370,745.35
23,370,745.366666667
24,370,745.383333333
25,370,745.4
26,370,745.416666667
27,370,745.433333333
28,370,745.45
29,370,745.466666667
30,370,745.483333333
31,370,745.5
32,370,745.516666667
33,370,745.533333333
34,370,745.55
35,370,745.566666667
36,370,745.583333333
37,370,745.6
38,370,745.616666667
39,370,745.633333333
40,370,745.65
41,370,745.666666667
42,370,745.683333333
43,370,745.7
44,370,745.716666667
45,370,745.733333333
46,370,745.75
47,370,745.766666667
48,370,745.783333333
49,370,745.8
50,370,745.816666667
51,370,745.833333333
52,370,745.85
53,370,745.866666667
54,370,745.883333333
55,370,745.9
56,370,745.916666667
57,370,745.933333333
58,370,745.95
59,370,745.966666667
60,370,745.983333333
61,370,746
62,370,746.016666667
63,370,746.033333333
64,370,746.05
65,370,746.066666667
66,370,746.083333333
67,370,746.1
68,370,746.116666667
69,370,746.133333333
70,370,746.15
71,370,746.166666667
72,370,746.183333333
73,370,746.2
74,370,746.216666667
75,370,746.233333333
76,370,746.25
77,370,746.266666667
78,370,746.283333333
79,370,746.3
80,370,746.316666667
81,370,746.333333333
82,370,746.35
83,370,746.366666667
84,370,746.383333333
85,370,746.4
86,370,746.416666667
87,370,746.433333333
88,370,746.45
89,370,746.466666667
90,370,746.483333333
91,370,746.5
92,370,746.516666667
93,370,746.533333333
94,370,746.55
95,370,746.566666667
96,370,746.583333333
97,370,746.6
98,370,746.616666667
99,370,746.633333333
100,370,746.65
101,370,746.666666667
102,370,746.683333333
103,370,746.7
104,370,746.716666667
105,370,746.733333333
106,370,746.75
107,370,746.766666667
108,370,746.783333333
109,370,746.8
110,370,746.816666667
111,370,746.833333333
112,370,746.85
113,370,746.866666667
114,370,746.883333333
115,370,746.9
116,370,746.916666667
117,370,746.933333333
118,370,746.95
119,370,746.966666667
120,370,746.983333333
1,371,747
2,371,747.016666667
3,371,747.033333333
4,371,747.05
5,371,747.066666667
6,371,747.083333333
7,371,747.1
8,371,747.116666667
9,371,747.133333333
10,371,747.15
11,371,747.166666667
12,371,747.183333333
13,371,747.2
14,371,747.216666667
15,371,747.233333333
16,371,747.25
17,371,747.266666667
18,371,747.283333333
19,371,747.3
20,371,747.316666667
21,371,747.333333333
22,371,747.35
23,371,747.366666667
24,371,747.383333333
25,371,747.4
26,371,747.416666667
27,371,747.433333333
28,371,747.45
29,371,747.466666667
30,371,747.483333333
31,371,747.5
32,371,747.516666667
33,371,747.533333333
34,371,747.55
35,371,747.566666667
36,371,747.583333333
37,371,747.6
38,371,747.616666667
39,371,747.633333333
40,371,747.65
41,371,747.666666667
42,371,747.683333333
43,371,747.7
44,371,747.716666667
45,371,747.733333333
46,371,747.75
47,371,747.766666667
48,371,747.783333333
49,371,747.8
50,371,747.816666667
51,371,747.833333333
52,371,747.85
53,371,747.866666667
54,371,747.883333333
55,371,747.9
56,371,747.916666667
57,371,747.933333333
58,371,747.95
59,371,747.966666667
60,371,747.983333333
61,371,748
62,371,748.016666667
63,371,748.033333333
64,371,748.05
65,371,748.066666667
66,371,748.083333333
67,371,748.1
68,371,748.116666667
69,371,748.133333333
70,371,748.15
71,371,748.166666667
72,371,748.183333333
73,371,748.2
74,371,748.216666667
75,371,748.233333333
76,371,748.25
77,371,748.266666667
78,371,748.283333333
79,371,748.3
80,371,748.316666667
81,371,748.333333333
82,371,748.35
83,371,748.366666667
84,371,748.383333333
85,371,748.4
86,371,748.416666667
87,371,748.433333333
88,371,748.45
89,371,748.466666667
90,371,748.483333333
91,371,748.5
92,371,748.516666667
93,371,748.533333333
94,371,748.55
95,371,748.566666667
96,371,748.583333333
97,371,748.6
98,371,748.616666667
99,371,748.633333333
100,371,748.65
101,371,748.666666667
102,371,748.683333333
103,371,748.7
104,371,748.716666667
105,371,748.733333333
106,371,748.75
107,371,748.766666667
108,371,748.783333333
109,371,748.8
110,371,748.816666667
111,371,748.833333333
112,371,748.85
113,371,748.866666667
114,371,748.883333333
115,371,748.9
116,371,748.916666667
117,371,748.933333333
118,371,748.95
119,371,748.966666667
120,371,748.983333333
1,372,749
2,372,749.016666667
3,372,749.033333333
4,372,749.05
5,372,749.066666667
6,372,749.083333333
7,372,749.1
8,372,749.116666667
9,372,749.133333333
10,372,749.15
11,372,749.166666667
12,372,749.183333333
13,372,749.2
14,372,749.216666667
15,372,749.233333333
16,372,749.25
17,372,749.266666667
18,372,749.283333333
19,372,749.3
20,372,749.316666667
21,372,749.333333333
22,372,749.35
23,372,749.366666667
24,372,749.383333333
25,372,749.4
26,372,749.416666667
27,372,749.433333333
28,372,749.45
29,372,749.466666667
30,372,749.483333333
31,372,749.5
32,372,749.516666667
33,372,749.533333333
34,372,749.55
35,372,749.566666667
36,372,749.583333333
37,372,749.6
38,372,749.616666667
39,372,749.633333333
40,372,749.65
41,372,749.666666667
42,372,749.683333333
43,372,749.7
44,372,749.716666667
45,372,749.733333333
46,372,749.75
47,372,749.766666667
48,372,749.783333333
49,372,749.8
50,372,749.816666667
51,372,749.833333333
52,372,749.85
53,372,749.866666667
54,372,749.883333333
55,372,749.9
56,372,749.916666667
57,372,749.933333333
58,372,749.95
59,372,749.966666667
60,372,749.983333333
61,372,750
62,372,750.016666667
63,372,750.033333333
64,372,750.05
65,372,750.066666667
66,372,750.083333333
67,372,750.1
68,372,750.116666667
69,372,750.133333333
70,372,750.15
71,372,750.166666667
72,372,750.183333333
73,372,750.2
74,372,750.216666667
75,372,750.233333333
76,372,750.25
77,372,750.266666667
78,372,750.283333333
79,372,750.3
80,372,750.316666667
81,372,750.333333333
82,372,750.35
83,372,750.366666667
84,372,750.383333333
85,372,750.4
86,372,750.416666667
87,372,750.433333333
88,372,750.45
89,372,750.466666667
90,372,750.483333333
91,372,750.5
92,372,750.516666667
93,372,750.533333333
94,372,750.55
95,372,750.566666667
96,372,750.583333333
97,372,750.6
98,372,750.616666667
99,372,750.633333333
100,372,750.65
101,372,750.666666667
102,372,750.683333333
103,372,750.7
104,372,750.716666667
105,372,750.733333333
106,372,750.75
107,372,750.766666667
108,372,750.783333333
109,372,750.8
110,372,750.816666667
111,372,750.833333333
112,372,750.85
113,372,750.866666667
114,372,750.883333333
115,372,750.9
116,372,750.916666667
117,372,750.933333333
118,372,750.95
119,372,750.966666667
120,372,750.983333333
1,373,751
2,373,751.016666667
3,373,751.033333333
4,373,751.05
5,373,751.066666667
6,373,751.083333333
7,373,751.1
8,373,751.116666667
9,373,751.133333333
10,373,751.15
11,373,751.166666667
12,373,751.183333333
13,373,751.2
14,373,751.216666667
15,373,751.233333333
16,373,751.25
17,373,751.266666667
18,373,751.283333333
19,373,751.3
20,373,751.316666667
21,373,751.333333333
22,373,751.35
23,373,751.366666667
24,373,751.383333333
25,373,751.4
26,373,751.416666667
27,373,751.433333333
28,373,751.45
29,373,751.466666667
30,373,751.483333333
31,373,751.5
32,373,751.516666667
33,373,751.533333333
34,373,751.55
35,373,751.566666667
36,373,751.583333333
37,373,751.6
38,373,751.616666667
39,373,751.633333333
40,373,751.65
41,373,751.666666667
42,373,751.683333333
43,373,751.7
44,373,751.716666667
45,373,751.733333333
46,373,751.75
47,373,751.766666667
48,373,751.783333333
49,373,751.8
50,373,751.816666667
51,373,751.833333333
52,373,751.85
53,373,751.866666667
54,373,751.883333333
55,373,751.9
56,373,751.916666667
57,373,751.933333333
58,373,751.95
59,373,751.966666667
60,373,751.983333333
61,373,752
62,373,752.016666667
63,373,752.033333333
64,373,752.05
65,373,752.066666667
66,373,752.083333333
67,373,752.1
68,373,752.116666667
69,373,752.133333333
70,373,752.15
71,373,752.166666667
72,373,752.183333333
73,373,752.2
74,373,752.216666667
75,373,752.233333333
76,373,752.25
77,373,752.266666667
78,373,752.283333333
79,373,752.3
80,373,752.316666667
81,373,752.333333333
82,373,752.35
83,373,752.366666667
84,373,752.383333333
85,373,752.4
86,373,752.416666667
87,373,752.433333333
88,373,752.45
89,373,752.466666667
90,373,752.483333333
91,373,752.5
92,373,752.516666667
93,373,752.533333333
94,373,752.55
95,373,752.566666667
96,373,752.583333333
97,373,752.6
98,373,752.616666667
99,373,752.633333333
100,373,752.65
101,373,752.666666667
102,373,752.683333333
103,373,752.7
104,373,752.716666667
105,373,752.733333333
106,373,752.75
107,373,752.766666667
108,373,752.783333333
109,373,752.8
110,373,752.816666667
111,373,752.833333333
112,373,752.85
113,373,752.866666667
114,373,752.883333333
115,373,752.9
116,373,752.916666667
117,373,752.933333333
118,373,752.95
119,373,752.966666667
120,373,752.983333333
1,374,753
2,374,753.016666667
3,374,753.033333333
4,374,753.05
5,374,753.066666667
6,374,753.083333333
7,374,753.1
8,374,753.116666667
9,374,753.133333333
10,374,753.15
11,374,753.166666667
12,374,753.183333333
13,374,753.2
14,374,753.216666667
15,374,753.233333333
16,374,753.25
17,374,753.266666667
18,374,753.283333333
19,374,753.3
20,374,753.316666667
21,374,753.333333333
22,374,753.35
23,374,753.366666667
24,374,753.383333333
25,374,753.4
26,374,753.416666667
27,374,753.433333333
28,374,753.45
29,374,753.466666667
30,374,753.483333333
31,374,753.5
32,374,753.516666667
33,374,753.533333333
34,374,753.55
35,374,753.566666667
36,374,753.583333333
37,374,753.6
38,374,753.616666667
39,374,753.633333333
40,374,753.65
41,374,753.666666667
42,374,753.683333333
43,374,753.7
44,374,753.716666667
45,374,753.733333333
46,374,753.75
47,374,753.766666667
48,374,753.783333333
49,374,753.8
50,374,753.816666667
51,374,753.833333333
52,374,753.85
53,374,753.866666667
54,374,753.883333333
55,374,753.9
56,374,753.916666667
57,374,753.933333333
58,374,753.95
59,374,753.966666667
60,374,753.983333333
61,374,754
62,374,754.016666667
63,374,754.033333333
64,374,754.05
65,374,754.066666667
66,374,754.083333333
67,374,754.1
68,374,754.116666667
69,374,754.133333333
70,374,754.15
71,374,754.166666667
72,374,754.183333333
73,374,754.2
74,374,754.216666667
75,374,754.233333333
76,374,754.25
77,374,754.266666667
78,374,754.283333333
79,374,754.3
80,374,754.316666667
81,374,754.333333333
82,374,754.35
83,374,754.366666667
84,374,754.383333333
85,374,754.4
86,374,754.416666667
87,374,754.433333333
88,374,754.45
89,374,754.466666667
90,374,754.483333333
91,374,754.5
92,374,754.516666667
93,374,754.533333333
94,374,754.55
95,374,754.566666667
96,374,754.583333333
97,374,754.6
98,374,754.616666667
99,374,754.633333333
100,374,754.65
101,374,754.666666667
102,374,754.683333333
103,374,754.7
104,374,754.716666667
105,374,754.733333333
106,374,754.75
107,374,754.766666667
108,374,754.783333333
109,374,754.8
110,374,754.816666667
111,374,754.833333333
112,374,754.85
113,374,754.866666667
114,374,754.883333333
115,374,754.9
116,374,754.916666667
117,374,754.933333333
118,374,754.95
119,374,754.966666667
120,374,754.983333333
1,375,755
2,375,755.016666667
3,375,755.033333333
4,375,755.05
5,375,755.066666667
6,375,755.083333333
7,375,755.1
8,375,755.116666667
9,375,755.133333333
10,375,755.15
11,375,755.166666667
12,375,755.183333333
13,375,755.2
14,375,755.216666667
15,375,755.233333333
16,375,755.25
17,375,755.266666667
18,375,755.283333333
19,375,755.3
20,375,755.316666667
21,375,755.333333333
22,375,755.35
23,375,755.366666667
24,375,755.383333333
25,375,755.4
26,375,755.416666667
27,375,755.433333333
28,375,755.45
29,375,755.466666667
30,375,755.483333333
31,375,755.5
32,375,755.516666667
33,375,755.533333333
34,375,755.55
35,375,755.566666667
36,375,755.583333333
37,375,755.6
38,375,755.616666667
39,375,755.633333333
40,375,755.65
41,375,755.666666667
42,375,755.683333333
43,375,755.7
44,375,755.716666667
45,375,755.733333333
46,375,755.75
47,375,755.766666667
48,375,755.783333333
49,375,755.8
50,375,755.816666667
51,375,755.833333333
52,375,755.85
53,375,755.866666667
54,375,755.883333333
55,375,755.9
56,375,755.916666667
57,375,755.933333333
58,375,755.95
59,375,755.966666667
60,375,755.983333333
61,375,756
62,375,756.016666667
63,375,756.033333333
64,375,756.05
65,375,756.066666667
66,375,756.083333333
67,375,756.1
68,375,756.116666667
69,375,756.133333333
70,375,756.15
71,375,756.166666667
72,375,756.183333333
73,375,756.2
74,375,756.216666667
75,375,756.233333333
76,375,756.25
77,375,756.266666667
78,375,756.283333333
79,375,756.3
80,375,756.316666667
81,375,756.333333333
82,375,756.35
83,375,756.366666667
84,375,756.383333333
85,375,756.4
86,375,756.416666667
87,375,756.433333333
88,375,756.45
89,375,756.466666667
90,375,756.483333333
91,375,756.5
92,375,756.516666667
93,375,756.533333333
94,375,756.55
95,375,756.566666667
96,375,756.583333333
97,375,756.6
98,375,756.616666667
99,375,756.633333333
100,375,756.65
101,375,756.666666667
102,375,756.683333333
103,375,756.7
104,375,756.716666667
105,375,756.733333333
106,375,756.75
107,375,756.766666667
108,375,756.783333333
109,375,756.8
110,375,756.816666667
111,375,756.833333333
112,375,756.85
113,375,756.866666667
114,375,756.883333333
115,375,756.9
116,375,756.916666667
117,375,756.933333333
118,375,756.95
119,375,756.966666667
120,375,756.983333333
1,376,757
2,376,757.016666667
3,376,757.033333333
4,376,757.05
5,376,757.066666667
6,376,757.083333333
7,376,757.1
8,376,757.116666667
9,376,757.133333333
10,376,757.15
11,376,757.166666667
12,376,757.183333333
13,376,757.2
14,376,757.216666667
15,376,757.233333333
16,376,757.25
17,376,757.266666667
18,376,757.283333333
19,376,757.3
20,376,757.316666667
21,376,757.333333333
22,376,757.35
23,376,757.366666667
24,376,757.383333333
25,376,757.4
26,376,757.416666667
27,376,757.433333333
28,376,757.45
29,376,757.466666667
30,376,757.483333333
31,376,757.5
32,376,757.516666667
33,376,757.533333333
34,376,757.55
35,376,757.566666667
36,376,757.583333333
37,376,757.6
38,376,757.616666667
39,376,757.633333333
40,376,757.65
41,376,757.666666667
42,376,757.683333333
43,376,757.7
44,376,757.716666667
45,376,757.733333333
46,376,757.75
47,376,757.766666667
48,376,757.783333333
49,376,757.8
50,376,757.816666667
51,376,757.833333333
52,376,757.85
53,376,757.866666667
54,376,757.883333333
55,376,757.9
56,376,757.916666667
57,376,757.933333333
58,376,757.95
59,376,757.966666667
60,376,757.983333333
61,376,758
62,376,758.016666667
63,376,758.033333333
64,376,758.05
65,376,758.066666667
66,376,758.083333333
67,376,758.1
68,376,758.116666667
69,376,758.133333333
70,376,758.15
71,376,758.166666667
72,376,758.183333333
73,376,758.2
74,376,758.216666667
75,376,758.233333333
76,376,758.25
77,376,758.266666667
78,376,758.283333333
79,376,758.3
80,376,758.316666667
81,376,758.333333333
82,376,758.35
83,376,758.366666667
84,376,758.383333333
85,376,758.4
86,376,758.416666667
87,376,758.433333333
88,376,758.45
89,376,758.466666667
90,376,758.483333333
91,376,758.5
92,376,758.516666667
93,376,758.533333333
94,376,758.55
95,376,758.566666667
96,376,758.583333333
97,376,758.6
98,376,758.616666667
99,376,758.633333333
100,376,758.65
101,376,758.666666667
102,376,758.683333333
103,376,758.7
104,376,758.716666667
105,376,758.733333333
106,376,758.75
107,376,758.766666667
108,376,758.783333333
109,376,758.8
110,376,758.816666667
111,376,758.833333333
112,376,758.85
113,376,758.866666667
114,376,758.883333333
115,376,758.9
116,376,758.916666667
117,376,758.933333333
118,376,758.95
119,376,758.966666667
120,376,758.983333333
1,377,759
2,377,759.016666667
3,377,759.033333333
4,377,759.05
5,377,759.066666667
6,377,759.083333333
7,377,759.1
8,377,759.116666667
9,377,759.133333333
10,377,759.15
11,377,759.166666667
12,377,759.183333333
13,377,759.2
14,377,759.216666667
15,377,759.233333333
16,377,759.25
17,377,759.266666667
18,377,759.283333333
19,377,759.3
20,377,759.316666667
21,377,759.333333333
22,377,759.35
23,377,759.366666667
24,377,759.383333333
25,377,759.4
26,377,759.416666667
27,377,759.433333333
28,377,759.45
29,377,759.466666667
30,377,759.483333333
31,377,759.5
32,377,759.516666667
33,377,759.533333333
34,377,759.55
35,377,759.566666667
36,377,759.583333333
37,377,759.6
38,377,759.616666667
39,377,759.633333333
40,377,759.65
41,377,759.666666667
42,377,759.683333333
43,377,759.7
44,377,759.716666667
45,377,759.733333333
46,377,759.75
47,377,759.766666667
48,377,759.783333333
49,377,759.8
50,377,759.816666667
51,377,759.833333333
52,377,759.85
53,377,759.866666667
54,377,759.883333333
55,377,759.9
56,377,759.916666667
57,377,759.933333333
58,377,759.95
59,377,759.966666667
60,377,759.983333333
61,377,760
62,377,760.016666667
63,377,760.033333333
64,377,760.05
65,377,760.066666667
66,377,760.083333333
67,377,760.1
68,377,760.116666667
69,377,760.133333333
70,377,760.15
71,377,760.166666667
72,377,760.183333333
73,377,760.2
74,377,760.216666667
75,377,760.233333333
76,377,760.25
77,377,760.266666667
78,377,760.283333333
79,377,760.3
80,377,760.316666667
81,377,760.333333333
82,377,760.35
83,377,760.366666667
84,377,760.383333333
85,377,760.4
86,377,760.416666667
87,377,760.433333333
88,377,760.45
89,377,760.466666667
90,377,760.483333333
91,377,760.5
92,377,760.516666667
93,377,760.533333333
94,377,760.55
95,377,760.566666667
96,377,760.583333333
97,377,760.6
98,377,760.616666667
99,377,760.633333333
100,377,760.65
101,377,760.666666667
102,377,760.683333333
103,377,760.7
104,377,760.716666667
105,377,760.733333333
106,377,760.75
107,377,760.766666667
108,377,760.783333333
109,377,760.8
110,377,760.816666667
111,377,760.833333333
112,377,760.85
113,377,760.866666667
114,377,760.883333333
115,377,760.9
116,377,760.916666667
117,377,760.933333333
118,377,760.95
119,377,760.966666667
120,377,760.983333333
1,378,761
2,378,761.016666667
3,378,761.033333333
4,378,761.05
5,378,761.066666667
6,378,761.083333333
7,378,761.1
8,378,761.116666667
9,378,761.133333333
10,378,761.15
11,378,761.166666667
12,378,761.183333333
13,378,761.2
14,378,761.216666667
15,378,761.233333333
16,378,761.25
17,378,761.266666667
18,378,761.283333333
19,378,761.3
20,378,761.316666667
21,378,761.333333333
22,378,761.35
23,378,761.366666667
24,378,761.383333333
25,378,761.4
26,378,761.416666667
27,378,761.433333333
28,378,761.45
29,378,761.466666667
30,378,761.483333333
31,378,761.5
32,378,761.516666667
33,378,761.533333333
34,378,761.55
35,378,761.566666667
36,378,761.583333333
37,378,761.6
38,378,761.616666667
39,378,761.633333333
40,378,761.65
41,378,761.666666667
42,378,761.683333333
43,378,761.7
44,378,761.716666667
45,378,761.733333333
46,378,761.75
47,378,761.766666667
48,378,761.783333333
49,378,761.8
50,378,761.816666667
51,378,761.833333333
52,378,761.85
53,378,761.866666667
54,378,761.883333333
55,378,761.9
56,378,761.916666667
57,378,761.933333333
58,378,761.95
59,378,761.966666667
60,378,761.983333333
61,378,762
62,378,762.016666667
63,378,762.033333333
64,378,762.05
65,378,762.066666667
66,378,762.083333333
67,378,762.1
68,378,762.116666667
69,378,762.133333333
70,378,762.15
71,378,762.166666667
72,378,762.183333333
73,378,762.2
74,378,762.216666667
75,378,762.233333333
76,378,762.25
77,378,762.266666667
78,378,762.283333333
79,378,762.3
80,378,762.316666667
81,378,762.333333333
82,378,762.35
83,378,762.366666667
84,378,762.383333333
85,378,762.4
86,378,762.416666667
