node,seq,time_s
1,0,5
2,0,5.016666667
3,0,5.033333333
4,0,5.05
5,0,5.066666667
6,0,5.083333333
7,0,5.1
8,0,5.116666667
9,0,5.133333333
10,0,5.15
11,0,5.166666667
12,0,5.183333333
13,0,5.2
14,0,5.216666667
15,0,5.233333333
16,0,5.25
17,0,5.266666667
18,0,5.283333333
19,0,5.3
20,0,5.316666667
21,0,5.333333333
22,0,5.35
23,0,5.366666667
24,0,5.383333333
25,0,5.4
26,0,5.416666667
27,0,5.433333333
28,0,5.45
29,0,5.466666667
30,0,5.483333333
31,0,5.5
32,0,5.516666667
33,0,5.533333333
34,0,5.55
35,0,5.566666667
36,0,5.583333333
37,0,5.6
38,0,5.616666667
39,0,5.633333333
40,0,5.65
41,0,5.666666667
42,0,5.683333333
43,0,5.7
44,0,5.716666667
45,0,5.733333333
46,0,5.75
47,0,5.766666667
48,0,5.783333333
49,0,5.8
50,0,5.816666667
51,0,5.833333333
52,0,5.85
53,0,5.866666667
54,0,5.883333333
55,0,5.9
56,0,5.916666667
57,0,5.933333333
58,0,5.95
59,0,5.966666667
60,0,5.983333333
61,0,6
62,0,6.016666667
63,0,6.033333333
64,0,6.05
65,0,6.066666667
66,0,6.083333333
67,0,6.1
68,0,6.116666667
69,0,6.133333333
70,0,6.15
71,0,6.166666667
72,0,6.183333333
73,0,6.2
74,0,6.216666667
75,0,6.233333333
76,0,6.25
77,0,6.266666667
78,0,6.283333333
79,0,6.3
80,0,6.316666667
81,0,6.333333333
82,0,6.35
83,0,6.366666667
84,0,6.383333333
85,0,6.4
86,0,6.416666667
87,0,6.433333333
88,0,6.45
89,0,6.466666667
90,0,6.483333333
91,0,6.5
92,0,6.516666667
93,0,6.533333333
94,0,6.55
95,0,6.566666667
96,0,6.583333333
97,0,6.6
98,0,6.616666667
99,0,6.633333333
100,0,6.65
101,0,6.666666667
102,0,6.683333333
103,0,6.7
104,0,6.716666667
105,0,6.733333333
106,0,6.75
107,0,6.766666667
108,0,6.783333333
109,0,6.8
110,0,6.816666667
111,0,6.833333333
112,0,6.85
113,0,6.866666667
114,0,6.883333333
115,0,6.9
116,0,6.916666667
117,0,6.933333333
118,0,6.95
119,0,6.966666667
120,0,6.983333333
1,1,7
2,1,7.016666667
3,1,7.033333333
4,1,7.05
5,1,7.066666667
6,1,7.083333333
7,1,7.1
8,1,7.116666667
9,1,7.133333333
10,1,7.15
11,1,7.166666667
12,1,7.183333333
13,1,7.2
14,1,7.216666667
15,1,7.233333333
16,1,7.25
17,1,7.266666667
18,1,7.283333333
19,1,7.3
20,1,7.316666667
21,1,7.333333333
22,1,7.35
23,1,7.366666667
24,1,7.383333333
25,1,7.4
26,1,7.416666667
27,1,7.433333333
28,1,7.45
29,1,7.466666667
30,1,7.483333333
31,1,7.5
32,1,7.516666667
33,1,7.533333333
34,1,7.55
35,1,7.566666667
36,1,7.583333333
37,1,7.6
38,1,7.616666667
39,1,7.633333333
40,1,7.65
41,1,7.666666667
42,1,7.683333333
43,1,7.7
44,1,7.716666667
45,1,7.733333333
46,1,7.75
47,1,7.766666667
48,1,7.783333333
49,1,7.8
50,1,7.816666667
51,1,7.833333333
52,1,7.85
53,1,7.866666667
54,1,7.883333333
55,1,7.9
56,1,7.916666667
57,1,7.933333333
58,1,7.95
59,1,7.966666667
60,1,7.983333333
61,1,8
62,1,8.016666667
63,1,8.033333333
64,1,8.05
65,1,8.066666667
66,1,8.083333333
67,1,8.1
68,1,8.116666667
69,1,8.133333333
70,1,8.15
71,1,8.166666667
72,1,8.183333333
73,1,8.2
74,1,8.216666667
75,1,8.233333333
76,1,8.25
77,1,8.266666667
78,1,8.283333333
79,1,8.3
80,1,8.316666667
81,1,8.333333333
82,1,8.35
83,1,8.366666667
84,1,8.383333333
85,1,8.4
86,1,8.416666667
87,1,8.433333333
88,1,8.45
89,1,8.466666667
90,1,8.483333333
91,1,8.5
92,1,8.516666667
93,1,8.533333333
94,1,8.55
95,1,8.566666667
96,1,8.583333333
97,1,8.6
98,1,8.616666667
99,1,8.633333333
100,1,8.65
101,1,8.666666667
102,1,8.683333333
103,1,8.7
104,1,8.716666667
105,1,8.733333333
106,1,8.75
107,1,8.766666667
108,1,8.783333333
109,1,8.8
110,1,8.816666667
111,1,8.833333333
112,1,8.85
113,1,8.866666667
114,1,8.883333333
115,1,8.9
116,1,8.916666667
117,1,8.933333333
118,1,8.95
119,1,8.966666667
120,1,8.983333333
1,2,9
2,2,9.016666667
3,2,9.033333333
4,2,9.05
5,2,9.066666667
6,2,9.083333333
7,2,9.1
8,2,9.116666667
9,2,9.133333333
10,2,9.15
11,2,9.166666667
12,2,9.183333333
13,2,9.2
14,2,9.216666667
15,2,9.233333333
16,2,9.25
17,2,9.266666667
18,2,9.283333333
19,2,9.3
20,2,9.316666667
21,2,9.333333333
22,2,9.35
23,2,9.366666667
24,2,9.383333333
25,2,9.4
26,2,9.416666667
27,2,9.433333333
28,2,9.45
29,2,9.466666667
30,2,9.483333333
31,2,9.5
32,2,9.516666667
33,2,9.533333333
34,2,9.55
35,2,9.566666667
36,2,9.583333333
37,2,9.6
38,2,9.616666667
39,2,9.633333333
40,2,9.65
41,2,9.666666667
42,2,9.683333333
43,2,9.7
44,2,9.716666667
45,2,9.733333333
46,2,9.75
47,2,9.766666667
48,2,9.783333333
49,2,9.8
50,2,9.816666667
51,2,9.833333333
52,2,9.85
53,2,9.866666667
54,2,9.883333333
55,2,9.9
56,2,9.916666667
57,2,9.933333333
58,2,9.95
59,2,9.966666667
60,2,9.983333333
61,2,10
62,2,10.016666667
63,2,10.033333333
64,2,10.05
65,2,10.066666667
66,2,10.083333333
67,2,10.1
68,2,10.116666667
69,2,10.133333333
70,2,10.15
71,2,10.166666667
72,2,10.183333333
73,2,10.2
74,2,10.216666667
75,2,10.233333333
76,2,10.25
77,2,10.266666667
78,2,10.283333333
79,2,10.3
80,2,10.316666667
81,2,10.333333333
82,2,10.35
83,2,10.366666667
84,2,10.383333333
85,2,10.4
86,2,10.416666667
87,2,10.433333333
88,2,10.45
89,2,10.466666667
90,2,10.483333333
91,2,10.5
92,2,10.516666667
93,2,10.533333333
94,2,10.55
95,2,10.566666667
96,2,10.583333333
97,2,10.6
98,2,10.616666667
99,2,10.633333333
100,2,10.65
101,2,10.666666667
102,2,10.683333333
103,2,10.7
104,2,10.716666667
105,2,10.733333333
106,2,10.75
107,2,10.766666667
108,2,10.783333333
109,2,10.8
110,2,10.816666667
111,2,10.833333333
112,2,10.85
113,2,10.866666667
114,2,10.883333333
115,2,10.9
116,2,10.916666667
117,2,10.933333333
118,2,10.95
119,2,10.966666667
120,2,10.983333333
1,3,11
2,3,11.016666667
3,3,11.033333333
4,3,11.05
5,3,11.066666667
6,3,11.083333333
7,3,11.1
8,3,11.116666667
9,3,11.133333333
10,3,11.15
11,3,11.166666667
12,3,11.183333333
13,3,11.2
14,3,11.216666667
15,3,11.233333333
16,3,11.25
17,3,11.266666667
18,3,11.283333333
19,3,11.3
20,3,11.316666667
21,3,11.333333333
22,3,11.35
23,3,11.366666667
24,3,11.383333333
25,3,11.4
26,3,11.416666667
27,3,11.433333333
28,3,11.45
29,3,11.466666667
30,3,11.483333333
31,3,11.5
32,3,11.516666667
33,3,11.533333333
34,3,11.55
35,3,11.566666667
36,3,11.583333333
37,3,11.6
38,3,11.616666667
39,3,11.633333333
40,3,11.65
41,3,11.666666667
42,3,11.683333333
43,3,11.7
44,3,11.716666667
45,3,11.733333333
46,3,11.75
47,3,11.766666667
48,3,11.783333333
49,3,11.8
50,3,11.816666667
51,3,11.833333333
52,3,11.85
53,3,11.866666667
54,3,11.883333333
55,3,11.9
56,3,11.916666667
57,3,11.933333333
58,3,11.95
59,3,11.966666667
60,3,11.983333333
61,3,12
62,3,12.016666667
63,3,12.033333333
64,3,12.05
65,3,12.066666667
66,3,12.083333333
67,3,12.1
68,3,12.116666667
69,3,12.133333333
70,3,12.15
71,3,12.166666667
72,3,12.183333333
73,3,12.2
74,3,12.216666667
75,3,12.233333333
76,3,12.25
77,3,12.266666667
78,3,12.283333333
79,3,12.3
80,3,12.316666667
81,3,12.333333333
82,3,12.35
83,3,12.366666667
84,3,12.383333333
85,3,12.4
86,3,12.416666667
87,3,12.433333333
88,3,12.45
89,3,12.466666667
90,3,12.483333333
91,3,12.5
92,3,12.516666667
93,3,12.533333333
94,3,12.55
95,3,12.566666667
96,3,12.583333333
97,3,12.6
98,3,12.616666667
99,3,12.633333333
100,3,12.65
101,3,12.666666667
102,3,12.683333333
103,3,12.7
104,3,12.716666667
105,3,12.733333333
106,3,12.75
107,3,12.766666667
108,3,12.783333333
109,3,12.8
110,3,12.816666667
111,3,12.833333333
112,3,12.85
113,3,12.866666667
114,3,12.883333333
115,3,12.9
116,3,12.916666667
117,3,12.933333333
118,3,12.95
119,3,12.966666667
120,3,12.983333333
1,4,13
2,4,13.016666667
3,4,13.033333333
4,4,13.05
5,4,13.066666667
6,4,13.083333333
7,4,13.1
8,4,13.116666667
9,4,13.133333333
10,4,13.15
11,4,13.166666667
12,4,13.183333333
13,4,13.2
14,4,13.216666667
15,4,13.233333333
16,4,13.25
17,4,13.266666667
18,4,13.283333333
19,4,13.3
20,4,13.316666667
21,4,13.333333333
22,4,13.35
23,4,13.366666667
24,4,13.383333333
25,4,13.4
26,4,13.416666667
27,4,13.433333333
28,4,13.45
29,4,13.466666667
30,4,13.483333333
31,4,13.5
32,4,13.516666667
33,4,13.533333333
34,4,13.55
35,4,13.566666667
36,4,13.583333333
37,4,13.6
38,4,13.616666667
39,4,13.633333333
40,4,13.65
41,4,13.666666667
42,4,13.683333333
43,4,13.7
44,4,13.716666667
45,4,13.733333333
46,4,13.75
47,4,13.766666667
48,4,13.783333333
49,4,13.8
50,4,13.816666667
51,4,13.833333333
52,4,13.85
53,4,13.866666667
54,4,13.883333333
55,4,13.9
56,4,13.916666667
57,4,13.933333333
58,4,13.95
59,4,13.966666667
60,4,13.983333333
61,4,14
62,4,14.016666667
63,4,14.033333333
64,4,14.05
65,4,14.066666667
66,4,14.083333333
67,4,14.1
68,4,14.116666667
69,4,14.133333333
70,4,14.15
71,4,14.166666667
72,4,14.183333333
73,4,14.2
74,4,14.216666667
75,4,14.233333333
76,4,14.25
77,4,14.266666667
78,4,14.283333333
79,4,14.3
80,4,14.316666667
81,4,14.333333333
82,4,14.35
83,4,14.366666667
84,4,14.383333333
85,4,14.4
86,4,14.416666667
87,4,14.433333333
88,4,14.45
89,4,14.466666667
90,4,14.483333333
91,4,14.5
92,4,14.516666667
93,4,14.533333333
94,4,14.55
95,4,14.566666667
96,4,14.583333333
97,4,14.6
98,4,14.616666667
99,4,14.633333333
100,4,14.65
101,4,14.666666667
102,4,14.683333333
103,4,14.7
104,4,14.716666667
105,4,14.733333333
106,4,14.75
107,4,14.766666667
108,4,14.783333333
109,4,14.8
110,4,14.816666667
111,4,14.833333333
112,4,14.85
113,4,14.866666667
114,4,14.883333333
115,4,14.9
116,4,14.916666667
117,4,14.933333333
118,4,14.95
119,4,14.966666667
120,4,14.983333333
1,5,15
2,5,15.016666667
3,5,15.033333333
4,5,15.05
5,5,15.066666667
6,5,15.083333333
7,5,15.1
8,5,15.116666667
9,5,15.133333333
10,5,15.15
11,5,15.166666667
12,5,15.183333333
13,5,15.2
14,5,15.216666667
15,5,15.233333333
16,5,15.25
17,5,15.266666667
18,5,15.283333333
19,5,15.3
20,5,15.316666667
21,5,15.333333333
22,5,15.35
23,5,15.366666667
24,5,15.383333333
25,5,15.4
26,5,15.416666667
27,5,15.433333333
28,5,15.45
29,5,15.466666667
30,5,15.483333333
31,5,15.5
32,5,15.516666667
33,5,15.533333333
34,5,15.55
35,5,15.566666667
36,5,15.583333333
37,5,15.6
38,5,15.616666667
39,5,15.633333333
40,5,15.65
41,5,15.666666667
42,5,15.683333333
43,5,15.7
44,5,15.716666667
45,5,15.733333333
46,5,15.75
47,5,15.766666667
48,5,15.783333333
49,5,15.8
50,5,15.816666667
51,5,15.833333333
52,5,15.85
53,5,15.866666667
54,5,15.883333333
55,5,15.9
56,5,15.916666667
57,5,15.933333333
58,5,15.95
59,5,15.966666667
60,5,15.983333333
61,5,16
62,5,16.016666667
63,5,16.033333333
64,5,16.05
65,5,16.066666667
66,5,16.083333333
67,5,16.1
68,5,16.116666667
69,5,16.133333333
70,5,16.15
71,5,16.166666667
72,5,16.183333333
73,5,16.2
74,5,16.216666667
75,5,16.233333333
76,5,16.25
77,5,16.266666667
78,5,16.283333333
79,5,16.3
80,5,16.316666667
81,5,16.333333333
82,5,16.35
83,5,16.366666667
84,5,16.383333333
85,5,16.4
86,5,16.416666667
87,5,16.433333333
88,5,16.45
89,5,16.466666667
90,5,16.483333333
91,5,16.5
92,5,16.516666667
93,5,16.533333333
94,5,16.55
95,5,16.566666667
96,5,16.583333333
97,5,16.6
98,5,16.616666667
99,5,16.633333333
100,5,16.65
101,5,16.666666667
102,5,16.683333333
103,5,16.7
104,5,16.716666667
105,5,16.733333333
106,5,16.75
107,5,16.766666667
108,5,16.783333333
109,5,16.8
110,5,16.816666667
111,5,16.833333333
112,5,16.85
113,5,16.866666667
114,5,16.883333333
115,5,16.9
116,5,16.916666667
117,5,16.933333333
118,5,16.95
119,5,16.966666667
120,5,16.983333333
1,6,17
2,6,17.016666667
3,6,17.033333333
4,6,17.05
5,6,17.066666667
6,6,17.083333333
7,6,17.1
8,6,17.116666667
9,6,17.133333333
10,6,17.15
11,6,17.166666667
12,6,17.183333333
13,6,17.2
14,6,17.216666667
15,6,17.233333333
16,6,17.25
17,6,17.266666667
18,6,17.283333333
19,6,17.3
20,6,17.316666667
21,6,17.333333333
22,6,17.35
23,6,17.366666667
24,6,17.383333333
25,6,17.4
26,6,17.416666667
27,6,17.433333333
28,6,17.45
29,6,17.466666667
30,6,17.483333333
31,6,17.5
32,6,17.516666667
33,6,17.533333333
34,6,17.55
35,6,17.566666667
36,6,17.583333333
37,6,17.6
38,6,17.616666667
39,6,17.633333333
40,6,17.65
41,6,17.666666667
42,6,17.683333333
43,6,17.7
44,6,17.716666667
45,6,17.733333333
46,6,17.75
47,6,17.766666667
48,6,17.783333333
49,6,17.8
50,6,17.816666667
51,6,17.833333333
52,6,17.85
53,6,17.866666667
54,6,17.883333333
55,6,17.9
56,6,17.916666667
57,6,17.933333333
58,6,17.95
59,6,17.966666667
60,6,17.983333333
61,6,18
62,6,18.016666667
63,6,18.033333333
64,6,18.05
65,6,18.066666667
66,6,18.083333333
67,6,18.1
68,6,18.116666667
69,6,18.133333333
70,6,18.15
71,6,18.166666667
72,6,18.183333333
73,6,18.2
74,6,18.216666667
75,6,18.233333333
76,6,18.25
77,6,18.266666667
78,6,18.283333333
79,6,18.3
80,6,18.316666667
81,6,18.333333333
82,6,18.35
83,6,18.366666667
84,6,18.383333333
85,6,18.4
86,6,18.416666667
87,6,18.433333333
88,6,18.45
89,6,18.466666667
90,6,18.483333333
91,6,18.5
92,6,18.516666667
93,6,18.533333333
94,6,18.55
95,6,18.566666667
96,6,18.583333333
97,6,18.6
98,6,18.616666667
99,6,18.633333333
100,6,18.65
101,6,18.666666667
102,6,18.683333333
103,6,18.7
104,6,18.716666667
105,6,18.733333333
106,6,18.75
107,6,18.766666667
108,6,18.783333333
109,6,18.8
110,6,18.816666667
111,6,18.833333333
112,6,18.85
113,6,18.866666667
114,6,18.883333333
115,6,18.9
116,6,18.916666667
117,6,18.933333333
118,6,18.95
119,6,18.966666667
120,6,18.983333333
1,7,19
2,7,19.016666667
3,7,19.033333333
4,7,19.05
5,7,19.066666667
6,7,19.083333333
7,7,19.1
8,7,19.116666667
9,7,19.133333333
10,7,19.15
11,7,19.166666667
12,7,19.183333333
13,7,19.2
14,7,19.216666667
15,7,19.233333333
16,7,19.25
17,7,19.266666667
18,7,19.283333333
19,7,19.3
20,7,19.316666667
21,7,19.333333333
22,7,19.35
23,7,19.366666667
24,7,19.383333333
25,7,19.4
26,7,19.416666667
27,7,19.433333333
28,7,19.45
29,7,19.466666667
30,7,19.483333333
31,7,19.5
32,7,19.516666667
33,7,19.533333333
34,7,19.55
35,7,19.566666667
36,7,19.583333333
37,7,19.6
38,7,19.616666667
39,7,19.633333333
40,7,19.65
41,7,19.666666667
42,7,19.683333333
43,7,19.7
44,7,19.716666667
45,7,19.733333333
46,7,19.75
47,7,19.766666667
48,7,19.783333333
49,7,19.8
50,7,19.816666667
51,7,19.833333333
52,7,19.85
53,7,19.866666667
54,7,19.883333333
55,7,19.9
56,7,19.916666667
57,7,19.933333333
58,7,19.95
59,7,19.966666667
60,7,19.983333333
61,7,20
62,7,20.016666667
63,7,20.033333333
64,7,20.05
65,7,20.066666667
66,7,20.083333333
67,7,20.1
68,7,20.116666667
69,7,20.133333333
70,7,20.15
71,7,20.166666667
72,7,20.183333333
73,7,20.2
74,7,20.216666667
75,7,20.233333333
76,7,20.25
77,7,20.266666667
78,7,20.283333333
79,7,20.3
80,7,20.316666667
81,7,20.333333333
82,7,20.35
83,7,20.366666667
84,7,20.383333333
85,7,20.4
86,7,20.416666667
87,7,20.433333333
88,7,20.45
89,7,20.466666667
90,7,20.483333333
91,7,20.5
92,7,20.516666667
93,7,20.533333333
94,7,20.55
95,7,20.566666667
96,7,20.583333333
97,7,20.6
98,7,20.616666667
99,7,20.633333333
100,7,20.65
101,7,20.666666667
102,7,20.683333333
103,7,20.7
104,7,20.716666667
105,7,20.733333333
106,7,20.75
107,7,20.766666667
108,7,20.783333333
109,7,20.8
110,7,20.816666667
111,7,20.833333333
112,7,20.85
113,7,20.866666667
114,7,20.883333333
115,7,20.9
116,7,20.916666667
117,7,20.933333333
118,7,20.95
119,7,20.966666667
120,7,20.983333333
1,8,21
2,8,21.016666667
3,8,21.033333333
4,8,21.05
5,8,21.066666667
6,8,21.083333333
7,8,21.1
8,8,21.116666667
9,8,21.133333333
10,8,21.15
11,8,21.166666667
12,8,21.183333333
13,8,21.2
14,8,21.216666667
15,8,21.233333333
16,8,21.25
17,8,21.266666667
18,8,21.283333333
19,8,21.3
20,8,21.316666667
21,8,21.333333333
22,8,21.35
23,8,21.366666667
24,8,21.383333333
25,8,21.4
26,8,21.416666667
27,8,21.433333333
28,8,21.45
29,8,21.466666667
30,8,21.483333333
31,8,21.5
32,8,21.516666667
33,8,21.533333333
34,8,21.55
35,8,21.566666667
36,8,21.583333333
37,8,21.6
38,8,21.616666667
39,8,21.633333333
40,8,21.65
41,8,21.666666667
42,8,21.683333333
43,8,21.7
44,8,21.716666667
45,8,21.733333333
46,8,21.75
47,8,21.766666667
48,8,21.783333333
49,8,21.8
50,8,21.816666667
51,8,21.833333333
52,8,21.85
53,8,21.866666667
54,8,21.883333333
55,8,21.9
56,8,21.916666667
57,8,21.933333333
58,8,21.95
59,8,21.966666667
60,8,21.983333333
61,8,22
62,8,22.016666667
63,8,22.033333333
64,8,22.05
65,8,22.066666667
66,8,22.083333333
67,8,22.1
68,8,22.116666667
69,8,22.133333333
70,8,22.15
71,8,22.166666667
72,8,22.183333333
73,8,22.2
74,8,22.216666667
75,8,22.233333333
76,8,22.25
77,8,22.266666667
78,8,22.283333333
79,8,22.3
80,8,22.316666667
81,8,22.333333333
82,8,22.35
83,8,22.366666667
84,8,22.383333333
85,8,22.4
86,8,22.416666667
87,8,22.433333333
88,8,22.45
89,8,22.466666667
90,8,22.483333333
91,8,22.5
92,8,22.516666667
93,8,22.533333333
94,8,22.55
95,8,22.566666667
96,8,22.583333333
97,8,22.6
98,8,22.616666667
99,8,22.633333333
100,8,22.65
101,8,22.666666667
102,8,22.683333333
103,8,22.7
104,8,22.716666667
105,8,22.733333333
106,8,22.75
107,8,22.766666667
108,8,22.783333333
109,8,22.8
110,8,22.816666667
111,8,22.833333333
112,8,22.85
113,8,22.866666667
114,8,22.883333333
115,8,22.9
116,8,22.916666667
117,8,22.933333333
118,8,22.95
119,8,22.966666667
120,8,22.983333333
1,9,23
2,9,23.016666667
3,9,23.033333333
4,9,23.05
5,9,23.066666667
6,9,23.083333333
7,9,23.1
8,9,23.116666667
9,9,23.133333333
10,9,23.15
11,9,23.166666667
12,9,23.183333333
13,9,23.2
14,9,23.216666667
15,9,23.233333333
16,9,23.25
17,9,23.266666667
18,9,23.283333333
19,9,23.3
20,9,23.316666667
21,9,23.333333333
22,9,23.35
23,9,23.366666667
24,9,23.383333333
25,9,23.4
26,9,23.416666667
27,9,23.433333333
28,9,23.45
29,9,23.466666667
30,9,23.483333333
31,9,23.5
32,9,23.516666667
33,9,23.533333333
34,9,23.55
35,9,23.566666667
36,9,23.583333333
37,9,23.6
38,9,23.616666667
39,9,23.633333333
40,9,23.65
41,9,23.666666667
42,9,23.683333333
43,9,23.7
44,9,23.716666667
45,9,23.733333333
46,9,23.75
47,9,23.766666667
48,9,23.783333333
49,9,23.8
50,9,23.816666667
51,9,23.833333333
52,9,23.85
53,9,23.866666667
54,9,23.883333333
55,9,23.9
56,9,23.916666667
57,9,23.933333333
58,9,23.95
59,9,23.966666667
60,9,23.983333333
61,9,24
62,9,24.016666667
63,9,24.033333333
64,9,24.05
65,9,24.066666667
66,9,24.083333333
67,9,24.1
68,9,24.116666667
69,9,24.133333333
70,9,24.15
71,9,24.166666667
72,9,24.183333333
73,9,24.2
74,9,24.216666667
75,9,24.233333333
76,9,24.25
77,9,24.266666667
78,9,24.283333333
79,9,24.3
80,9,24.316666667
81,9,24.333333333
82,9,24.35
83,9,24.366666667
84,9,24.383333333
85,9,24.4
86,9,24.416666667
87,9,24.433333333
88,9,24.45
89,9,24.466666667
90,9,24.483333333
91,9,24.5
92,9,24.516666667
93,9,24.533333333
94,9,24.55
95,9,24.566666667
96,9,24.583333333
97,9,24.6
98,9,24.616666667
99,9,24.633333333
100,9,24.65
101,9,24.666666667
102,9,24.683333333
103,9,24.7
104,9,24.716666667
105,9,24.733333333
106,9,24.75
107,9,24.766666667
108,9,24.783333333
109,9,24.8
110,9,24.816666667
111,9,24.833333333
112,9,24.85
113,9,24.866666667
114,9,24.883333333
115,9,24.9
116,9,24.916666667
117,9,24.933333333
118,9,24.95
119,9,24.966666667
120,9,24.983333333
1,10,25
2,10,25.016666667
3,10,25.033333333
4,10,25.05
5,10,25.066666667
6,10,25.083333333
7,10,25.1
8,10,25.116666667
9,10,25.133333333
10,10,25.15
11,10,25.166666667
12,10,25.183333333
13,10,25.2
14,10,25.216666667
15,10,25.233333333
16,10,25.25
17,10,25.266666667
18,10,25.283333333
19,10,25.3
20,10,25.316666667
21,10,25.333333333
22,10,25.35
23,10,25.366666667
24,10,25.383333333
25,10,25.4
26,10,25.416666667
27,10,25.433333333
28,10,25.45
29,10,25.466666667
30,10,25.483333333
31,10,25.5
32,10,25.516666667
33,10,25.533333333
34,10,25.55
35,10,25.566666667
36,10,25.583333333
37,10,25.6
38,10,25.616666667
39,10,25.633333333
40,10,25.65
41,10,25.666666667
42,10,25.683333333
43,10,25.7
44,10,25.716666667
45,10,25.733333333
46,10,25.75
47,10,25.766666667
48,10,25.783333333
49,10,25.8
50,10,25.816666667
51,10,25.833333333
52,10,25.85
53,10,25.866666667
54,10,25.883333333
55,10,25.9
56,10,25.916666667
57,10,25.933333333
58,10,25.95
59,10,25.966666667
60,10,25.983333333
61,10,26
62,10,26.016666667
63,10,26.033333333
64,10,26.05
65,10,26.066666667
66,10,26.083333333
67,10,26.1
68,10,26.116666667
69,10,26.133333333
70,10,26.15
71,10,26.166666667
72,10,26.183333333
73,10,26.2
74,10,26.216666667
75,10,26.233333333
76,10,26.25
77,10,26.266666667
78,10,26.283333333
79,10,26.3
80,10,26.316666667
81,10,26.333333333
82,10,26.35
83,10,26.366666667
84,10,26.383333333
85,10,26.4
86,10,26.416666667
87,10,26.433333333
88,10,26.45
89,10,26.466666667
90,10,26.483333333
91,10,26.5
92,10,26.516666667
93,10,26.533333333
94,10,26.55
95,10,26.566666667
96,10,26.583333333
97,10,26.6
98,10,26.616666667
99,10,26.633333333
100,10,26.65
101,10,26.666666667
102,10,26.683333333
103,10,26.7
104,10,26.716666667
105,10,26.733333333
106,10,26.75
107,10,26.766666667
108,10,26.783333333
109,10,26.8
110,10,26.816666667
111,10,26.833333333
112,10,26.85
113,10,26.866666667
114,10,26.883333333
115,10,26.9
116,10,26.916666667
117,10,26.933333333
118,10,26.95
119,10,26.966666667
120,10,26.983333333
1,11,27
2,11,27.016666667
3,11,27.033333333
4,11,27.05
5,11,27.066666667
6,11,27.083333333
7,11,27.1
8,11,27.116666667
9,11,27.133333333
10,11,27.15
11,11,27.166666667
12,11,27.183333333
13,11,27.2
14,11,27.216666667
15,11,27.233333333
16,11,27.25
17,11,27.266666667
18,11,27.283333333
19,11,27.3
20,11,27.316666667
21,11,27.333333333
22,11,27.35
23,11,27.366666667
24,11,27.383333333
25,11,27.4
26,11,27.416666667
27,11,27.433333333
28,11,27.45
29,11,27.466666667
30,11,27.483333333
31,11,27.5
32,11,27.516666667
33,11,27.533333333
34,11,27.55
35,11,27.566666667
36,11,27.583333333
37,11,27.6
38,11,27.616666667
39,11,27.633333333
40,11,27.65
41,11,27.666666667
42,11,27.683333333
43,11,27.7
44,11,27.716666667
45,11,27.733333333
46,11,27.75
47,11,27.766666667
48,11,27.783333333
49,11,27.8
50,11,27.816666667
51,11,27.833333333
52,11,27.85
53,11,27.866666667
54,11,27.883333333
55,11,27.9
56,11,27.916666667
57,11,27.933333333
58,11,27.95
59,11,27.966666667
60,11,27.983333333
61,11,28
62,11,28.016666667
63,11,28.033333333
64,11,28.05
65,11,28.066666667
66,11,28.083333333
67,11,28.1
68,11,28.116666667
69,11,28.133333333
70,11,28.15
71,11,28.166666667
72,11,28.183333333
73,11,28.2
74,11,28.216666667
75,11,28.233333333
76,11,28.25
77,11,28.266666667
78,11,28.283333333
79,11,28.3
80,11,28.316666667
81,11,28.333333333
82,11,28.35
83,11,28.366666667
84,11,28.383333333
85,11,28.4
86,11,28.416666667
87,11,28.433333333
88,11,28.45
89,11,28.466666667
90,11,28.483333333
91,11,28.5
92,11,28.516666667
93,11,28.533333333
94,11,28.55
95,11,28.566666667
96,11,28.583333333
97,11,28.6
98,11,28.616666667
99,11,28.633333333
100,11,28.65
101,11,28.666666667
102,11,28.683333333
103,11,28.7
104,11,28.716666667
105,11,28.733333333
106,11,28.75
107,11,28.766666667
108,11,28.783333333
109,11,28.8
110,11,28.816666667
111,11,28.833333333
112,11,28.85
113,11,28.866666667
114,11,28.883333333
115,11,28.9
116,11,28.916666667
117,11,28.933333333
118,11,28.95
119,11,28.966666667
120,11,28.983333333
1,12,29
2,12,29.016666667
3,12,29.033333333
4,12,29.05
5,12,29.066666667
6,12,29.083333333
7,12,29.1
8,12,29.116666667
9,12,29.133333333
10,12,29.15
11,12,29.166666667
12,12,29.183333333
13,12,29.2
14,12,29.216666667
15,12,29.233333333
16,12,29.25
17,12,29.266666667
18,12,29.283333333
19,12,29.3
20,12,29.316666667
21,12,29.333333333
22,12,29.35
23,12,29.366666667
24,12,29.383333333
25,12,29.4
26,12,29.416666667
27,12,29.433333333
28,12,29.45
29,12,29.466666667
30,12,29.483333333
31,12,29.5
32,12,29.516666667
33,12,29.533333333
34,12,29.55
35,12,29.566666667
36,12,29.583333333
37,12,29.6
38,12,29.616666667
39,12,29.633333333
40,12,29.65
41,12,29.666666667
42,12,29.683333333
43,12,29.7
44,12,29.716666667
45,12,29.733333333
46,12,29.75
47,12,29.766666667
48,12,29.783333333
49,12,29.8
50,12,29.816666667
51,12,29.833333333
52,12,29.85
53,12,29.866666667
54,12,29.883333333
55,12,29.9
56,12,29.916666667
57,12,29.933333333
58,12,29.95
59,12,29.966666667
60,12,29.983333333
61,12,30
62,12,30.016666667
63,12,30.033333333
64,12,30.05
65,12,30.066666667
66,12,30.083333333
67,12,30.1
68,12,30.116666667
69,12,30.133333333
70,12,30.15
71,12,30.166666667
72,12,30.183333333
73,12,30.2
74,12,30.216666667
75,12,30.233333333
76,12,30.25
77,12,30.266666667
78,12,30.283333333
79,12,30.3
80,12,30.316666667
81,12,30.333333333
82,12,30.35
83,12,30.366666667
84,12,30.383333333
85,12,30.4
86,12,30.416666667
87,12,30.433333333
88,12,30.45
89,12,30.466666667
90,12,30.483333333
91,12,30.5
92,12,30.516666667
93,12,30.533333333
94,12,30.55
95,12,30.566666667
96,12,30.583333333
97,12,30.6
98,12,30.616666667
99,12,30.633333333
100,12,30.65
101,12,30.666666667
102,12,30.683333333
103,12,30.7
104,12,30.716666667
105,12,30.733333333
106,12,30.75
107,12,30.766666667
108,12,30.783333333
109,12,30.8
110,12,30.816666667
111,12,30.833333333
112,12,30.85
113,12,30.866666667
114,12,30.883333333
115,12,30.9
116,12,30.916666667
117,12,30.933333333
118,12,30.95
119,12,30.966666667
120,12,30.983333333
1,13,31
2,13,31.016666667
3,13,31.033333333
4,13,31.05
5,13,31.066666667
6,13,31.083333333
7,13,31.1
8,13,31.116666667
9,13,31.133333333
10,13,31.15
11,13,31.166666667
12,13,31.183333333
13,13,31.2
14,13,31.216666667
15,13,31.233333333
16,13,31.25
17,13,31.266666667
18,13,31.283333333
19,13,31.3
20,13,31.316666667
21,13,31.333333333
22,13,31.35
23,13,31.366666667
24,13,31.383333333
25,13,31.4
26,13,31.416666667
27,13,31.433333333
28,13,31.45
29,13,31.466666667
30,13,31.483333333
31,13,31.5
32,13,31.516666667
33,13,31.533333333
34,13,31.55
35,13,31.566666667
36,13,31.583333333
37,13,31.6
38,13,31.616666667
39,13,31.633333333
40,13,31.65
41,13,31.666666667
42,13,31.683333333
43,13,31.7
44,13,31.716666667
45,13,31.733333333
46,13,31.75
47,13,31.766666667
48,13,31.783333333
49,13,31.8
50,13,31.816666667
51,13,31.833333333
52,13,31.85
53,13,31.866666667
54,13,31.883333333
55,13,31.9
56,13,31.916666667
57,13,31.933333333
58,13,31.95
59,13,31.966666667
60,13,31.983333333
61,13,32
62,13,32.016666667
63,13,32.033333333
64,13,32.05
65,13,32.066666667
66,13,32.083333333
67,13,32.1
68,13,32.116666667
69,13,32.133333333
70,13,32.15
71,13,32.166666667
72,13,32.183333333
73,13,32.2
74,13,32.216666667
75,13,32.233333333
76,13,32.25
77,13,32.266666667
78,13,32.283333333
79,13,32.3
80,13,32.316666667
81,13,32.333333333
82,13,32.35
83,13,32.366666667
84,13,32.383333333
85,13,32.4
86,13,32.416666667
87,13,32.433333333
88,13,32.45
89,13,32.466666667
90,13,32.483333333
91,13,32.5
92,13,32.516666667
93,13,32.533333333
94,13,32.55
95,13,32.566666667
96,13,32.583333333
97,13,32.6
98,13,32.616666667
99,13,32.633333333
100,13,32.65
101,13,32.666666667
102,13,32.683333333
103,13,32.7
104,13,32.716666667
105,13,32.733333333
106,13,32.75
107,13,32.766666667
108,13,32.783333333
109,13,32.8
110,13,32.816666667
111,13,32.833333333
112,13,32.85
113,13,32.866666667
114,13,32.883333333
115,13,32.9
116,13,32.916666667
117,13,32.933333333
118,13,32.95
119,13,32.966666667
120,13,32.983333333
1,14,33
2,14,33.016666667
3,14,33.033333333
4,14,33.05
5,14,33.066666667
6,14,33.083333333
7,14,33.1
8,14,33.116666667
9,14,33.133333333
10,14,33.15
11,14,33.166666667
12,14,33.183333333
13,14,33.2
14,14,33.216666667
15,14,33.233333333
16,14,33.25
17,14,33.266666667
18,14,33.283333333
19,14,33.3
20,14,33.316666667
21,14,33.333333333
22,14,33.35
23,14,33.366666667
24,14,33.383333333
25,14,33.4
26,14,33.416666667
27,14,33.433333333
28,14,33.45
29,14,33.466666667
30,14,33.483333333
31,14,33.5
32,14,33.516666667
33,14,33.533333333
34,14,33.55
35,14,33.566666667
36,14,33.583333333
37,14,33.6
38,14,33.616666667
39,14,33.633333333
40,14,33.65
41,14,33.666666667
42,14,33.683333333
43,14,33.7
44,14,33.716666667
45,14,33.733333333
46,14,33.75
47,14,33.766666667
48,14,33.783333333
49,14,33.8
50,14,33.816666667
51,14,33.833333333
52,14,33.85
53,14,33.866666667
54,14,33.883333333
55,14,33.9
56,14,33.916666667
57,14,33.933333333
58,14,33.95
59,14,33.966666667
60,14,33.983333333
61,14,34
62,14,34.016666667
63,14,34.033333333
64,14,34.05
65,14,34.066666667
66,14,34.083333333
67,14,34.1
68,14,34.116666667
69,14,34.133333333
70,14,34.15
71,14,34.166666667
72,14,34.183333333
73,14,34.2
74,14,34.216666667
75,14,34.233333333
76,14,34.25
77,14,34.266666667
78,14,34.283333333
79,14,34.3
80,14,34.316666667
81,14,34.333333333
82,14,34.35
83,14,34.366666667
84,14,34.383333333
85,14,34.4
86,14,34.416666667
87,14,34.433333333
88,14,34.45
89,14,34.466666667
90,14,34.483333333
91,14,34.5
92,14,34.516666667
93,14,34.533333333
94,14,34.55
95,14,34.566666667
96,14,34.583333333
97,14,34.6
98,14,34.616666667
99,14,34.633333333
100,14,34.65
101,14,34.666666667
102,14,34.683333333
103,14,34.7
104,14,34.716666667
105,14,34.733333333
106,14,34.75
107,14,34.766666667
108,14,34.783333333
109,14,34.8
110,14,34.816666667
111,14,34.833333333
112,14,34.85
113,14,34.866666667
114,14,34.883333333
115,14,34.9
116,14,34.916666667
117,14,34.933333333
118,14,34.95
119,14,34.966666667
120,14,34.983333333
1,15,35
2,15,35.016666667
3,15,35.033333333
4,15,35.05
5,15,35.066666667
6,15,35.083333333
7,15,35.1
8,15,35.116666667
9,15,35.133333333
10,15,35.15
11,15,35.166666667
12,15,35.183333333
13,15,35.2
14,15,35.216666667
15,15,35.233333333
16,15,35.25
17,15,35.266666667
18,15,35.283333333
19,15,35.3
20,15,35.316666667
21,15,35.333333333
22,15,35.35
23,15,35.366666667
24,15,35.383333333
25,15,35.4
26,15,35.416666667
27,15,35.433333333
28,15,35.45
29,15,35.466666667
30,15,35.483333333
31,15,35.5
32,15,35.516666667
33,15,35.533333333
34,15,35.55
35,15,35.566666667
36,15,35.583333333
37,15,35.6
38,15,35.616666667
39,15,35.633333333
40,15,35.65
41,15,35.666666667
42,15,35.683333333
43,15,35.7
44,15,35.716666667
45,15,35.733333333
46,15,35.75
47,15,35.766666667
48,15,35.783333333
49,15,35.8
50,15,35.816666667
51,15,35.833333333
52,15,35.85
53,15,35.866666667
54,15,35.883333333
55,15,35.9
56,15,35.916666667
57,15,35.933333333
58,15,35.95
59,15,35.966666667
60,15,35.983333333
61,15,36
62,15,36.016666667
63,15,36.033333333
64,15,36.05
65,15,36.066666667
66,15,36.083333333
67,15,36.1
68,15,36.116666667
69,15,36.133333333
70,15,36.15
71,15,36.166666667
72,15,36.183333333
73,15,36.2
74,15,36.216666667
75,15,36.233333333
76,15,36.25
77,15,36.266666667
78,15,36.283333333
79,15,36.3
80,15,36.316666667
81,15,36.333333333
82,15,36.35
83,15,36.366666667
84,15,36.383333333
85,15,36.4
86,15,36.416666667
87,15,36.433333333
88,15,36.45
89,15,36.466666667
90,15,36.483333333
91,15,36.5
92,15,36.516666667
93,15,36.533333333
94,15,36.55
95,15,36.566666667
96,15,36.583333333
97,15,36.6
98,15,36.616666667
99,15,36.633333333
100,15,36.65
101,15,36.666666667
102,15,36.683333333
103,15,36.7
104,15,36.716666667
105,15,36.733333333
106,15,36.75
107,15,36.766666667
108,15,36.783333333
109,15,36.8
110,15,36.816666667
111,15,36.833333333
112,15,36.85
113,15,36.866666667
114,15,36.883333333
115,15,36.9
116,15,36.916666667
117,15,36.933333333
118,15,36.95
119,15,36.966666667
120,15,36.983333333
1,16,37
2,16,37.016666667
3,16,37.033333333
4,16,37.05
5,16,37.066666667
6,16,37.083333333
7,16,37.1
8,16,37.116666667
9,16,37.133333333
10,16,37.15
11,16,37.166666667
12,16,37.183333333
13,16,37.2
14,16,37.216666667
15,16,37.233333333
16,16,37.25
17,16,37.266666667
18,16,37.283333333
19,16,37.3
20,16,37.316666667
21,16,37.333333333
22,16,37.35
23,16,37.366666667
24,16,37.383333333
25,16,37.4
26,16,37.416666667
27,16,37.433333333
28,16,37.45
29,16,37.466666667
30,16,37.483333333
31,16,37.5
32,16,37.516666667
33,16,37.533333333
34,16,37.55
35,16,37.566666667
36,16,37.583333333
37,16,37.6
38,16,37.616666667
39,16,37.633333333
40,16,37.65
41,16,37.666666667
42,16,37.683333333
43,16,37.7
44,16,37.716666667
45,16,37.733333333
46,16,37.75
47,16,37.766666667
48,16,37.783333333
49,16,37.8
50,16,37.816666667
51,16,37.833333333
52,16,37.85
53,16,37.866666667
54,16,37.883333333
55,16,37.9
56,16,37.916666667
57,16,37.933333333
58,16,37.95
59,16,37.966666667
60,16,37.983333333
61,16,38
62,16,38.016666667
63,16,38.033333333
64,16,38.05
65,16,38.066666667
66,16,38.083333333
67,16,38.1
68,16,38.116666667
69,16,38.133333333
70,16,38.15
71,16,38.166666667
72,16,38.183333333
73,16,38.2
74,16,38.216666667
75,16,38.233333333
76,16,38.25
77,16,38.266666667
78,16,38.283333333
79,16,38.3
80,16,38.316666667
81,16,38.333333333
82,16,38.35
83,16,38.366666667
84,16,38.383333333
85,16,38.4
86,16,38.416666667
87,16,38.433333333
88,16,38.45
89,16,38.466666667
90,16,38.483333333
91,16,38.5
92,16,38.516666667
93,16,38.533333333
94,16,38.55
95,16,38.566666667
96,16,38.583333333
97,16,38.6
98,16,38.616666667
99,16,38.633333333
100,16,38.65
101,16,38.666666667
102,16,38.683333333
103,16,38.7
104,16,38.716666667
105,16,38.733333333
106,16,38.75
107,16,38.766666667
108,16,38.783333333
109,16,38.8
110,16,38.816666667
111,16,38.833333333
112,16,38.85
113,16,38.866666667
114,16,38.883333333
115,16,38.9
116,16,38.916666667
117,16,38.933333333
118,16,38.95
119,16,38.966666667
120,16,38.983333333
1,17,39
2,17,39.016666667
3,17,39.033333333
4,17,39.05
5,17,39.066666667
6,17,39.083333333
7,17,39.1
8,17,39.116666667
9,17,39.133333333
10,17,39.15
11,17,39.166666667
12,17,39.183333333
13,17,39.2
14,17,39.216666667
15,17,39.233333333
16,17,39.25
17,17,39.266666667
18,17,39.283333333
19,17,39.3
20,17,39.316666667
21,17,39.333333333
22,17,39.35
23,17,39.366666667
24,17,39.383333333
25,17,39.4
26,17,39.416666667
27,17,39.433333333
28,17,39.45
29,17,39.466666667
30,17,39.483333333
31,17,39.5
32,17,39.516666667
33,17,39.533333333
34,17,39.55
35,17,39.566666667
36,17,39.583333333
37,17,39.6
38,17,39.616666667
39,17,39.633333333
40,17,39.65
41,17,39.666666667
42,17,39.683333333
43,17,39.7
44,17,39.716666667
45,17,39.733333333
46,17,39.75
47,17,39.766666667
48,17,39.783333333
49,17,39.8
50,17,39.816666667
51,17,39.833333333
52,17,39.85
53,17,39.866666667
54,17,39.883333333
55,17,39.9
56,17,39.916666667
57,17,39.933333333
58,17,39.95
59,17,39.966666667
60,17,39.983333333
61,17,40
62,17,40.016666667
63,17,40.033333333
64,17,40.05
65,17,40.066666667
66,17,40.083333333
67,17,40.1
68,17,40.116666667
69,17,40.133333333
70,17,40.15
71,17,40.166666667
72,17,40.183333333
73,17,40.2
74,17,40.216666667
75,17,40.233333333
76,17,40.25
77,17,40.266666667
78,17,40.283333333
79,17,40.3
80,17,40.316666667
81,17,40.333333333
82,17,40.35
83,17,40.366666667
84,17,40.383333333
85,17,40.4
86,17,40.416666667
87,17,40.433333333
88,17,40.45
89,17,40.466666667
90,17,40.483333333
91,17,40.5
92,17,40.516666667
93,17,40.533333333
94,17,40.55
95,17,40.566666667
96,17,40.583333333
97,17,40.6
98,17,40.616666667
99,17,40.633333333
100,17,40.65
101,17,40.666666667
102,17,40.683333333
103,17,40.7
104,17,40.716666667
105,17,40.733333333
106,17,40.75
107,17,40.766666667
108,17,40.783333333
109,17,40.8
110,17,40.816666667
111,17,40.833333333
112,17,40.85
113,17,40.866666667
114,17,40.883333333
115,17,40.9
116,17,40.916666667
117,17,40.933333333
118,17,40.95
119,17,40.966666667
120,17,40.983333333
1,18,41
2,18,41.016666667
3,18,41.033333333
4,18,41.05
5,18,41.066666667
6,18,41.083333333
7,18,41.1
8,18,41.116666667
9,18,41.133333333
10,18,41.15
11,18,41.166666667
12,18,41.183333333
13,18,41.2
14,18,41.216666667
15,18,41.233333333
16,18,41.25
17,18,41.266666667
18,18,41.283333333
19,18,41.3
20,18,41.316666667
21,18,41.333333333
22,18,41.35
23,18,41.366666667
24,18,41.383333333
25,18,41.4
26,18,41.416666667
27,18,41.433333333
28,18,41.45
29,18,41.466666667
30,18,41.483333333
31,18,41.5
32,18,41.516666667
33,18,41.533333333
34,18,41.55
35,18,41.566666667
36,18,41.583333333
37,18,41.6
38,18,41.616666667
39,18,41.633333333
40,18,41.65
41,18,41.666666667
42,18,41.683333333
43,18,41.7
44,18,41.716666667
45,18,41.733333333
46,18,41.75
47,18,41.766666667
48,18,41.783333333
49,18,41.8
50,18,41.816666667
51,18,41.833333333
52,18,41.85
53,18,41.866666667
54,18,41.883333333
55,18,41.9
56,18,41.916666667
57,18,41.933333333
58,18,41.95
59,18,41.966666667
60,18,41.983333333
61,18,42
62,18,42.016666667
63,18,42.033333333
64,18,42.05
65,18,42.066666667
66,18,42.083333333
67,18,42.1
68,18,42.116666667
69,18,42.133333333
70,18,42.15
71,18,42.166666667
72,18,42.183333333
73,18,42.2
74,18,42.216666667
75,18,42.233333333
76,18,42.25
77,18,42.266666667
78,18,42.283333333
79,18,42.3
80,18,42.316666667
81,18,42.333333333
82,18,42.35
83,18,42.366666667
84,18,42.383333333
85,18,42.4
86,18,42.416666667
87,18,42.433333333
88,18,42.45
89,18,42.466666667
90,18,42.483333333
91,18,42.5
92,18,42.516666667
93,18,42.533333333
94,18,42.55
95,18,42.566666667
96,18,42.583333333
97,18,42.6
98,18,42.616666667
99,18,42.633333333
100,18,42.65
101,18,42.666666667
102,18,42.683333333
103,18,42.7
104,18,42.716666667
105,18,42.733333333
106,18,42.75
107,18,42.766666667
108,18,42.783333333
109,18,42.8
110,18,42.816666667
111,18,42.833333333
112,18,42.85
113,18,42.866666667
114,18,42.883333333
115,18,42.9
116,18,42.916666667
117,18,42.933333333
118,18,42.95
119,18,42.966666667
120,18,42.983333333
1,19,43
2,19,43.016666667
3,19,43.033333333
4,19,43.05
5,19,43.066666667
6,19,43.083333333
7,19,43.1
8,19,43.116666667
9,19,43.133333333
10,19,43.15
11,19,43.166666667
12,19,43.183333333
13,19,43.2
14,19,43.216666667
15,19,43.233333333
16,19,43.25
17,19,43.266666667
18,19,43.283333333
19,19,43.3
20,19,43.316666667
21,19,43.333333333
22,19,43.35
23,19,43.366666667
24,19,43.383333333
25,19,43.4
26,19,43.416666667
27,19,43.433333333
28,19,43.45
29,19,43.466666667
30,19,43.483333333
31,19,43.5
32,19,43.516666667
33,19,43.533333333
34,19,43.55
35,19,43.566666667
36,19,43.583333333
37,19,43.6
38,19,43.616666667
39,19,43.633333333
40,19,43.65
41,19,43.666666667
42,19,43.683333333
43,19,43.7
44,19,43.716666667
45,19,43.733333333
46,19,43.75
47,19,43.766666667
48,19,43.783333333
49,19,43.8
50,19,43.816666667
51,19,43.833333333
52,19,43.85
53,19,43.866666667
54,19,43.883333333
55,19,43.9
56,19,43.916666667
57,19,43.933333333
58,19,43.95
59,19,43.966666667
60,19,43.983333333
61,19,44
62,19,44.016666667
63,19,44.033333333
64,19,44.05
65,19,44.066666667
66,19,44.083333333
67,19,44.1
68,19,44.116666667
69,19,44.133333333
70,19,44.15
71,19,44.166666667
72,19,44.183333333
73,19,44.2
74,19,44.216666667
75,19,44.233333333
76,19,44.25
77,19,44.266666667
78,19,44.283333333
79,19,44.3
80,19,44.316666667
81,19,44.333333333
82,19,44.35
83,19,44.366666667
84,19,44.383333333
85,19,44.4
86,19,44.416666667
87,19,44.433333333
88,19,44.45
89,19,44.466666667
90,19,44.483333333
91,19,44.5
92,19,44.516666667
93,19,44.533333333
94,19,44.55
95,19,44.566666667
96,19,44.583333333
97,19,44.6
98,19,44.616666667
99,19,44.633333333
100,19,44.65
101,19,44.666666667
102,19,44.683333333
103,19,44.7
104,19,44.716666667
105,19,44.733333333
106,19,44.75
107,19,44.766666667
108,19,44.783333333
109,19,44.8
110,19,44.816666667
111,19,44.833333333
112,19,44.85
113,19,44.866666667
114,19,44.883333333
115,19,44.9
116,19,44.916666667
117,19,44.933333333
118,19,44.95
119,19,44.966666667
120,19,44.983333333
1,20,45
2,20,45.016666667
3,20,45.033333333
4,20,45.05
5,20,45.066666667
6,20,45.083333333
7,20,45.1
8,20,45.116666667
9,20,45.133333333
10,20,45.15
11,20,45.166666667
12,20,45.183333333
13,20,45.2
14,20,45.216666667
15,20,45.233333333
16,20,45.25
17,20,45.266666667
18,20,45.283333333
19,20,45.3
20,20,45.316666667
21,20,45.333333333
22,20,45.35
23,20,45.366666667
24,20,45.383333333
25,20,45.4
26,20,45.416666667
27,20,45.433333333
28,20,45.45
29,20,45.466666667
30,20,45.483333333
31,20,45.5
32,20,45.516666667
33,20,45.533333333
34,20,45.55
35,20,45.566666667
36,20,45.583333333
37,20,45.6
38,20,45.616666667
39,20,45.633333333
40,20,45.65
41,20,45.666666667
42,20,45.683333333
43,20,45.7
44,20,45.716666667
45,20,45.733333333
46,20,45.75
47,20,45.766666667
48,20,45.783333333
49,20,45.8
50,20,45.816666667
51,20,45.833333333
52,20,45.85
53,20,45.866666667
54,20,45.883333333
55,20,45.9
56,20,45.916666667
57,20,45.933333333
58,20,45.95
59,20,45.966666667
60,20,45.983333333
61,20,46
62,20,46.016666667
63,20,46.033333333
64,20,46.05
65,20,46.066666667
66,20,46.083333333
67,20,46.1
68,20,46.116666667
69,20,46.133333333
70,20,46.15
71,20,46.166666667
72,20,46.183333333
73,20,46.2
74,20,46.216666667
75,20,46.233333333
76,20,46.25
77,20,46.266666667
78,20,46.283333333
79,20,46.3
80,20,46.316666667
81,20,46.333333333
82,20,46.35
83,20,46.366666667
84,20,46.383333333
85,20,46.4
86,20,46.416666667
87,20,46.433333333
88,20,46.45
89,20,46.466666667
90,20,46.483333333
91,20,46.5
92,20,46.516666667
93,20,46.533333333
94,20,46.55
95,20,46.566666667
96,20,46.583333333
97,20,46.6
98,20,46.616666667
99,20,46.633333333
100,20,46.65
101,20,46.666666667
102,20,46.683333333
103,20,46.7
104,20,46.716666667
105,20,46.733333333
106,20,46.75
107,20,46.766666667
108,20,46.783333333
109,20,46.8
110,20,46.816666667
111,20,46.833333333
112,20,46.85
113,20,46.866666667
114,20,46.883333333
115,20,46.9
116,20,46.916666667
117,20,46.933333333
118,20,46.95
119,20,46.966666667
120,20,46.983333333
1,21,47
2,21,47.016666667
3,21,47.033333333
4,21,47.05
5,21,47.066666667
6,21,47.083333333
7,21,47.1
8,21,47.116666667
9,21,47.133333333
10,21,47.15
11,21,47.166666667
12,21,47.183333333
13,21,47.2
14,21,47.216666667
15,21,47.233333333
16,21,47.25
17,21,47.266666667
18,21,47.283333333
19,21,47.3
20,21,47.316666667
21,21,47.333333333
22,21,47.35
23,21,47.366666667
24,21,47.383333333
25,21,47.4
26,21,47.416666667
27,21,47.433333333
28,21,47.45
29,21,47.466666667
30,21,47.483333333
31,21,47.5
32,21,47.516666667
33,21,47.533333333
34,21,47.55
35,21,47.566666667
36,21,47.583333333
37,21,47.6
38,21,47.616666667
39,21,47.633333333
40,21,47.65
41,21,47.666666667
42,21,47.683333333
43,21,47.7
44,21,47.716666667
45,21,47.733333333
46,21,47.75
47,21,47.766666667
48,21,47.783333333
49,21,47.8
50,21,47.816666667
51,21,47.833333333
52,21,47.85
53,21,47.866666667
54,21,47.883333333
55,21,47.9
56,21,47.916666667
57,21,47.933333333
58,21,47.95
59,21,47.966666667
60,21,47.983333333
61,21,48
62,21,48.016666667
63,21,48.033333333
64,21,48.05
65,21,48.066666667
66,21,48.083333333
67,21,48.1
68,21,48.116666667
69,21,48.133333333
70,21,48.15
71,21,48.166666667
72,21,48.183333333
73,21,48.2
74,21,48.216666667
75,21,48.233333333
76,21,48.25
77,21,48.266666667
78,21,48.283333333
79,21,48.3
80,21,48.316666667
81,21,48.333333333
82,21,48.35
83,21,48.366666667
84,21,48.383333333
85,21,48.4
86,21,48.416666667
87,21,48.433333333
88,21,48.45
89,21,48.466666667
90,21,48.483333333
91,21,48.5
92,21,48.516666667
93,21,48.533333333
94,21,48.55
95,21,48.566666667
96,21,48.583333333
97,21,48.6
98,21,48.616666667
99,21,48.633333333
100,21,48.65
101,21,48.666666667
102,21,48.683333333
103,21,48.7
104,21,48.716666667
105,21,48.733333333
106,21,48.75
107,21,48.766666667
108,21,48.783333333
109,21,48.8
110,21,48.816666667
111,21,48.833333333
112,21,48.85
113,21,48.866666667
114,21,48.883333333
115,21,48.9
116,21,48.916666667
117,21,48.933333333
118,21,48.95
119,21,48.966666667
120,21,48.983333333
1,22,49
2,22,49.016666667
3,22,49.033333333
4,22,49.05
5,22,49.066666667
6,22,49.083333333
7,22,49.1
8,22,49.116666667
9,22,49.133333333
10,22,49.15
11,22,49.166666667
12,22,49.183333333
13,22,49.2
14,22,49.216666667
15,22,49.233333333
16,22,49.25
17,22,49.266666667
18,22,49.283333333
19,22,49.3
20,22,49.316666667
21,22,49.333333333
22,22,49.35
23,22,49.366666667
24,22,49.383333333
25,22,49.4
26,22,49.416666667
27,22,49.433333333
28,22,49.45
29,22,49.466666667
30,22,49.483333333
31,22,49.5
32,22,49.516666667
33,22,49.533333333
34,22,49.55
35,22,49.566666667
36,22,49.583333333
37,22,49.6
38,22,49.616666667
39,22,49.633333333
40,22,49.65
41,22,49.666666667
42,22,49.683333333
43,22,49.7
44,22,49.716666667
45,22,49.733333333
46,22,49.75
47,22,49.766666667
48,22,49.783333333
49,22,49.8
50,22,49.816666667
51,22,49.833333333
52,22,49.85
53,22,49.866666667
54,22,49.883333333
55,22,49.9
56,22,49.916666667
57,22,49.933333333
58,22,49.95
59,22,49.966666667
60,22,49.983333333
61,22,50
62,22,50.016666667
63,22,50.033333333
64,22,50.05
65,22,50.066666667
66,22,50.083333333
67,22,50.1
68,22,50.116666667
69,22,50.133333333
70,22,50.15
71,22,50.166666667
72,22,50.183333333
73,22,50.2
74,22,50.216666667
75,22,50.233333333
76,22,50.25
77,22,50.266666667
78,22,50.283333333
79,22,50.3
80,22,50.316666667
81,22,50.333333333
82,22,50.35
83,22,50.366666667
84,22,50.383333333
85,22,50.4
86,22,50.416666667
87,22,50.433333333
88,22,50.45
89,22,50.466666667
90,22,50.483333333
91,22,50.5
92,22,50.516666667
93,22,50.533333333
94,22,50.55
95,22,50.566666667
96,22,50.583333333
97,22,50.6
98,22,50.616666667
99,22,50.633333333
100,22,50.65
101,22,50.666666667
102,22,50.683333333
103,22,50.7
104,22,50.716666667
105,22,50.733333333
106,22,50.75
107,22,50.766666667
108,22,50.783333333
109,22,50.8
110,22,50.816666667
111,22,50.833333333
112,22,50.85
113,22,50.866666667
114,22,50.883333333
115,22,50.9
116,22,50.916666667
117,22,50.933333333
118,22,50.95
119,22,50.966666667
120,22,50.983333333
1,23,51
2,23,51.016666667
3,23,51.033333333
4,23,51.05
5,23,51.066666667
6,23,51.083333333
7,23,51.1
8,23,51.116666667
9,23,51.133333333
10,23,51.15
11,23,51.166666667
12,23,51.183333333
13,23,51.2
14,23,51.216666667
15,23,51.233333333
16,23,51.25
17,23,51.266666667
18,23,51.283333333
19,23,51.3
20,23,51.316666667
21,23,51.333333333
22,23,51.35
23,23,51.366666667
24,23,51.383333333
25,23,51.4
26,23,51.416666667
27,23,51.433333333
28,23,51.45
29,23,51.466666667
30,23,51.483333333
31,23,51.5
32,23,51.516666667
33,23,51.533333333
34,23,51.55
35,23,51.566666667
36,23,51.583333333
37,23,51.6
38,23,51.616666667
39,23,51.633333333
40,23,51.65
41,23,51.666666667
42,23,51.683333333
43,23,51.7
44,23,51.716666667
45,23,51.733333333
46,23,51.75
47,23,51.766666667
48,23,51.783333333
49,23,51.8
50,23,51.816666667
51,23,51.833333333
52,23,51.85
53,23,51.866666667
54,23,51.883333333
55,23,51.9
56,23,51.916666667
57,23,51.933333333
58,23,51.95
59,23,51.966666667
60,23,51.983333333
61,23,52
62,23,52.016666667
63,23,52.033333333
64,23,52.05
65,23,52.066666667
66,23,52.083333333
67,23,52.1
68,23,52.116666667
69,23,52.133333333
70,23,52.15
71,23,52.166666667
72,23,52.183333333
73,23,52.2
74,23,52.216666667
75,23,52.233333333
76,23,52.25
77,23,52.266666667
78,23,52.283333333
79,23,52.3
80,23,52.316666667
81,23,52.333333333
82,23,52.35
83,23,52.366666667
84,23,52.383333333
85,23,52.4
86,23,52.416666667
87,23,52.433333333
88,23,52.45
89,23,52.466666667
90,23,52.483333333
91,23,52.5
92,23,52.516666667
93,23,52.533333333
94,23,52.55
95,23,52.566666667
96,23,52.583333333
97,23,52.6
98,23,52.616666667
99,23,52.633333333
100,23,52.65
101,23,52.666666667
102,23,52.683333333
103,23,52.7
104,23,52.716666667
105,23,52.733333333
106,23,52.75
107,23,52.766666667
108,23,52.783333333
109,23,52.8
110,23,52.816666667
111,23,52.833333333
112,23,52.85
113,23,52.866666667
114,23,52.883333333
115,23,52.9
116,23,52.916666667
117,23,52.933333333
118,23,52.95
119,23,52.966666667
120,23,52.983333333
1,24,53
2,24,53.016666667
3,24,53.033333333
4,24,53.05
5,24,53.066666667
6,24,53.083333333
7,24,53.1
8,24,53.116666667
9,24,53.133333333
10,24,53.15
11,24,53.166666667
12,24,53.183333333
13,24,53.2
14,24,53.216666667
15,24,53.233333333
16,24,53.25
17,24,53.266666667
18,24,53.283333333
19,24,53.3
20,24,53.316666667
21,24,53.333333333
22,24,53.35
23,24,53.366666667
24,24,53.383333333
25,24,53.4
26,24,53.416666667
27,24,53.433333333
28,24,53.45
29,24,53.466666667
30,24,53.483333333
31,24,53.5
32,24,53.516666667
33,24,53.533333333
34,24,53.55
35,24,53.566666667
36,24,53.583333333
37,24,53.6
38,24,53.616666667
39,24,53.633333333
40,24,53.65
41,24,53.666666667
42,24,53.683333333
43,24,53.7
44,24,53.716666667
45,24,53.733333333
46,24,53.75
47,24,53.766666667
48,24,53.783333333
49,24,53.8
50,24,53.816666667
51,24,53.833333333
52,24,53.85
53,24,53.866666667
54,24,53.883333333
55,24,53.9
56,24,53.916666667
57,24,53.933333333
58,24,53.95
59,24,53.966666667
60,24,53.983333333
61,24,54
62,24,54.016666667
63,24,54.033333333
64,24,54.05
65,24,54.066666667
66,24,54.083333333
67,24,54.1
68,24,54.116666667
69,24,54.133333333
70,24,54.15
71,24,54.166666667
72,24,54.183333333
73,24,54.2
74,24,54.216666667
75,24,54.233333333
76,24,54.25
77,24,54.266666667
78,24,54.283333333
79,24,54.3
80,24,54.316666667
81,24,54.333333333
82,24,54.35
83,24,54.366666667
84,24,54.383333333
85,24,54.4
86,24,54.416666667
87,24,54.433333333
88,24,54.45
89,24,54.466666667
90,24,54.483333333
91,24,54.5
92,24,54.516666667
93,24,54.533333333
94,24,54.55
95,24,54.566666667
96,24,54.583333333
97,24,54.6
98,24,54.616666667
99,24,54.633333333
100,24,54.65
101,24,54.666666667
102,24,54.683333333
103,24,54.7
104,24,54.716666667
105,24,54.733333333
106,24,54.75
107,24,54.766666667
108,24,54.783333333
109,24,54.8
110,24,54.816666667
111,24,54.833333333
112,24,54.85
113,24,54.866666667
114,24,54.883333333
115,24,54.9
116,24,54.916666667
117,24,54.933333333
118,24,54.95
119,24,54.966666667
120,24,54.983333333
1,25,55
2,25,55.016666667
3,25,55.033333333
4,25,55.05
5,25,55.066666667
6,25,55.083333333
7,25,55.1
8,25,55.116666667
9,25,55.133333333
10,25,55.15
11,25,55.166666667
12,25,55.183333333
13,25,55.2
14,25,55.216666667
15,25,55.233333333
16,25,55.25
17,25,55.266666667
18,25,55.283333333
19,25,55.3
20,25,55.316666667
21,25,55.333333333
22,25,55.35
23,25,55.366666667
24,25,55.383333333
25,25,55.4
26,25,55.416666667
27,25,55.433333333
28,25,55.45
29,25,55.466666667
30,25,55.483333333
31,25,55.5
32,25,55.516666667
33,25,55.533333333
34,25,55.55
35,25,55.566666667
36,25,55.583333333
37,25,55.6
38,25,55.616666667
39,25,55.633333333
40,25,55.65
41,25,55.666666667
42,25,55.683333333
43,25,55.7
44,25,55.716666667
45,25,55.733333333
46,25,55.75
47,25,55.766666667
48,25,55.783333333
49,25,55.8
50,25,55.816666667
51,25,55.833333333
52,25,55.85
53,25,55.866666667
54,25,55.883333333
55,25,55.9
56,25,55.916666667
57,25,55.933333333
58,25,55.95
59,25,55.966666667
60,25,55.983333333
61,25,56
62,25,56.016666667
63,25,56.033333333
64,25,56.05
65,25,56.066666667
66,25,56.083333333
67,25,56.1
68,25,56.116666667
69,25,56.133333333
70,25,56.15
71,25,56.166666667
72,25,56.183333333
73,25,56.2
74,25,56.216666667
75,25,56.233333333
76,25,56.25
77,25,56.266666667
78,25,56.283333333
79,25,56.3
80,25,56.316666667
81,25,56.333333333
82,25,56.35
83,25,56.366666667
84,25,56.383333333
85,25,56.4
86,25,56.416666667
87,25,56.433333333
88,25,56.45
89,25,56.466666667
90,25,56.483333333
91,25,56.5
92,25,56.516666667
93,25,56.533333333
94,25,56.55
95,25,56.566666667
96,25,56.583333333
97,25,56.6
98,25,56.616666667
99,25,56.633333333
100,25,56.65
101,25,56.666666667
102,25,56.683333333
103,25,56.7
104,25,56.716666667
105,25,56.733333333
106,25,56.75
107,25,56.766666667
108,25,56.783333333
109,25,56.8
110,25,56.816666667
111,25,56.833333333
112,25,56.85
113,25,56.866666667
114,25,56.883333333
115,25,56.9
116,25,56.916666667
117,25,56.933333333
118,25,56.95
119,25,56.966666667
120,25,56.983333333
1,26,57
2,26,57.016666667
3,26,57.033333333
4,26,57.05
5,26,57.066666667
6,26,57.083333333
7,26,57.1
8,26,57.116666667
9,26,57.133333333
10,26,57.15
11,26,57.166666667
12,26,57.183333333
13,26,57.2
14,26,57.216666667
15,26,57.233333333
16,26,57.25
17,26,57.266666667
18,26,57.283333333
19,26,57.3
20,26,57.316666667
21,26,57.333333333
22,26,57.35
23,26,57.366666667
24,26,57.383333333
25,26,57.4
26,26,57.416666667
27,26,57.433333333
28,26,57.45
29,26,57.466666667
30,26,57.483333333
31,26,57.5
32,26,57.516666667
33,26,57.533333333
34,26,57.55
35,26,57.566666667
36,26,57.583333333
37,26,57.6
38,26,57.616666667
39,26,57.633333333
40,26,57.65
41,26,57.666666667
42,26,57.683333333
43,26,57.7
44,26,57.716666667
45,26,57.733333333
46,26,57.75
47,26,57.766666667
48,26,57.783333333
49,26,57.8
50,26,57.816666667
51,26,57.833333333
52,26,57.85
53,26,57.866666667
54,26,57.883333333
55,26,57.9
56,26,57.916666667
57,26,57.933333333
58,26,57.95
59,26,57.966666667
60,26,57.983333333
61,26,58
62,26,58.016666667
63,26,58.033333333
64,26,58.05
65,26,58.066666667
66,26,58.083333333
67,26,58.1
68,26,58.116666667
69,26,58.133333333
70,26,58.15
71,26,58.166666667
72,26,58.183333333
73,26,58.2
74,26,58.216666667
75,26,58.233333333
76,26,58.25
77,26,58.266666667
78,26,58.283333333
79,26,58.3
80,26,58.316666667
81,26,58.333333333
82,26,58.35
83,26,58.366666667
84,26,58.383333333
85,26,58.4
86,26,58.416666667
87,26,58.433333333
88,26,58.45
89,26,58.466666667
90,26,58.483333333
91,26,58.5
92,26,58.516666667
93,26,58.533333333
94,26,58.55
95,26,58.566666667
96,26,58.583333333
97,26,58.6
98,26,58.616666667
99,26,58.633333333
100,26,58.65
101,26,58.666666667
102,26,58.683333333
103,26,58.7
104,26,58.716666667
105,26,58.733333333
106,26,58.75
107,26,58.766666667
108,26,58.783333333
109,26,58.8
110,26,58.816666667
111,26,58.833333333
112,26,58.85
113,26,58.866666667
114,26,58.883333333
115,26,58.9
116,26,58.916666667
117,26,58.933333333
118,26,58.95
119,26,58.966666667
120,26,58.983333333
1,27,59
2,27,59.016666667
3,27,59.033333333
4,27,59.05
5,27,59.066666667
6,27,59.083333333
7,27,59.1
8,27,59.116666667
9,27,59.133333333
10,27,59.15
11,27,59.166666667
12,27,59.183333333
13,27,59.2
14,27,59.216666667
15,27,59.233333333
16,27,59.25
17,27,59.266666667
18,27,59.283333333
19,27,59.3
20,27,59.316666667
21,27,59.333333333
22,27,59.35
23,27,59.366666667
24,27,59.383333333
25,27,59.4
26,27,59.416666667
27,27,59.433333333
28,27,59.45
29,27,59.466666667
30,27,59.483333333
31,27,59.5
32,27,59.516666667
33,27,59.533333333
34,27,59.55
35,27,59.566666667
36,27,59.583333333
37,27,59.6
38,27,59.616666667
39,27,59.633333333
40,27,59.65
41,27,59.666666667
42,27,59.683333333
43,27,59.7
44,27,59.716666667
45,27,59.733333333
46,27,59.75
47,27,59.766666667
48,27,59.783333333
49,27,59.8
50,27,59.816666667
51,27,59.833333333
52,27,59.85
53,27,59.866666667
54,27,59.883333333
55,27,59.9
56,27,59.916666667
57,27,59.933333333
58,27,59.95
59,27,59.966666667
60,27,59.983333333
61,27,60
62,27,60.016666667
63,27,60.033333333
64,27,60.05
65,27,60.066666667
66,27,60.083333333
67,27,60.1
68,27,60.116666667
69,27,60.133333333
70,27,60.15
71,27,60.166666667
72,27,60.183333333
73,27,60.2
74,27,60.216666667
75,27,60.233333333
76,27,60.25
77,27,60.266666667
78,27,60.283333333
79,27,60.3
80,27,60.316666667
81,27,60.333333333
82,27,60.35
83,27,60.366666667
84,27,60.383333333
85,27,60.4
86,27,60.416666667
87,27,60.433333333
88,27,60.45
89,27,60.466666667
90,27,60.483333333
91,27,60.5
92,27,60.516666667
93,27,60.533333333
94,27,60.55
95,27,60.566666667
96,27,60.583333333
97,27,60.6
98,27,60.616666667
99,27,60.633333333
100,27,60.65
101,27,60.666666667
102,27,60.683333333
103,27,60.7
104,27,60.716666667
105,27,60.733333333
106,27,60.75
107,27,60.766666667
108,27,60.783333333
109,27,60.8
110,27,60.816666667
111,27,60.833333333
112,27,60.85
113,27,60.866666667
114,27,60.883333333
115,27,60.9
116,27,60.916666667
117,27,60.933333333
118,27,60.95
119,27,60.966666667
120,27,60.983333333
1,28,61
2,28,61.016666667
3,28,61.033333333
4,28,61.05
5,28,61.066666667
6,28,61.083333333
7,28,61.1
8,28,61.116666667
9,28,61.133333333
10,28,61.15
11,28,61.166666667
12,28,61.183333333
13,28,61.2
14,28,61.216666667
15,28,61.233333333
16,28,61.25
17,28,61.266666667
18,28,61.283333333
19,28,61.3
20,28,61.316666667
21,28,61.333333333
22,28,61.35
23,28,61.366666667
24,28,61.383333333
25,28,61.4
26,28,61.416666667
27,28,61.433333333
28,28,61.45
29,28,61.466666667
30,28,61.483333333
31,28,61.5
32,28,61.516666667
33,28,61.533333333
34,28,61.55
35,28,61.566666667
36,28,61.583333333
37,28,61.6
38,28,61.616666667
39,28,61.633333333
40,28,61.65
41,28,61.666666667
42,28,61.683333333
43,28,61.7
44,28,61.716666667
45,28,61.733333333
46,28,61.75
47,28,61.766666667
48,28,61.783333333
49,28,61.8
50,28,61.816666667
51,28,61.833333333
52,28,61.85
53,28,61.866666667
54,28,61.883333333
55,28,61.9
56,28,61.916666667
57,28,61.933333333
58,28,61.95
59,28,61.966666667
60,28,61.983333333
61,28,62
62,28,62.016666667
63,28,62.033333333
64,28,62.05
65,28,62.066666667
66,28,62.083333333
67,28,62.1
68,28,62.116666667
69,28,62.133333333
70,28,62.15
71,28,62.166666667
72,28,62.183333333
73,28,62.2
74,28,62.216666667
75,28,62.233333333
76,28,62.25
77,28,62.266666667
78,28,62.283333333
79,28,62.3
80,28,62.316666667
81,28,62.333333333
82,28,62.35
83,28,62.366666667
84,28,62.383333333
85,28,62.4
86,28,62.416666667
87,28,62.433333333
88,28,62.45
89,28,62.466666667
90,28,62.483333333
91,28,62.5
92,28,62.516666667
93,28,62.533333333
94,28,62.55
95,28,62.566666667
96,28,62.583333333
97,28,62.6
98,28,62.616666667
99,28,62.633333333
100,28,62.65
101,28,62.666666667
102,28,62.683333333
103,28,62.7
104,28,62.716666667
105,28,62.733333333
106,28,62.75
107,28,62.766666667
108,28,62.783333333
109,28,62.8
110,28,62.816666667
111,28,62.833333333
112,28,62.85
113,28,62.866666667
114,28,62.883333333
115,28,62.9
116,28,62.916666667
117,28,62.933333333
118,28,62.95
119,28,62.966666667
120,28,62.983333333
1,29,63
2,29,63.016666667
3,29,63.033333333
4,29,63.05
5,29,63.066666667
6,29,63.083333333
7,29,63.1
8,29,63.116666667
9,29,63.133333333
10,29,63.15
11,29,63.166666667
12,29,63.183333333
13,29,63.2
14,29,63.216666667
15,29,63.233333333
16,29,63.25
17,29,63.266666667
18,29,63.283333333
19,29,63.3
20,29,63.316666667
21,29,63.333333333
22,29,63.35
23,29,63.366666667
24,29,63.383333333
25,29,63.4
26,29,63.416666667
27,29,63.433333333
28,29,63.45
29,29,63.466666667
30,29,63.483333333
31,29,63.5
32,29,63.516666667
33,29,63.533333333
34,29,63.55
35,29,63.566666667
36,29,63.583333333
37,29,63.6
38,29,63.616666667
39,29,63.633333333
40,29,63.65
41,29,63.666666667
42,29,63.683333333
43,29,63.7
44,29,63.716666667
45,29,63.733333333
46,29,63.75
47,29,63.766666667
48,29,63.783333333
49,29,63.8
50,29,63.816666667
51,29,63.833333333
52,29,63.85
53,29,63.866666667
54,29,63.883333333
55,29,63.9
56,29,63.916666667
57,29,63.933333333
58,29,63.95
59,29,63.966666667
60,29,63.983333333
61,29,64
62,29,64.016666667
63,29,64.033333333
64,29,64.05
65,29,64.066666667
66,29,64.083333333
67,29,64.1
68,29,64.116666667
69,29,64.133333333
70,29,64.15
71,29,64.166666667
72,29,64.183333333
73,29,64.2
74,29,64.216666667
75,29,64.233333333
76,29,64.25
77,29,64.266666667
78,29,64.283333333
79,29,64.3
80,29,64.316666667
81,29,64.333333333
82,29,64.35
83,29,64.366666667
84,29,64.383333333
85,29,64.4
86,29,64.416666667
87,29,64.433333333
88,29,64.45
89,29,64.466666667
90,29,64.483333333
91,29,64.5
92,29,64.516666667
93,29,64.533333333
94,29,64.55
95,29,64.566666667
96,29,64.583333333
97,29,64.6
98,29,64.616666667
99,29,64.633333333
100,29,64.65
101,29,64.666666667
102,29,64.683333333
103,29,64.7
104,29,64.716666667
105,29,64.733333333
106,29,64.75
107,29,64.766666667
108,29,64.783333333
109,29,64.8
110,29,64.816666667
111,29,64.833333333
112,29,64.85
113,29,64.866666667
114,29,64.883333333
115,29,64.9
116,29,64.916666667
117,29,64.933333333
118,29,64.95
119,29,64.966666667
120,29,64.983333333
1,30,65
2,30,65.016666667
3,30,65.033333333
4,30,65.05
5,30,65.066666667
6,30,65.083333333
7,30,65.1
8,30,65.116666667
9,30,65.133333333
10,30,65.15
11,30,65.166666667
12,30,65.183333333
13,30,65.2
14,30,65.216666667
15,30,65.233333333
16,30,65.25
17,30,65.266666667
18,30,65.283333333
19,30,65.3
20,30,65.316666667
21,30,65.333333333
22,30,65.35
23,30,65.366666667
24,30,65.383333333
25,30,65.4
26,30,65.416666667
27,30,65.433333333
28,30,65.45
29,30,65.466666667
30,30,65.483333333
31,30,65.5
32,30,65.516666667
33,30,65.533333333
34,30,65.55
35,30,65.566666667
36,30,65.583333333
37,30,65.6
38,30,65.616666667
39,30,65.633333333
40,30,65.65
41,30,65.666666667
42,30,65.683333333
43,30,65.7
44,30,65.716666667
45,30,65.733333333
46,30,65.75
47,30,65.766666667
48,30,65.783333333
49,30,65.8
50,30,65.816666667
51,30,65.833333333
52,30,65.85
53,30,65.866666667
54,30,65.883333333
55,30,65.9
56,30,65.916666667
57,30,65.933333333
58,30,65.95
59,30,65.966666667
60,30,65.983333333
61,30,66
62,30,66.016666667
63,30,66.033333333
64,30,66.05
65,30,66.066666667
66,30,66.083333333
67,30,66.1
68,30,66.116666667
69,30,66.133333333
70,30,66.15
71,30,66.166666667
72,30,66.183333333
73,30,66.2
74,30,66.216666667
75,30,66.233333333
76,30,66.25
77,30,66.266666667
78,30,66.283333333
79,30,66.3
80,30,66.316666667
81,30,66.333333333
82,30,66.35
83,30,66.366666667
84,30,66.383333333
85,30,66.4
86,30,66.416666667
87,30,66.433333333
88,30,66.45
89,30,66.466666667
90,30,66.483333333
91,30,66.5
92,30,66.516666667
93,30,66.533333333
94,30,66.55
95,30,66.566666667
96,30,66.583333333
97,30,66.6
98,30,66.616666667
99,30,66.633333333
100,30,66.65
101,30,66.666666667
102,30,66.683333333
103,30,66.7
104,30,66.716666667
105,30,66.733333333
106,30,66.75
107,30,66.766666667
108,30,66.783333333
109,30,66.8
110,30,66.816666667
111,30,66.833333333
112,30,66.85
113,30,66.866666667
114,30,66.883333333
115,30,66.9
116,30,66.916666667
117,30,66.933333333
118,30,66.95
119,30,66.966666667
120,30,66.983333333
1,31,67
2,31,67.016666667
3,31,67.033333333
4,31,67.05
5,31,67.066666667
6,31,67.083333333
7,31,67.1
8,31,67.116666667
9,31,67.133333333
10,31,67.15
11,31,67.166666667
12,31,67.183333333
13,31,67.2
14,31,67.216666667
15,31,67.233333333
16,31,67.25
17,31,67.266666667
18,31,67.283333333
19,31,67.3
20,31,67.316666667
21,31,67.333333333
22,31,67.35
23,31,67.366666667
24,31,67.383333333
25,31,67.4
26,31,67.416666667
27,31,67.433333333
28,31,67.45
29,31,67.466666667
30,31,67.483333333
31,31,67.5
32,31,67.516666667
33,31,67.533333333
34,31,67.55
35,31,67.566666667
36,31,67.583333333
37,31,67.6
38,31,67.616666667
39,31,67.633333333
40,31,67.65
41,31,67.666666667
42,31,67.683333333
43,31,67.7
44,31,67.716666667
45,31,67.733333333
46,31,67.75
47,31,67.766666667
48,31,67.783333333
49,31,67.8
50,31,67.816666667
51,31,67.833333333
52,31,67.85
53,31,67.866666667
54,31,67.883333333
55,31,67.9
56,31,67.916666667
57,31,67.933333333
58,31,67.95
59,31,67.966666667
60,31,67.983333333
61,31,68
62,31,68.016666667
63,31,68.033333333
64,31,68.05
65,31,68.066666667
66,31,68.083333333
67,31,68.1
68,31,68.116666667
69,31,68.133333333
70,31,68.15
71,31,68.166666667
72,31,68.183333333
73,31,68.2
74,31,68.216666667
75,31,68.233333333
76,31,68.25
77,31,68.266666667
78,31,68.283333333
79,31,68.3
80,31,68.316666667
81,31,68.333333333
82,31,68.35
83,31,68.366666667
84,31,68.383333333
85,31,68.4
86,31,68.416666667
87,31,68.433333333
88,31,68.45
89,31,68.466666667
90,31,68.483333333
91,31,68.5
92,31,68.516666667
93,31,68.533333333
94,31,68.55
95,31,68.566666667
96,31,68.583333333
97,31,68.6
98,31,68.616666667
99,31,68.633333333
100,31,68.65
101,31,68.666666667
102,31,68.683333333
103,31,68.7
104,31,68.716666667
105,31,68.733333333
106,31,68.75
107,31,68.766666667
108,31,68.783333333
109,31,68.8
110,31,68.816666667
111,31,68.833333333
112,31,68.85
113,31,68.866666667
114,31,68.883333333
115,31,68.9
116,31,68.916666667
117,31,68.933333333
118,31,68.95
119,31,68.966666667
120,31,68.983333333
1,32,69
2,32,69.016666667
3,32,69.033333333
4,32,69.05
5,32,69.066666667
6,32,69.083333333
7,32,69.1
8,32,69.116666667
9,32,69.133333333
10,32,69.15
11,32,69.166666667
12,32,69.183333333
13,32,69.2
14,32,69.216666667
15,32,69.233333333
16,32,69.25
17,32,69.266666667
18,32,69.283333333
19,32,69.3
20,32,69.316666667
21,32,69.333333333
22,32,69.35
23,32,69.366666667
24,32,69.383333333
25,32,69.4
26,32,69.416666667
27,32,69.433333333
28,32,69.45
29,32,69.466666667
30,32,69.483333333
31,32,69.5
32,32,69.516666667
33,32,69.533333333
34,32,69.55
35,32,69.566666667
36,32,69.583333333
37,32,69.6
38,32,69.616666667
39,32,69.633333333
40,32,69.65
41,32,69.666666667
42,32,69.683333333
43,32,69.7
44,32,69.716666667
45,32,69.733333333
46,32,69.75
47,32,69.766666667
48,32,69.783333333
49,32,69.8
50,32,69.816666667
51,32,69.833333333
52,32,69.85
53,32,69.866666667
54,32,69.883333333
55,32,69.9
56,32,69.916666667
57,32,69.933333333
58,32,69.95
59,32,69.966666667
60,32,69.983333333
61,32,70
62,32,70.016666667
63,32,70.033333333
64,32,70.05
65,32,70.066666667
66,32,70.083333333
67,32,70.1
68,32,70.116666667
69,32,70.133333333
70,32,70.15
71,32,70.166666667
72,32,70.183333333
73,32,70.2
74,32,70.216666667
75,32,70.233333333
76,32,70.25
77,32,70.266666667
78,32,70.283333333
79,32,70.3
80,32,70.316666667
81,32,70.333333333
82,32,70.35
83,32,70.366666667
84,32,70.383333333
85,32,70.4
86,32,70.416666667
87,32,70.433333333
88,32,70.45
89,32,70.466666667
90,32,70.483333333
91,32,70.5
92,32,70.516666667
93,32,70.533333333
94,32,70.55
95,32,70.566666667
96,32,70.583333333
97,32,70.6
98,32,70.616666667
99,32,70.633333333
100,32,70.65
101,32,70.666666667
102,32,70.683333333
103,32,70.7
104,32,70.716666667
105,32,70.733333333
106,32,70.75
107,32,70.766666667
108,32,70.783333333
109,32,70.8
110,32,70.816666667
111,32,70.833333333
112,32,70.85
113,32,70.866666667
114,32,70.883333333
115,32,70.9
116,32,70.916666667
117,32,70.933333333
118,32,70.95
119,32,70.966666667
120,32,70.983333333
1,33,71
2,33,71.016666667
3,33,71.033333333
4,33,71.05
5,33,71.066666667
6,33,71.083333333
7,33,71.1
8,33,71.116666667
9,33,71.133333333
10,33,71.15
11,33,71.166666667
12,33,71.183333333
13,33,71.2
14,33,71.216666667
15,33,71.233333333
16,33,71.25
17,33,71.266666667
18,33,71.283333333
19,33,71.3
20,33,71.316666667
21,33,71.333333333
22,33,71.35
23,33,71.366666667
24,33,71.383333333
25,33,71.4
26,33,71.416666667
27,33,71.433333333
28,33,71.45
29,33,71.466666667
30,33,71.483333333
31,33,71.5
32,33,71.516666667
33,33,71.533333333
34,33,71.55
35,33,71.566666667
36,33,71.583333333
37,33,71.6
38,33,71.616666667
39,33,71.633333333
40,33,71.65
41,33,71.666666667
42,33,71.683333333
43,33,71.7
44,33,71.716666667
45,33,71.733333333
46,33,71.75
47,33,71.766666667
48,33,71.783333333
49,33,71.8
50,33,71.816666667
51,33,71.833333333
52,33,71.85
53,33,71.866666667
54,33,71.883333333
55,33,71.9
56,33,71.916666667
57,33,71.933333333
58,33,71.95
59,33,71.966666667
60,33,71.983333333
61,33,72
62,33,72.016666667
63,33,72.033333333
64,33,72.05
65,33,72.066666667
66,33,72.083333333
67,33,72.1
68,33,72.116666667
69,33,72.133333333
70,33,72.15
71,33,72.166666667
72,33,72.183333333
73,33,72.2
74,33,72.216666667
75,33,72.233333333
76,33,72.25
77,33,72.266666667
78,33,72.283333333
79,33,72.3
80,33,72.316666667
81,33,72.333333333
82,33,72.35
83,33,72.366666667
84,33,72.383333333
85,33,72.4
86,33,72.416666667
87,33,72.433333333
88,33,72.45
89,33,72.466666667
90,33,72.483333333
91,33,72.5
92,33,72.516666667
93,33,72.533333333
94,33,72.55
95,33,72.566666667
96,33,72.583333333
97,33,72.6
98,33,72.616666667
99,33,72.633333333
100,33,72.65
101,33,72.666666667
102,33,72.683333333
103,33,72.7
104,33,72.716666667
105,33,72.733333333
106,33,72.75
107,33,72.766666667
108,33,72.783333333
109,33,72.8
110,33,72.816666667
111,33,72.833333333
112,33,72.85
113,33,72.866666667
114,33,72.883333333
115,33,72.9
116,33,72.916666667
117,33,72.933333333
118,33,72.95
119,33,72.966666667
120,33,72.983333333
1,34,73
2,34,73.016666667
3,34,73.033333333
4,34,73.05
5,34,73.066666667
6,34,73.083333333
7,34,73.1
8,34,73.116666667
9,34,73.133333333
10,34,73.15
11,34,73.166666667
12,34,73.183333333
13,34,73.2
14,34,73.216666667
15,34,73.233333333
16,34,73.25
17,34,73.266666667
18,34,73.283333333
19,34,73.3
20,34,73.316666667
21,34,73.333333333
22,34,73.35
23,34,73.366666667
24,34,73.383333333
25,34,73.4
26,34,73.416666667
27,34,73.433333333
28,34,73.45
29,34,73.466666667
30,34,73.483333333
31,34,73.5
32,34,73.516666667
33,34,73.533333333
34,34,73.55
35,34,73.566666667
36,34,73.583333333
37,34,73.6
38,34,73.616666667
39,34,73.633333333
40,34,73.65
41,34,73.666666667
42,34,73.683333333
43,34,73.7
44,34,73.716666667
45,34,73.733333333
46,34,73.75
47,34,73.766666667
48,34,73.783333333
49,34,73.8
50,34,73.816666667
51,34,73.833333333
52,34,73.85
53,34,73.866666667
54,34,73.883333333
55,34,73.9
56,34,73.916666667
57,34,73.933333333
58,34,73.95
59,34,73.966666667
60,34,73.983333333
61,34,74
62,34,74.016666667
63,34,74.033333333
64,34,74.05
65,34,74.066666667
66,34,74.083333333
67,34,74.1
68,34,74.116666667
69,34,74.133333333
70,34,74.15
71,34,74.166666667
72,34,74.183333333
73,34,74.2
74,34,74.216666667
75,34,74.233333333
76,34,74.25
77,34,74.266666667
78,34,74.283333333
79,34,74.3
80,34,74.316666667
81,34,74.333333333
82,34,74.35
83,34,74.366666667
84,34,74.383333333
85,34,74.4
86,34,74.416666667
87,34,74.433333333
88,34,74.45
89,34,74.466666667
90,34,74.483333333
91,34,74.5
92,34,74.516666667
93,34,74.533333333
94,34,74.55
95,34,74.566666667
96,34,74.583333333
97,34,74.6
98,34,74.616666667
99,34,74.633333333
100,34,74.65
101,34,74.666666667
102,34,74.683333333
103,34,74.7
104,34,74.716666667
105,34,74.733333333
106,34,74.75
107,34,74.766666667
108,34,74.783333333
109,34,74.8
110,34,74.816666667
111,34,74.833333333
112,34,74.85
113,34,74.866666667
114,34,74.883333333
115,34,74.9
116,34,74.916666667
117,34,74.933333333
118,34,74.95
119,34,74.966666667
120,34,74.983333333
1,35,75
2,35,75.016666667
3,35,75.033333333
4,35,75.05
5,35,75.066666667
6,35,75.083333333
7,35,75.1
8,35,75.116666667
9,35,75.133333333
10,35,75.15
11,35,75.166666667
12,35,75.183333333
13,35,75.2
14,35,75.216666667
15,35,75.233333333
16,35,75.25
17,35,75.266666667
18,35,75.283333333
19,35,75.3
20,35,75.316666667
21,35,75.333333333
22,35,75.35
23,35,75.366666667
24,35,75.383333333
25,35,75.4
26,35,75.416666667
27,35,75.433333333
28,35,75.45
29,35,75.466666667
30,35,75.483333333
31,35,75.5
32,35,75.516666667
33,35,75.533333333
34,35,75.55
35,35,75.566666667
36,35,75.583333333
37,35,75.6
38,35,75.616666667
39,35,75.633333333
40,35,75.65
41,35,75.666666667
42,35,75.683333333
43,35,75.7
44,35,75.716666667
45,35,75.733333333
46,35,75.75
47,35,75.766666667
48,35,75.783333333
49,35,75.8
50,35,75.816666667
51,35,75.833333333
52,35,75.85
53,35,75.866666667
54,35,75.883333333
55,35,75.9
56,35,75.916666667
57,35,75.933333333
58,35,75.95
59,35,75.966666667
60,35,75.983333333
61,35,76
62,35,76.016666667
63,35,76.033333333
64,35,76.05
65,35,76.066666667
66,35,76.083333333
67,35,76.1
68,35,76.116666667
69,35,76.133333333
70,35,76.15
71,35,76.166666667
72,35,76.183333333
73,35,76.2
74,35,76.216666667
75,35,76.233333333
76,35,76.25
77,35,76.266666667
78,35,76.283333333
79,35,76.3
80,35,76.316666667
81,35,76.333333333
82,35,76.35
83,35,76.366666667
84,35,76.383333333
85,35,76.4
86,35,76.416666667
87,35,76.433333333
88,35,76.45
89,35,76.466666667
90,35,76.483333333
91,35,76.5
92,35,76.516666667
93,35,76.533333333
94,35,76.55
95,35,76.566666667
96,35,76.583333333
97,35,76.6
98,35,76.616666667
99,35,76.633333333
100,35,76.65
101,35,76.666666667
102,35,76.683333333
103,35,76.7
104,35,76.716666667
105,35,76.733333333
106,35,76.75
107,35,76.766666667
108,35,76.783333333
109,35,76.8
110,35,76.816666667
111,35,76.833333333
112,35,76.85
113,35,76.866666667
114,35,76.883333333
115,35,76.9
116,35,76.916666667
117,35,76.933333333
118,35,76.95
119,35,76.966666667
120,35,76.983333333
1,36,77
2,36,77.016666667
3,36,77.033333333
4,36,77.05
5,36,77.066666667
6,36,77.083333333
7,36,77.1
8,36,77.116666667
9,36,77.133333333
10,36,77.15
11,36,77.166666667
12,36,77.183333333
13,36,77.2
14,36,77.216666667
15,36,77.233333333
16,36,77.25
17,36,77.266666667
18,36,77.283333333
19,36,77.3
20,36,77.316666667
21,36,77.333333333
22,36,77.35
23,36,77.366666667
24,36,77.383333333
25,36,77.4
26,36,77.416666667
27,36,77.433333333
28,36,77.45
29,36,77.466666667
30,36,77.483333333
31,36,77.5
32,36,77.516666667
33,36,77.533333333
34,36,77.55
35,36,77.566666667
36,36,77.583333333
37,36,77.6
38,36,77.616666667
39,36,77.633333333
40,36,77.65
41,36,77.666666667
42,36,77.683333333
43,36,77.7
44,36,77.716666667
45,36,77.733333333
46,36,77.75
47,36,77.766666667
48,36,77.783333333
49,36,77.8
50,36,77.816666667
51,36,77.833333333
52,36,77.85
53,36,77.866666667
54,36,77.883333333
55,36,77.9
56,36,77.916666667
57,36,77.933333333
58,36,77.95
59,36,77.966666667
60,36,77.983333333
61,36,78
62,36,78.016666667
63,36,78.033333333
64,36,78.05
65,36,78.066666667
66,36,78.083333333
67,36,78.1
68,36,78.116666667
69,36,78.133333333
70,36,78.15
71,36,78.166666667
72,36,78.183333333
73,36,78.2
74,36,78.216666667
75,36,78.233333333
76,36,78.25
77,36,78.266666667
78,36,78.283333333
79,36,78.3
80,36,78.316666667
81,36,78.333333333
82,36,78.35
83,36,78.366666667
84,36,78.383333333
85,36,78.4
86,36,78.416666667
87,36,78.433333333
88,36,78.45
89,36,78.466666667
90,36,78.483333333
91,36,78.5
92,36,78.516666667
93,36,78.533333333
94,36,78.55
95,36,78.566666667
96,36,78.583333333
97,36,78.6
98,36,78.616666667
99,36,78.633333333
100,36,78.65
101,36,78.666666667
102,36,78.683333333
103,36,78.7
104,36,78.716666667
105,36,78.733333333
106,36,78.75
107,36,78.766666667
108,36,78.783333333
109,36,78.8
110,36,78.816666667
111,36,78.833333333
112,36,78.85
113,36,78.866666667
114,36,78.883333333
115,36,78.9
116,36,78.916666667
117,36,78.933333333
118,36,78.95
119,36,78.966666667
120,36,78.983333333
1,37,79
2,37,79.016666667
3,37,79.033333333
4,37,79.05
5,37,79.066666667
6,37,79.083333333
7,37,79.1
8,37,79.116666667
9,37,79.133333333
10,37,79.15
11,37,79.166666667
12,37,79.183333333
13,37,79.2
14,37,79.216666667
15,37,79.233333333
16,37,79.25
17,37,79.266666667
18,37,79.283333333
19,37,79.3
20,37,79.316666667
21,37,79.333333333
22,37,79.35
23,37,79.366666667
24,37,79.383333333
25,37,79.4
26,37,79.416666667
27,37,79.433333333
28,37,79.45
29,37,79.466666667
30,37,79.483333333
31,37,79.5
32,37,79.516666667
33,37,79.533333333
34,37,79.55
35,37,79.566666667
36,37,79.583333333
37,37,79.6
38,37,79.616666667
39,37,79.633333333
40,37,79.65
41,37,79.666666667
42,37,79.683333333
43,37,79.7
44,37,79.716666667
45,37,79.733333333
46,37,79.75
47,37,79.766666667
48,37,79.783333333
49,37,79.8
50,37,79.816666667
51,37,79.833333333
52,37,79.85
53,37,79.866666667
54,37,79.883333333
55,37,79.9
56,37,79.916666667
57,37,79.933333333
58,37,79.95
59,37,79.966666667
60,37,79.983333333
61,37,80
62,37,80.016666667
63,37,80.033333333
64,37,80.05
65,37,80.066666667
66,37,80.083333333
67,37,80.1
68,37,80.116666667
69,37,80.133333333
70,37,80.15
71,37,80.166666667
72,37,80.183333333
73,37,80.2
74,37,80.216666667
75,37,80.233333333
76,37,80.25
77,37,80.266666667
78,37,80.283333333
79,37,80.3
80,37,80.316666667
81,37,80.333333333
82,37,80.35
83,37,80.366666667
84,37,80.383333333
85,37,80.4
86,37,80.416666667
87,37,80.433333333
88,37,80.45
89,37,80.466666667
90,37,80.483333333
91,37,80.5
92,37,80.516666667
93,37,80.533333333
94,37,80.55
95,37,80.566666667
96,37,80.583333333
97,37,80.6
98,37,80.616666667
99,37,80.633333333
100,37,80.65
101,37,80.666666667
102,37,80.683333333
103,37,80.7
104,37,80.716666667
105,37,80.733333333
106,37,80.75
107,37,80.766666667
108,37,80.783333333
109,37,80.8
110,37,80.816666667
111,37,80.833333333
112,37,80.85
113,37,80.866666667
114,37,80.883333333
115,37,80.9
116,37,80.916666667
117,37,80.933333333
118,37,80.95
119,37,80.966666667
120,37,80.983333333
1,38,81
2,38,81.016666667
3,38,81.033333333
4,38,81.05
5,38,81.066666667
6,38,81.083333333
7,38,81.1
8,38,81.116666667
9,38,81.133333333
10,38,81.15
11,38,81.166666667
12,38,81.183333333
13,38,81.2
14,38,81.216666667
15,38,81.233333333
16,38,81.25
17,38,81.266666667
18,38,81.283333333
19,38,81.3
20,38,81.316666667
21,38,81.333333333
22,38,81.35
23,38,81.366666667
24,38,81.383333333
25,38,81.4
26,38,81.416666667
27,38,81.433333333
28,38,81.45
29,38,81.466666667
30,38,81.483333333
31,38,81.5
32,38,81.516666667
33,38,81.533333333
34,38,81.55
35,38,81.566666667
36,38,81.583333333
37,38,81.6
38,38,81.616666667
39,38,81.633333333
40,38,81.65
41,38,81.666666667
42,38,81.683333333
43,38,81.7
44,38,81.716666667
45,38,81.733333333
46,38,81.75
47,38,81.766666667
48,38,81.783333333
49,38,81.8
50,38,81.816666667
51,38,81.833333333
52,38,81.85
53,38,81.866666667
54,38,81.883333333
55,38,81.9
56,38,81.916666667
57,38,81.933333333
58,38,81.95
59,38,81.966666667
60,38,81.983333333
61,38,82
62,38,82.016666667
63,38,82.033333333
64,38,82.05
65,38,82.066666667
66,38,82.083333333
67,38,82.1
68,38,82.116666667
69,38,82.133333333
70,38,82.15
71,38,82.166666667
72,38,82.183333333
73,38,82.2
74,38,82.216666667
75,38,82.233333333
76,38,82.25
77,38,82.266666667
78,38,82.283333333
79,38,82.3
80,38,82.316666667
81,38,82.333333333
82,38,82.35
83,38,82.366666667
84,38,82.383333333
85,38,82.4
86,38,82.416666667
87,38,82.433333333
88,38,82.45
89,38,82.466666667
90,38,82.483333333
91,38,82.5
92,38,82.516666667
93,38,82.533333333
94,38,82.55
95,38,82.566666667
96,38,82.583333333
97,38,82.6
98,38,82.616666667
99,38,82.633333333
100,38,82.65
101,38,82.666666667
102,38,82.683333333
103,38,82.7
104,38,82.716666667
105,38,82.733333333
106,38,82.75
107,38,82.766666667
108,38,82.783333333
109,38,82.8
110,38,82.816666667
111,38,82.833333333
112,38,82.85
113,38,82.866666667
114,38,82.883333333
115,38,82.9
116,38,82.916666667
117,38,82.933333333
118,38,82.95
119,38,82.966666667
120,38,82.983333333
1,39,83
2,39,83.016666667
3,39,83.033333333
4,39,83.05
5,39,83.066666667
6,39,83.083333333
7,39,83.1
8,39,83.116666667
9,39,83.133333333
10,39,83.15
11,39,83.166666667
12,39,83.183333333
13,39,83.2
14,39,83.216666667
15,39,83.233333333
16,39,83.25
17,39,83.266666667
18,39,83.283333333
19,39,83.3
20,39,83.316666667
21,39,83.333333333
22,39,83.35
23,39,83.366666667
24,39,83.383333333
25,39,83.4
26,39,83.416666667
27,39,83.433333333
28,39,83.45
29,39,83.466666667
30,39,83.483333333
31,39,83.5
32,39,83.516666667
33,39,83.533333333
34,39,83.55
35,39,83.566666667
36,39,83.583333333
37,39,83.6
38,39,83.616666667
39,39,83.633333333
40,39,83.65
41,39,83.666666667
42,39,83.683333333
43,39,83.7
44,39,83.716666667
45,39,83.733333333
46,39,83.75
47,39,83.766666667
48,39,83.783333333
49,39,83.8
50,39,83.816666667
51,39,83.833333333
52,39,83.85
53,39,83.866666667
54,39,83.883333333
55,39,83.9
56,39,83.916666667
57,39,83.933333333
58,39,83.95
59,39,83.966666667
60,39,83.983333333
61,39,84
62,39,84.016666667
63,39,84.033333333
64,39,84.05
65,39,84.066666667
66,39,84.083333333
67,39,84.1
68,39,84.116666667
69,39,84.133333333
70,39,84.15
71,39,84.166666667
72,39,84.183333333
73,39,84.2
74,39,84.216666667
75,39,84.233333333
76,39,84.25
77,39,84.266666667
78,39,84.283333333
79,39,84.3
80,39,84.316666667
81,39,84.333333333
82,39,84.35
83,39,84.366666667
84,39,84.383333333
85,39,84.4
86,39,84.416666667
87,39,84.433333333
88,39,84.45
89,39,84.466666667
90,39,84.483333333
91,39,84.5
92,39,84.516666667
93,39,84.533333333
94,39,84.55
95,39,84.566666667
96,39,84.583333333
97,39,84.6
98,39,84.616666667
99,39,84.633333333
100,39,84.65
101,39,84.666666667
102,39,84.683333333
103,39,84.7
104,39,84.716666667
105,39,84.733333333
106,39,84.75
107,39,84.766666667
108,39,84.783333333
109,39,84.8
110,39,84.816666667
111,39,84.833333333
112,39,84.85
113,39,84.866666667
114,39,84.883333333
115,39,84.9
116,39,84.916666667
117,39,84.933333333
118,39,84.95
119,39,84.966666667
120,39,84.983333333
1,40,85
2,40,85.016666667
3,40,85.033333333
4,40,85.05
5,40,85.066666667
6,40,85.083333333
7,40,85.1
8,40,85.116666667
9,40,85.133333333
10,40,85.15
11,40,85.166666667
12,40,85.183333333
13,40,85.2
14,40,85.216666667
15,40,85.233333333
16,40,85.25
17,40,85.266666667
18,40,85.283333333
19,40,85.3
20,40,85.316666667
21,40,85.333333333
22,40,85.35
23,40,85.366666667
24,40,85.383333333
25,40,85.4
26,40,85.416666667
27,40,85.433333333
28,40,85.45
29,40,85.466666667
30,40,85.483333333
31,40,85.5
32,40,85.516666667
33,40,85.533333333
34,40,85.55
35,40,85.566666667
36,40,85.583333333
37,40,85.6
38,40,85.616666667
39,40,85.633333333
40,40,85.65
41,40,85.666666667
42,40,85.683333333
43,40,85.7
44,40,85.716666667
45,40,85.733333333
46,40,85.75
47,40,85.766666667
48,40,85.783333333
49,40,85.8
50,40,85.816666667
51,40,85.833333333
52,40,85.85
53,40,85.866666667
54,40,85.883333333
55,40,85.9
56,40,85.916666667
57,40,85.933333333
58,40,85.95
59,40,85.966666667
60,40,85.983333333
61,40,86
62,40,86.016666667
63,40,86.033333333
64,40,86.05
65,40,86.066666667
66,40,86.083333333
67,40,86.1
68,40,86.116666667
69,40,86.133333333
70,40,86.15
71,40,86.166666667
72,40,86.183333333
73,40,86.2
74,40,86.216666667
75,40,86.233333333
76,40,86.25
77,40,86.266666667
78,40,86.283333333
79,40,86.3
80,40,86.316666667
81,40,86.333333333
82,40,86.35
83,40,86.366666667
84,40,86.383333333
85,40,86.4
86,40,86.416666667
87,40,86.433333333
88,40,86.45
89,40,86.466666667
90,40,86.483333333
91,40,86.5
92,40,86.516666667
93,40,86.533333333
94,40,86.55
95,40,86.566666667
96,40,86.583333333
97,40,86.6
98,40,86.616666667
99,40,86.633333333
100,40,86.65
101,40,86.666666667
102,40,86.683333333
103,40,86.7
104,40,86.716666667
105,40,86.733333333
106,40,86.75
107,40,86.766666667
108,40,86.783333333
109,40,86.8
110,40,86.816666667
111,40,86.833333333
112,40,86.85
113,40,86.866666667
114,40,86.883333333
115,40,86.9
116,40,86.916666667
117,40,86.933333333
118,40,86.95
119,40,86.966666667
120,40,86.983333333
1,41,87
2,41,87.016666667
3,41,87.033333333
4,41,87.05
5,41,87.066666667
6,41,87.083333333
7,41,87.1
8,41,87.116666667
9,41,87.133333333
10,41,87.15
11,41,87.166666667
12,41,87.183333333
13,41,87.2
14,41,87.216666667
15,41,87.233333333
16,41,87.25
17,41,87.266666667
18,41,87.283333333
19,41,87.3
20,41,87.316666667
21,41,87.333333333
22,41,87.35
23,41,87.366666667
24,41,87.383333333
25,41,87.4
26,41,87.416666667
27,41,87.433333333
28,41,87.45
29,41,87.466666667
30,41,87.483333333
31,41,87.5
32,41,87.516666667
33,41,87.533333333
34,41,87.55
35,41,87.566666667
36,41,87.583333333
37,41,87.6
38,41,87.616666667
39,41,87.633333333
40,41,87.65
41,41,87.666666667
42,41,87.683333333
43,41,87.7
44,41,87.716666667
45,41,87.733333333
46,41,87.75
47,41,87.766666667
48,41,87.783333333
49,41,87.8
50,41,87.816666667
51,41,87.833333333
52,41,87.85
53,41,87.866666667
54,41,87.883333333
55,41,87.9
56,41,87.916666667
57,41,87.933333333
58,41,87.95
59,41,87.966666667
60,41,87.983333333
61,41,88
62,41,88.016666667
63,41,88.033333333
64,41,88.05
65,41,88.066666667
66,41,88.083333333
67,41,88.1
68,41,88.116666667
69,41,88.133333333
70,41,88.15
71,41,88.166666667
72,41,88.183333333
73,41,88.2
74,41,88.216666667
75,41,88.233333333
76,41,88.25
77,41,88.266666667
78,41,88.283333333
79,41,88.3
80,41,88.316666667
81,41,88.333333333
82,41,88.35
83,41,88.366666667
84,41,88.383333333
85,41,88.4
86,41,88.416666667
87,41,88.433333333
88,41,88.45
89,41,88.466666667
90,41,88.483333333
91,41,88.5
92,41,88.516666667
93,41,88.533333333
94,41,88.55
95,41,88.566666667
96,41,88.583333333
97,41,88.6
98,41,88.616666667
99,41,88.633333333
100,41,88.65
101,41,88.666666667
102,41,88.683333333
103,41,88.7
104,41,88.716666667
105,41,88.733333333
106,41,88.75
107,41,88.766666667
108,41,88.783333333
109,41,88.8
110,41,88.816666667
111,41,88.833333333
112,41,88.85
113,41,88.866666667
114,41,88.883333333
115,41,88.9
116,41,88.916666667
117,41,88.933333333
118,41,88.95
119,41,88.966666667
120,41,88.983333333
1,42,89
2,42,89.016666667
3,42,89.033333333
4,42,89.05
5,42,89.066666667
6,42,89.083333333
7,42,89.1
8,42,89.116666667
9,42,89.133333333
10,42,89.15
11,42,89.166666667
12,42,89.183333333
13,42,89.2
14,42,89.216666667
15,42,89.233333333
16,42,89.25
17,42,89.266666667
18,42,89.283333333
19,42,89.3
20,42,89.316666667
21,42,89.333333333
22,42,89.35
23,42,89.366666667
24,42,89.383333333
25,42,89.4
26,42,89.416666667
27,42,89.433333333
28,42,89.45
29,42,89.466666667
30,42,89.483333333
31,42,89.5
32,42,89.516666667
33,42,89.533333333
34,42,89.55
35,42,89.566666667
36,42,89.583333333
37,42,89.6
38,42,89.616666667
39,42,89.633333333
40,42,89.65
41,42,89.666666667
42,42,89.683333333
43,42,89.7
44,42,89.716666667
45,42,89.733333333
46,42,89.75
47,42,89.766666667
48,42,89.783333333
49,42,89.8
50,42,89.816666667
51,42,89.833333333
52,42,89.85
53,42,89.866666667
54,42,89.883333333
55,42,89.9
56,42,89.916666667
57,42,89.933333333
58,42,89.95
59,42,89.966666667
60,42,89.983333333
61,42,90
62,42,90.016666667
63,42,90.033333333
64,42,90.05
65,42,90.066666667
66,42,90.083333333
67,42,90.1
68,42,90.116666667
69,42,90.133333333
70,42,90.15
71,42,90.166666667
72,42,90.183333333
73,42,90.2
74,42,90.216666667
75,42,90.233333333
76,42,90.25
77,42,90.266666667
78,42,90.283333333
79,42,90.3
80,42,90.316666667
81,42,90.333333333
82,42,90.35
83,42,90.366666667
84,42,90.383333333
85,42,90.4
86,42,90.416666667
87,42,90.433333333
88,42,90.45
89,42,90.466666667
90,42,90.483333333
91,42,90.5
92,42,90.516666667
93,42,90.533333333
94,42,90.55
95,42,90.566666667
96,42,90.583333333
97,42,90.6
98,42,90.616666667
99,42,90.633333333
100,42,90.65
101,42,90.666666667
102,42,90.683333333
103,42,90.7
104,42,90.716666667
105,42,90.733333333
106,42,90.75
107,42,90.766666667
108,42,90.783333333
109,42,90.8
110,42,90.816666667
111,42,90.833333333
112,42,90.85
113,42,90.866666667
114,42,90.883333333
115,42,90.9
116,42,90.916666667
117,42,90.933333333
118,42,90.95
119,42,90.966666667
120,42,90.983333333
1,43,91
2,43,91.016666667
3,43,91.033333333
4,43,91.05
5,43,91.066666667
6,43,91.083333333
7,43,91.1
8,43,91.116666667
9,43,91.133333333
10,43,91.15
11,43,91.166666667
12,43,91.183333333
13,43,91.2
14,43,91.216666667
15,43,91.233333333
16,43,91.25
17,43,91.266666667
18,43,91.283333333
19,43,91.3
20,43,91.316666667
21,43,91.333333333
22,43,91.35
23,43,91.366666667
24,43,91.383333333
25,43,91.4
26,43,91.416666667
27,43,91.433333333
28,43,91.45
29,43,91.466666667
30,43,91.483333333
31,43,91.5
32,43,91.516666667
33,43,91.533333333
34,43,91.55
35,43,91.566666667
36,43,91.583333333
37,43,91.6
38,43,91.616666667
39,43,91.633333333
40,43,91.65
41,43,91.666666667
42,43,91.683333333
43,43,91.7
44,43,91.716666667
45,43,91.733333333
46,43,91.75
47,43,91.766666667
48,43,91.783333333
49,43,91.8
50,43,91.816666667
51,43,91.833333333
52,43,91.85
53,43,91.866666667
54,43,91.883333333
55,43,91.9
56,43,91.916666667
57,43,91.933333333
58,43,91.95
59,43,91.966666667
60,43,91.983333333
61,43,92
62,43,92.016666667
63,43,92.033333333
64,43,92.05
65,43,92.066666667
66,43,92.083333333
67,43,92.1
68,43,92.116666667
69,43,92.133333333
70,43,92.15
71,43,92.166666667
72,43,92.183333333
73,43,92.2
74,43,92.216666667
75,43,92.233333333
76,43,92.25
77,43,92.266666667
78,43,92.283333333
79,43,92.3
80,43,92.316666667
81,43,92.333333333
82,43,92.35
83,43,92.366666667
84,43,92.383333333
85,43,92.4
86,43,92.416666667
87,43,92.433333333
88,43,92.45
89,43,92.466666667
90,43,92.483333333
91,43,92.5
92,43,92.516666667
93,43,92.533333333
94,43,92.55
95,43,92.566666667
96,43,92.583333333
97,43,92.6
98,43,92.616666667
99,43,92.633333333
100,43,92.65
101,43,92.666666667
102,43,92.683333333
103,43,92.7
104,43,92.716666667
105,43,92.733333333
106,43,92.75
107,43,92.766666667
108,43,92.783333333
109,43,92.8
110,43,92.816666667
111,43,92.833333333
112,43,92.85
113,43,92.866666667
114,43,92.883333333
115,43,92.9
116,43,92.916666667
117,43,92.933333333
118,43,92.95
119,43,92.966666667
120,43,92.983333333
1,44,93
2,44,93.016666667
3,44,93.033333333
4,44,93.05
5,44,93.066666667
6,44,93.083333333
7,44,93.1
8,44,93.116666667
9,44,93.133333333
10,44,93.15
11,44,93.166666667
12,44,93.183333333
13,44,93.2
14,44,93.216666667
15,44,93.233333333
16,44,93.25
17,44,93.266666667
18,44,93.283333333
19,44,93.3
20,44,93.316666667
21,44,93.333333333
22,44,93.35
23,44,93.366666667
24,44,93.383333333
25,44,93.4
26,44,93.416666667
27,44,93.433333333
28,44,93.45
29,44,93.466666667
30,44,93.483333333
31,44,93.5
32,44,93.516666667
33,44,93.533333333
34,44,93.55
35,44,93.566666667
36,44,93.583333333
37,44,93.6
38,44,93.616666667
39,44,93.633333333
40,44,93.65
41,44,93.666666667
42,44,93.683333333
43,44,93.7
44,44,93.716666667
45,44,93.733333333
46,44,93.75
47,44,93.766666667
48,44,93.783333333
49,44,93.8
50,44,93.816666667
51,44,93.833333333
52,44,93.85
53,44,93.866666667
54,44,93.883333333
55,44,93.9
56,44,93.916666667
57,44,93.933333333
58,44,93.95
59,44,93.966666667
60,44,93.983333333
61,44,94
62,44,94.016666667
63,44,94.033333333
64,44,94.05
65,44,94.066666667
66,44,94.083333333
67,44,94.1
68,44,94.116666667
69,44,94.133333333
70,44,94.15
71,44,94.166666667
72,44,94.183333333
73,44,94.2
74,44,94.216666667
75,44,94.233333333
76,44,94.25
77,44,94.266666667
78,44,94.283333333
79,44,94.3
80,44,94.316666667
81,44,94.333333333
82,44,94.35
83,44,94.366666667
84,44,94.383333333
85,44,94.4
86,44,94.416666667
87,44,94.433333333
88,44,94.45
89,44,94.466666667
90,44,94.483333333
91,44,94.5
92,44,94.516666667
93,44,94.533333333
94,44,94.55
95,44,94.566666667
96,44,94.583333333
97,44,94.6
98,44,94.616666667
99,44,94.633333333
100,44,94.65
101,44,94.666666667
102,44,94.683333333
103,44,94.7
104,44,94.716666667
105,44,94.733333333
106,44,94.75
107,44,94.766666667
108,44,94.783333333
109,44,94.8
110,44,94.816666667
111,44,94.833333333
112,44,94.85
113,44,94.866666667
114,44,94.883333333
115,44,94.9
116,44,94.916666667
117,44,94.933333333
118,44,94.95
119,44,94.966666667
120,44,94.983333333
1,45,95
2,45,95.016666667
3,45,95.033333333
4,45,95.05
5,45,95.066666667
6,45,95.083333333
7,45,95.1
8,45,95.116666667
9,45,95.133333333
10,45,95.15
11,45,95.166666667
12,45,95.183333333
13,45,95.2
14,45,95.216666667
15,45,95.233333333
16,45,95.25
17,45,95.266666667
18,45,95.283333333
19,45,95.3
20,45,95.316666667
21,45,95.333333333
22,45,95.35
23,45,95.366666667
24,45,95.383333333
25,45,95.4
26,45,95.416666667
27,45,95.433333333
28,45,95.45
29,45,95.466666667
30,45,95.483333333
31,45,95.5
32,45,95.516666667
33,45,95.533333333
34,45,95.55
35,45,95.566666667
36,45,95.583333333
37,45,95.6
38,45,95.616666667
39,45,95.633333333
40,45,95.65
41,45,95.666666667
42,45,95.683333333
43,45,95.7
44,45,95.716666667
45,45,95.733333333
46,45,95.75
47,45,95.766666667
48,45,95.783333333
49,45,95.8
50,45,95.816666667
51,45,95.833333333
52,45,95.85
53,45,95.866666667
54,45,95.883333333
55,45,95.9
56,45,95.916666667
57,45,95.933333333
58,45,95.95
59,45,95.966666667
60,45,95.983333333
61,45,96
62,45,96.016666667
63,45,96.033333333
64,45,96.05
65,45,96.066666667
66,45,96.083333333
67,45,96.1
68,45,96.116666667
69,45,96.133333333
70,45,96.15
71,45,96.166666667
72,45,96.183333333
73,45,96.2
74,45,96.216666667
75,45,96.233333333
76,45,96.25
77,45,96.266666667
78,45,96.283333333
79,45,96.3
80,45,96.316666667
81,45,96.333333333
82,45,96.35
83,45,96.366666667
84,45,96.383333333
85,45,96.4
86,45,96.416666667
87,45,96.433333333
88,45,96.45
89,45,96.466666667
90,45,96.483333333
91,45,96.5
92,45,96.516666667
93,45,96.533333333
94,45,96.55
95,45,96.566666667
96,45,96.583333333
97,45,96.6
98,45,96.616666667
99,45,96.633333333
100,45,96.65
101,45,96.666666667
102,45,96.683333333
103,45,96.7
104,45,96.716666667
105,45,96.733333333
106,45,96.75
107,45,96.766666667
108,45,96.783333333
109,45,96.8
110,45,96.816666667
111,45,96.833333333
112,45,96.85
113,45,96.866666667
114,45,96.883333333
115,45,96.9
116,45,96.916666667
117,45,96.933333333
118,45,96.95
119,45,96.966666667
120,45,96.983333333
1,46,97
2,46,97.016666667
3,46,97.033333333
4,46,97.05
5,46,97.066666667
6,46,97.083333333
7,46,97.1
8,46,97.116666667
9,46,97.133333333
10,46,97.15
11,46,97.166666667
12,46,97.183333333
13,46,97.2
14,46,97.216666667
15,46,97.233333333
16,46,97.25
17,46,97.266666667
18,46,97.283333333
19,46,97.3
20,46,97.316666667
21,46,97.333333333
22,46,97.35
23,46,97.366666667
24,46,97.383333333
25,46,97.4
26,46,97.416666667
27,46,97.433333333
28,46,97.45
29,46,97.466666667
30,46,97.483333333
31,46,97.5
32,46,97.516666667
33,46,97.533333333
34,46,97.55
35,46,97.566666667
36,46,97.583333333
37,46,97.6
38,46,97.616666667
39,46,97.633333333
40,46,97.65
41,46,97.666666667
42,46,97.683333333
43,46,97.7
44,46,97.716666667
45,46,97.733333333
46,46,97.75
47,46,97.766666667
48,46,97.783333333
49,46,97.8
50,46,97.816666667
51,46,97.833333333
52,46,97.85
53,46,97.866666667
54,46,97.883333333
55,46,97.9
56,46,97.916666667
57,46,97.933333333
58,46,97.95
59,46,97.966666667
60,46,97.983333333
61,46,98
62,46,98.016666667
63,46,98.033333333
64,46,98.05
65,46,98.066666667
66,46,98.083333333
67,46,98.1
68,46,98.116666667
69,46,98.133333333
70,46,98.15
71,46,98.166666667
72,46,98.183333333
73,46,98.2
74,46,98.216666667
75,46,98.233333333
76,46,98.25
77,46,98.266666667
78,46,98.283333333
79,46,98.3
80,46,98.316666667
81,46,98.333333333
82,46,98.35
83,46,98.366666667
84,46,98.383333333
85,46,98.4
86,46,98.416666667
87,46,98.433333333
88,46,98.45
89,46,98.466666667
90,46,98.483333333
91,46,98.5
92,46,98.516666667
93,46,98.533333333
94,46,98.55
95,46,98.566666667
96,46,98.583333333
97,46,98.6
98,46,98.616666667
99,46,98.633333333
100,46,98.65
101,46,98.666666667
102,46,98.683333333
103,46,98.7
104,46,98.716666667
105,46,98.733333333
106,46,98.75
107,46,98.766666667
108,46,98.783333333
109,46,98.8
110,46,98.816666667
111,46,98.833333333
112,46,98.85
113,46,98.866666667
114,46,98.883333333
115,46,98.9
116,46,98.916666667
117,46,98.933333333
118,46,98.95
119,46,98.966666667
120,46,98.983333333
1,47,99
2,47,99.016666667
3,47,99.033333333
4,47,99.05
5,47,99.066666667
6,47,99.083333333
7,47,99.1
8,47,99.116666667
9,47,99.133333333
10,47,99.15
11,47,99.166666667
12,47,99.183333333
13,47,99.2
14,47,99.216666667
15,47,99.233333333
16,47,99.25
17,47,99.266666667
18,47,99.283333333
19,47,99.3
20,47,99.316666667
21,47,99.333333333
22,47,99.35
23,47,99.366666667
24,47,99.383333333
25,47,99.4
26,47,99.416666667
27,47,99.433333333
28,47,99.45
29,47,99.466666667
30,47,99.483333333
31,47,99.5
32,47,99.516666667
33,47,99.533333333
34,47,99.55
35,47,99.566666667
36,47,99.583333333
37,47,99.6
38,47,99.616666667
39,47,99.633333333
40,47,99.65
41,47,99.666666667
42,47,99.683333333
43,47,99.7
44,47,99.716666667
45,47,99.733333333
46,47,99.75
47,47,99.766666667
48,47,99.783333333
49,47,99.8
50,47,99.816666667
51,47,99.833333333
52,47,99.85
53,47,99.866666667
54,47,99.883333333
55,47,99.9
56,47,99.916666667
57,47,99.933333333
58,47,99.95
59,47,99.966666667
60,47,99.983333333
61,47,100
62,47,100.016666667
63,47,100.033333333
64,47,100.05
65,47,100.066666667
66,47,100.083333333
67,47,100.1
68,47,100.116666667
69,47,100.133333333
70,47,100.15
71,47,100.166666667
72,47,100.183333333
73,47,100.2
74,47,100.216666667
75,47,100.233333333
76,47,100.25
77,47,100.266666667
78,47,100.283333333
79,47,100.3
80,47,100.316666667
81,47,100.333333333
82,47,100.35
83,47,100.366666667
84,47,100.383333333
85,47,100.4
86,47,100.416666667
87,47,100.433333333
88,47,100.45
89,47,100.466666667
90,47,100.483333333
91,47,100.5
92,47,100.516666667
93,47,100.533333333
94,47,100.55
95,47,100.566666667
96,47,100.583333333
97,47,100.6
98,47,100.616666667
99,47,100.633333333
100,47,100.65
101,47,100.666666667
102,47,100.683333333
103,47,100.7
104,47,100.716666667
105,47,100.733333333
106,47,100.75
107,47,100.766666667
108,47,100.783333333
109,47,100.8
110,47,100.816666667
111,47,100.833333333
112,47,100.85
113,47,100.866666667
114,47,100.883333333
115,47,100.9
116,47,100.916666667
117,47,100.933333333
118,47,100.95
119,47,100.966666667
120,47,100.983333333
1,48,101
2,48,101.016666667
3,48,101.033333333
4,48,101.05
5,48,101.066666667
6,48,101.083333333
7,48,101.1
8,48,101.116666667
9,48,101.133333333
10,48,101.15
11,48,101.166666667
12,48,101.183333333
13,48,101.2
14,48,101.216666667
15,48,101.233333333
16,48,101.25
17,48,101.266666667
18,48,101.283333333
19,48,101.3
20,48,101.316666667
21,48,101.333333333
22,48,101.35
23,48,101.366666667
24,48,101.383333333
25,48,101.4
26,48,101.416666667
27,48,101.433333333
28,48,101.45
29,48,101.466666667
30,48,101.483333333
31,48,101.5
32,48,101.516666667
33,48,101.533333333
34,48,101.55
35,48,101.566666667
36,48,101.583333333
37,48,101.6
38,48,101.616666667
39,48,101.633333333
40,48,101.65
41,48,101.666666667
42,48,101.683333333
43,48,101.7
44,48,101.716666667
45,48,101.733333333
46,48,101.75
47,48,101.766666667
48,48,101.783333333
49,48,101.8
50,48,101.816666667
51,48,101.833333333
52,48,101.85
53,48,101.866666667
54,48,101.883333333
55,48,101.9
56,48,101.916666667
57,48,101.933333333
58,48,101.95
59,48,101.966666667
60,48,101.983333333
61,48,102
62,48,102.016666667
63,48,102.033333333
64,48,102.05
65,48,102.066666667
66,48,102.083333333
67,48,102.1
68,48,102.116666667
69,48,102.133333333
70,48,102.15
71,48,102.166666667
72,48,102.183333333
73,48,102.2
74,48,102.216666667
75,48,102.233333333
76,48,102.25
77,48,102.266666667
78,48,102.283333333
79,48,102.3
80,48,102.316666667
81,48,102.333333333
82,48,102.35
83,48,102.366666667
84,48,102.383333333
85,48,102.4
86,48,102.416666667
87,48,102.433333333
88,48,102.45
89,48,102.466666667
90,48,102.483333333
91,48,102.5
92,48,102.516666667
93,48,102.533333333
94,48,102.55
95,48,102.566666667
96,48,102.583333333
97,48,102.6
98,48,102.616666667
99,48,102.633333333
100,48,102.65
101,48,102.666666667
102,48,102.683333333
103,48,102.7
104,48,102.716666667
105,48,102.733333333
106,48,102.75
107,48,102.766666667
108,48,102.783333333
109,48,102.8
110,48,102.816666667
111,48,102.833333333
112,48,102.85
113,48,102.866666667
114,48,102.883333333
115,48,102.9
116,48,102.916666667
117,48,102.933333333
118,48,102.95
119,48,102.966666667
120,48,102.983333333
1,49,103
2,49,103.016666667
3,49,103.033333333
4,49,103.05
5,49,103.066666667
6,49,103.083333333
7,49,103.1
8,49,103.116666667
9,49,103.133333333
10,49,103.15
11,49,103.166666667
12,49,103.183333333
13,49,103.2
14,49,103.216666667
15,49,103.233333333
16,49,103.25
17,49,103.266666667
18,49,103.283333333
19,49,103.3
20,49,103.316666667
21,49,103.333333333
22,49,103.35
23,49,103.366666667
24,49,103.383333333
25,49,103.4
26,49,103.416666667
27,49,103.433333333
28,49,103.45
29,49,103.466666667
30,49,103.483333333
31,49,103.5
32,49,103.516666667
33,49,103.533333333
34,49,103.55
35,49,103.566666667
36,49,103.583333333
37,49,103.6
38,49,103.616666667
39,49,103.633333333
40,49,103.65
41,49,103.666666667
42,49,103.683333333
43,49,103.7
44,49,103.716666667
45,49,103.733333333
46,49,103.75
47,49,103.766666667
48,49,103.783333333
49,49,103.8
50,49,103.816666667
51,49,103.833333333
52,49,103.85
53,49,103.866666667
54,49,103.883333333
55,49,103.9
56,49,103.916666667
57,49,103.933333333
58,49,103.95
59,49,103.966666667
60,49,103.983333333
61,49,104
62,49,104.016666667
63,49,104.033333333
64,49,104.05
65,49,104.066666667
66,49,104.083333333
67,49,104.1
68,49,104.116666667
69,49,104.133333333
70,49,104.15
71,49,104.166666667
72,49,104.183333333
73,49,104.2
74,49,104.216666667
75,49,104.233333333
76,49,104.25
77,49,104.266666667
78,49,104.283333333
79,49,104.3
80,49,104.316666667
81,49,104.333333333
82,49,104.35
83,49,104.366666667
84,49,104.383333333
85,49,104.4
86,49,104.416666667
87,49,104.433333333
88,49,104.45
89,49,104.466666667
90,49,104.483333333
91,49,104.5
92,49,104.516666667
93,49,104.533333333
94,49,104.55
95,49,104.566666667
96,49,104.583333333
97,49,104.6
98,49,104.616666667
99,49,104.633333333
100,49,104.65
101,49,104.666666667
102,49,104.683333333
103,49,104.7
104,49,104.716666667
105,49,104.733333333
106,49,104.75
107,49,104.766666667
108,49,104.783333333
109,49,104.8
110,49,104.816666667
111,49,104.833333333
112,49,104.85
113,49,104.866666667
114,49,104.883333333
115,49,104.9
116,49,104.916666667
117,49,104.933333333
118,49,104.95
119,49,104.966666667
120,49,104.983333333
1,50,105
2,50,105.016666667
3,50,105.033333333
4,50,105.05
5,50,105.066666667
6,50,105.083333333
7,50,105.1
8,50,105.116666667
9,50,105.133333333
10,50,105.15
11,50,105.166666667
12,50,105.183333333
13,50,105.2
14,50,105.216666667
15,50,105.233333333
16,50,105.25
17,50,105.266666667
18,50,105.283333333
19,50,105.3
20,50,105.316666667
21,50,105.333333333
22,50,105.35
23,50,105.366666667
24,50,105.383333333
25,50,105.4
26,50,105.416666667
27,50,105.433333333
28,50,105.45
29,50,105.466666667
30,50,105.483333333
31,50,105.5
32,50,105.516666667
33,50,105.533333333
34,50,105.55
35,50,105.566666667
36,50,105.583333333
37,50,105.6
38,50,105.616666667
39,50,105.633333333
40,50,105.65
41,50,105.666666667
42,50,105.683333333
43,50,105.7
44,50,105.716666667
45,50,105.733333333
46,50,105.75
47,50,105.766666667
48,50,105.783333333
49,50,105.8
50,50,105.816666667
51,50,105.833333333
52,50,105.85
53,50,105.866666667
54,50,105.883333333
55,50,105.9
56,50,105.916666667
57,50,105.933333333
58,50,105.95
59,50,105.966666667
60,50,105.983333333
61,50,106
62,50,106.016666667
63,50,106.033333333
64,50,106.05
65,50,106.066666667
66,50,106.083333333
67,50,106.1
68,50,106.116666667
69,50,106.133333333
70,50,106.15
71,50,106.166666667
72,50,106.183333333
73,50,106.2
74,50,106.216666667
75,50,106.233333333
76,50,106.25
77,50,106.266666667
78,50,106.283333333
79,50,106.3
80,50,106.316666667
81,50,106.333333333
82,50,106.35
83,50,106.366666667
84,50,106.383333333
85,50,106.4
86,50,106.416666667
87,50,106.433333333
88,50,106.45
89,50,106.466666667
90,50,106.483333333
91,50,106.5
92,50,106.516666667
93,50,106.533333333
94,50,106.55
95,50,106.566666667
96,50,106.583333333
97,50,106.6
98,50,106.616666667
99,50,106.633333333
100,50,106.65
101,50,106.666666667
102,50,106.683333333
103,50,106.7
104,50,106.716666667
105,50,106.733333333
106,50,106.75
107,50,106.766666667
108,50,106.783333333
109,50,106.8
110,50,106.816666667
111,50,106.833333333
112,50,106.85
113,50,106.866666667
114,50,106.883333333
115,50,106.9
116,50,106.916666667
117,50,106.933333333
118,50,106.95
119,50,106.966666667
120,50,106.983333333
1,51,107
2,51,107.016666667
3,51,107.033333333
4,51,107.05
5,51,107.066666667
6,51,107.083333333
7,51,107.1
8,51,107.116666667
9,51,107.133333333
10,51,107.15
11,51,107.166666667
12,51,107.183333333
13,51,107.2
14,51,107.216666667
15,51,107.233333333
16,51,107.25
17,51,107.266666667
18,51,107.283333333
19,51,107.3
20,51,107.316666667
21,51,107.333333333
22,51,107.35
23,51,107.366666667
24,51,107.383333333
25,51,107.4
26,51,107.416666667
27,51,107.433333333
28,51,107.45
29,51,107.466666667
30,51,107.483333333
31,51,107.5
32,51,107.516666667
33,51,107.533333333
34,51,107.55
35,51,107.566666667
36,51,107.583333333
37,51,107.6
38,51,107.616666667
39,51,107.633333333
40,51,107.65
41,51,107.666666667
42,51,107.683333333
43,51,107.7
44,51,107.716666667
45,51,107.733333333
46,51,107.75
47,51,107.766666667
48,51,107.783333333
49,51,107.8
50,51,107.816666667
51,51,107.833333333
52,51,107.85
53,51,107.866666667
54,51,107.883333333
55,51,107.9
56,51,107.916666667
57,51,107.933333333
58,51,107.95
59,51,107.966666667
60,51,107.983333333
61,51,108
62,51,108.016666667
63,51,108.033333333
64,51,108.05
65,51,108.066666667
66,51,108.083333333
67,51,108.1
68,51,108.116666667
69,51,108.133333333
70,51,108.15
71,51,108.166666667
72,51,108.183333333
73,51,108.2
74,51,108.216666667
75,51,108.233333333
76,51,108.25
77,51,108.266666667
78,51,108.283333333
79,51,108.3
80,51,108.316666667
81,51,108.333333333
82,51,108.35
83,51,108.366666667
84,51,108.383333333
85,51,108.4
86,51,108.416666667
87,51,108.433333333
88,51,108.45
89,51,108.466666667
90,51,108.483333333
91,51,108.5
92,51,108.516666667
93,51,108.533333333
94,51,108.55
95,51,108.566666667
96,51,108.583333333
97,51,108.6
98,51,108.616666667
99,51,108.633333333
100,51,108.65
101,51,108.666666667
102,51,108.683333333
103,51,108.7
104,51,108.716666667
105,51,108.733333333
106,51,108.75
107,51,108.766666667
108,51,108.783333333
109,51,108.8
110,51,108.816666667
111,51,108.833333333
112,51,108.85
113,51,108.866666667
114,51,108.883333333
115,51,108.9
116,51,108.916666667
117,51,108.933333333
118,51,108.95
119,51,108.966666667
120,51,108.983333333
1,52,109
2,52,109.016666667
3,52,109.033333333
4,52,109.05
5,52,109.066666667
6,52,109.083333333
7,52,109.1
8,52,109.116666667
9,52,109.133333333
10,52,109.15
11,52,109.166666667
12,52,109.183333333
13,52,109.2
14,52,109.216666667
15,52,109.233333333
16,52,109.25
17,52,109.266666667
18,52,109.283333333
19,52,109.3
20,52,109.316666667
21,52,109.333333333
22,52,109.35
23,52,109.366666667
24,52,109.383333333
25,52,109.4
26,52,109.416666667
27,52,109.433333333
28,52,109.45
29,52,109.466666667
30,52,109.483333333
31,52,109.5
32,52,109.516666667
33,52,109.533333333
34,52,109.55
35,52,109.566666667
36,52,109.583333333
37,52,109.6
38,52,109.616666667
39,52,109.633333333
40,52,109.65
41,52,109.666666667
42,52,109.683333333
43,52,109.7
44,52,109.716666667
45,52,109.733333333
46,52,109.75
47,52,109.766666667
48,52,109.783333333
49,52,109.8
50,52,109.816666667
51,52,109.833333333
52,52,109.85
53,52,109.866666667
54,52,109.883333333
55,52,109.9
56,52,109.916666667
57,52,109.933333333
58,52,109.95
59,52,109.966666667
60,52,109.983333333
61,52,110
62,52,110.016666667
63,52,110.033333333
64,52,110.05
65,52,110.066666667
66,52,110.083333333
67,52,110.1
68,52,110.116666667
69,52,110.133333333
70,52,110.15
71,52,110.166666667
72,52,110.183333333
73,52,110.2
74,52,110.216666667
75,52,110.233333333
76,52,110.25
77,52,110.266666667
78,52,110.283333333
79,52,110.3
80,52,110.316666667
81,52,110.333333333
82,52,110.35
83,52,110.366666667
84,52,110.383333333
85,52,110.4
86,52,110.416666667
87,52,110.433333333
88,52,110.45
89,52,110.466666667
90,52,110.483333333
91,52,110.5
92,52,110.516666667
93,52,110.533333333
94,52,110.55
95,52,110.566666667
96,52,110.583333333
97,52,110.6
98,52,110.616666667
99,52,110.633333333
100,52,110.65
101,52,110.666666667
102,52,110.683333333
103,52,110.7
104,52,110.716666667
105,52,110.733333333
106,52,110.75
107,52,110.766666667
108,52,110.783333333
109,52,110.8
110,52,110.816666667
111,52,110.833333333
112,52,110.85
113,52,110.866666667
114,52,110.883333333
115,52,110.9
116,52,110.916666667
117,52,110.933333333
118,52,110.95
119,52,110.966666667
120,52,110.983333333
1,53,111
2,53,111.016666667
3,53,111.033333333
4,53,111.05
5,53,111.066666667
6,53,111.083333333
7,53,111.1
8,53,111.116666667
9,53,111.133333333
10,53,111.15
11,53,111.166666667
12,53,111.183333333
13,53,111.2
14,53,111.216666667
15,53,111.233333333
16,53,111.25
17,53,111.266666667
18,53,111.283333333
19,53,111.3
20,53,111.316666667
21,53,111.333333333
22,53,111.35
23,53,111.366666667
24,53,111.383333333
25,53,111.4
26,53,111.416666667
27,53,111.433333333
28,53,111.45
29,53,111.466666667
30,53,111.483333333
31,53,111.5
32,53,111.516666667
33,53,111.533333333
34,53,111.55
35,53,111.566666667
36,53,111.583333333
37,53,111.6
38,53,111.616666667
39,53,111.633333333
40,53,111.65
41,53,111.666666667
42,53,111.683333333
43,53,111.7
44,53,111.716666667
45,53,111.733333333
46,53,111.75
47,53,111.766666667
48,53,111.783333333
49,53,111.8
50,53,111.816666667
51,53,111.833333333
52,53,111.85
53,53,111.866666667
54,53,111.883333333
55,53,111.9
56,53,111.916666667
57,53,111.933333333
58,53,111.95
59,53,111.966666667
60,53,111.983333333
61,53,112
62,53,112.016666667
63,53,112.033333333
64,53,112.05
65,53,112.066666667
66,53,112.083333333
67,53,112.1
68,53,112.116666667
69,53,112.133333333
70,53,112.15
71,53,112.166666667
72,53,112.183333333
73,53,112.2
74,53,112.216666667
75,53,112.233333333
76,53,112.25
77,53,112.266666667
78,53,112.283333333
79,53,112.3
80,53,112.316666667
81,53,112.333333333
82,53,112.35
83,53,112.366666667
84,53,112.383333333
85,53,112.4
86,53,112.416666667
87,53,112.433333333
88,53,112.45
89,53,112.466666667
90,53,112.483333333
91,53,112.5
92,53,112.516666667
93,53,112.533333333
94,53,112.55
95,53,112.566666667
96,53,112.583333333
97,53,112.6
98,53,112.616666667
99,53,112.633333333
100,53,112.65
101,53,112.666666667
102,53,112.683333333
103,53,112.7
104,53,112.716666667
105,53,112.733333333
106,53,112.75
107,53,112.766666667
108,53,112.783333333
109,53,112.8
110,53,112.816666667
111,53,112.833333333
112,53,112.85
113,53,112.866666667
114,53,112.883333333
115,53,112.9
116,53,112.916666667
117,53,112.933333333
118,53,112.95
119,53,112.966666667
120,53,112.983333333
1,54,113
2,54,113.016666667
3,54,113.033333333
4,54,113.05
5,54,113.066666667
6,54,113.083333333
7,54,113.1
8,54,113.116666667
9,54,113.133333333
10,54,113.15
11,54,113.166666667
12,54,113.183333333
13,54,113.2
14,54,113.216666667
15,54,113.233333333
16,54,113.25
17,54,113.266666667
18,54,113.283333333
19,54,113.3
20,54,113.316666667
21,54,113.333333333
22,54,113.35
23,54,113.366666667
24,54,113.383333333
25,54,113.4
26,54,113.416666667
27,54,113.433333333
28,54,113.45
29,54,113.466666667
30,54,113.483333333
31,54,113.5
32,54,113.516666667
33,54,113.533333333
34,54,113.55
35,54,113.566666667
36,54,113.583333333
37,54,113.6
38,54,113.616666667
39,54,113.633333333
40,54,113.65
41,54,113.666666667
42,54,113.683333333
43,54,113.7
44,54,113.716666667
45,54,113.733333333
46,54,113.75
47,54,113.766666667
48,54,113.783333333
49,54,113.8
50,54,113.816666667
51,54,113.833333333
52,54,113.85
53,54,113.866666667
54,54,113.883333333
55,54,113.9
56,54,113.916666667
57,54,113.933333333
58,54,113.95
59,54,113.966666667
60,54,113.983333333
61,54,114
62,54,114.016666667
63,54,114.033333333
64,54,114.05
65,54,114.066666667
66,54,114.083333333
67,54,114.1
68,54,114.116666667
69,54,114.133333333
70,54,114.15
71,54,114.166666667
72,54,114.183333333
73,54,114.2
74,54,114.216666667
75,54,114.233333333
76,54,114.25
77,54,114.266666667
78,54,114.283333333
79,54,114.3
80,54,114.316666667
81,54,114.333333333
82,54,114.35
83,54,114.366666667
84,54,114.383333333
85,54,114.4
86,54,114.416666667
87,54,114.433333333
88,54,114.45
89,54,114.466666667
90,54,114.483333333
91,54,114.5
92,54,114.516666667
93,54,114.533333333
94,54,114.55
95,54,114.566666667
96,54,114.583333333
97,54,114.6
98,54,114.616666667
99,54,114.633333333
100,54,114.65
101,54,114.666666667
102,54,114.683333333
103,54,114.7
104,54,114.716666667
105,54,114.733333333
106,54,114.75
107,54,114.766666667
108,54,114.783333333
109,54,114.8
110,54,114.816666667
111,54,114.833333333
112,54,114.85
113,54,114.866666667
114,54,114.883333333
115,54,114.9
116,54,114.916666667
117,54,114.933333333
118,54,114.95
119,54,114.966666667
120,54,114.983333333
1,55,115
2,55,115.016666667
3,55,115.033333333
4,55,115.05
5,55,115.066666667
6,55,115.083333333
7,55,115.1
8,55,115.116666667
9,55,115.133333333
10,55,115.15
11,55,115.166666667
12,55,115.183333333
13,55,115.2
14,55,115.216666667
15,55,115.233333333
16,55,115.25
17,55,115.266666667
18,55,115.283333333
19,55,115.3
20,55,115.316666667
21,55,115.333333333
22,55,115.35
23,55,115.366666667
24,55,115.383333333
25,55,115.4
26,55,115.416666667
27,55,115.433333333
28,55,115.45
29,55,115.466666667
30,55,115.483333333
31,55,115.5
32,55,115.516666667
33,55,115.533333333
34,55,115.55
35,55,115.566666667
36,55,115.583333333
37,55,115.6
38,55,115.616666667
39,55,115.633333333
40,55,115.65
41,55,115.666666667
42,55,115.683333333
43,55,115.7
44,55,115.716666667
45,55,115.733333333
46,55,115.75
47,55,115.766666667
48,55,115.783333333
49,55,115.8
50,55,115.816666667
51,55,115.833333333
52,55,115.85
53,55,115.866666667
54,55,115.883333333
55,55,115.9
56,55,115.916666667
57,55,115.933333333
58,55,115.95
59,55,115.966666667
60,55,115.983333333
61,55,116
62,55,116.016666667
63,55,116.033333333
64,55,116.05
65,55,116.066666667
66,55,116.083333333
67,55,116.1
68,55,116.116666667
69,55,116.133333333
70,55,116.15
71,55,116.166666667
72,55,116.183333333
73,55,116.2
74,55,116.216666667
75,55,116.233333333
76,55,116.25
77,55,116.266666667
78,55,116.283333333
79,55,116.3
80,55,116.316666667
81,55,116.333333333
82,55,116.35
83,55,116.366666667
84,55,116.383333333
85,55,116.4
86,55,116.416666667
87,55,116.433333333
88,55,116.45
89,55,116.466666667
90,55,116.483333333
91,55,116.5
92,55,116.516666667
93,55,116.533333333
94,55,116.55
95,55,116.566666667
96,55,116.583333333
97,55,116.6
98,55,116.616666667
99,55,116.633333333
100,55,116.65
101,55,116.666666667
102,55,116.683333333
103,55,116.7
104,55,116.716666667
105,55,116.733333333
106,55,116.75
107,55,116.766666667
108,55,116.783333333
109,55,116.8
110,55,116.816666667
111,55,116.833333333
112,55,116.85
113,55,116.866666667
114,55,116.883333333
115,55,116.9
116,55,116.916666667
117,55,116.933333333
118,55,116.95
119,55,116.966666667
120,55,116.983333333
1,56,117
2,56,117.016666667
3,56,117.033333333
4,56,117.05
5,56,117.066666667
6,56,117.083333333
7,56,117.1
8,56,117.116666667
9,56,117.133333333
10,56,117.15
11,56,117.166666667
12,56,117.183333333
13,56,117.2
14,56,117.216666667
15,56,117.233333333
16,56,117.25
17,56,117.266666667
18,56,117.283333333
19,56,117.3
20,56,117.316666667
21,56,117.333333333
22,56,117.35
23,56,117.366666667
24,56,117.383333333
25,56,117.4
26,56,117.416666667
27,56,117.433333333
28,56,117.45
29,56,117.466666667
30,56,117.483333333
31,56,117.5
32,56,117.516666667
33,56,117.533333333
34,56,117.55
35,56,117.566666667
36,56,117.583333333
37,56,117.6
38,56,117.616666667
39,56,117.633333333
40,56,117.65
41,56,117.666666667
42,56,117.683333333
43,56,117.7
44,56,117.716666667
45,56,117.733333333
46,56,117.75
47,56,117.766666667
48,56,117.783333333
49,56,117.8
50,56,117.816666667
51,56,117.833333333
52,56,117.85
53,56,117.866666667
54,56,117.883333333
55,56,117.9
56,56,117.916666667
57,56,117.933333333
58,56,117.95
59,56,117.966666667
60,56,117.983333333
61,56,118
62,56,118.016666667
63,56,118.033333333
64,56,118.05
65,56,118.066666667
66,56,118.083333333
67,56,118.1
68,56,118.116666667
69,56,118.133333333
70,56,118.15
71,56,118.166666667
72,56,118.183333333
73,56,118.2
74,56,118.216666667
75,56,118.233333333
76,56,118.25
77,56,118.266666667
78,56,118.283333333
79,56,118.3
80,56,118.316666667
81,56,118.333333333
82,56,118.35
83,56,118.366666667
84,56,118.383333333
85,56,118.4
86,56,118.416666667
87,56,118.433333333
88,56,118.45
89,56,118.466666667
90,56,118.483333333
91,56,118.5
92,56,118.516666667
93,56,118.533333333
94,56,118.55
95,56,118.566666667
96,56,118.583333333
97,56,118.6
98,56,118.616666667
99,56,118.633333333
100,56,118.65
101,56,118.666666667
102,56,118.683333333
103,56,118.7
104,56,118.716666667
105,56,118.733333333
106,56,118.75
107,56,118.766666667
108,56,118.783333333
109,56,118.8
110,56,118.816666667
111,56,118.833333333
112,56,118.85
113,56,118.866666667
114,56,118.883333333
115,56,118.9
116,56,118.916666667
117,56,118.933333333
118,56,118.95
119,56,118.966666667
120,56,118.983333333
1,57,119
2,57,119.016666667
3,57,119.033333333
4,57,119.05
5,57,119.066666667
6,57,119.083333333
7,57,119.1
8,57,119.116666667
9,57,119.133333333
10,57,119.15
11,57,119.166666667
12,57,119.183333333
13,57,119.2
14,57,119.216666667
15,57,119.233333333
16,57,119.25
17,57,119.266666667
18,57,119.283333333
19,57,119.3
20,57,119.316666667
21,57,119.333333333
22,57,119.35
23,57,119.366666667
24,57,119.383333333
25,57,119.4
26,57,119.416666667
27,57,119.433333333
28,57,119.45
29,57,119.466666667
30,57,119.483333333
31,57,119.5
32,57,119.516666667
33,57,119.533333333
34,57,119.55
35,57,119.566666667
36,57,119.583333333
37,57,119.6
38,57,119.616666667
39,57,119.633333333
40,57,119.65
41,57,119.666666667
42,57,119.683333333
43,57,119.7
44,57,119.716666667
45,57,119.733333333
46,57,119.75
47,57,119.766666667
48,57,119.783333333
49,57,119.8
50,57,119.816666667
51,57,119.833333333
52,57,119.85
53,57,119.866666667
54,57,119.883333333
55,57,119.9
56,57,119.916666667
57,57,119.933333333
58,57,119.95
59,57,119.966666667
60,57,119.983333333
61,57,120
62,57,120.016666667
63,57,120.033333333
64,57,120.05
65,57,120.066666667
66,57,120.083333333
67,57,120.1
68,57,120.116666667
69,57,120.133333333
70,57,120.15
71,57,120.166666667
72,57,120.183333333
73,57,120.2
74,57,120.216666667
75,57,120.233333333
76,57,120.25
77,57,120.266666667
78,57,120.283333333
79,57,120.3
80,57,120.316666667
81,57,120.333333333
82,57,120.35
83,57,120.366666667
84,57,120.383333333
85,57,120.4
86,57,120.416666667
87,57,120.433333333
88,57,120.45
89,57,120.466666667
90,57,120.483333333
91,57,120.5
92,57,120.516666667
93,57,120.533333333
94,57,120.55
95,57,120.566666667
96,57,120.583333333
97,57,120.6
98,57,120.616666667
99,57,120.633333333
100,57,120.65
101,57,120.666666667
102,57,120.683333333
103,57,120.7
104,57,120.716666667
105,57,120.733333333
106,57,120.75
107,57,120.766666667
108,57,120.783333333
109,57,120.8
110,57,120.816666667
111,57,120.833333333
112,57,120.85
113,57,120.866666667
114,57,120.883333333
115,57,120.9
116,57,120.916666667
117,57,120.933333333
118,57,120.95
119,57,120.966666667
120,57,120.983333333
1,58,121
2,58,121.016666667
3,58,121.033333333
4,58,121.05
5,58,121.066666667
6,58,121.083333333
7,58,121.1
8,58,121.116666667
9,58,121.133333333
10,58,121.15
11,58,121.166666667
12,58,121.183333333
13,58,121.2
14,58,121.216666667
15,58,121.233333333
16,58,121.25
17,58,121.266666667
18,58,121.283333333
19,58,121.3
20,58,121.316666667
21,58,121.333333333
22,58,121.35
23,58,121.366666667
24,58,121.383333333
25,58,121.4
26,58,121.416666667
27,58,121.433333333
28,58,121.45
29,58,121.466666667
30,58,121.483333333
31,58,121.5
32,58,121.516666667
33,58,121.533333333
34,58,121.55
35,58,121.566666667
36,58,121.583333333
37,58,121.6
38,58,121.616666667
39,58,121.633333333
40,58,121.65
41,58,121.666666667
42,58,121.683333333
43,58,121.7
44,58,121.716666667
45,58,121.733333333
46,58,121.75
47,58,121.766666667
48,58,121.783333333
49,58,121.8
50,58,121.816666667
51,58,121.833333333
52,58,121.85
53,58,121.866666667
54,58,121.883333333
55,58,121.9
56,58,121.916666667
57,58,121.933333333
58,58,121.95
59,58,121.966666667
60,58,121.983333333
61,58,122
62,58,122.016666667
63,58,122.033333333
64,58,122.05
65,58,122.066666667
66,58,122.083333333
67,58,122.1
68,58,122.116666667
69,58,122.133333333
70,58,122.15
71,58,122.166666667
72,58,122.183333333
73,58,122.2
74,58,122.216666667
75,58,122.233333333
76,58,122.25
77,58,122.266666667
78,58,122.283333333
79,58,122.3
80,58,122.316666667
81,58,122.333333333
82,58,122.35
83,58,122.366666667
84,58,122.383333333
85,58,122.4
86,58,122.416666667
87,58,122.433333333
88,58,122.45
89,58,122.466666667
90,58,122.483333333
91,58,122.5
92,58,122.516666667
93,58,122.533333333
94,58,122.55
95,58,122.566666667
96,58,122.583333333
97,58,122.6
98,58,122.616666667
99,58,122.633333333
100,58,122.65
101,58,122.666666667
102,58,122.683333333
103,58,122.7
104,58,122.716666667
105,58,122.733333333
106,58,122.75
107,58,122.766666667
108,58,122.783333333
109,58,122.8
110,58,122.816666667
111,58,122.833333333
112,58,122.85
113,58,122.866666667
114,58,122.883333333
115,58,122.9
116,58,122.916666667
117,58,122.933333333
118,58,122.95
119,58,122.966666667
120,58,122.983333333
1,59,123
2,59,123.016666667
3,59,123.033333333
4,59,123.05
5,59,123.066666667
6,59,123.083333333
7,59,123.1
8,59,123.116666667
9,59,123.133333333
10,59,123.15
11,59,123.166666667
12,59,123.183333333
13,59,123.2
14,59,123.216666667
15,59,123.233333333
16,59,123.25
17,59,123.266666667
18,59,123.283333333
19,59,123.3
20,59,123.316666667
21,59,123.333333333
22,59,123.35
23,59,123.366666667
24,59,123.383333333
25,59,123.4
26,59,123.416666667
27,59,123.433333333
28,59,123.45
29,59,123.466666667
30,59,123.483333333
31,59,123.5
32,59,123.516666667
33,59,123.533333333
34,59,123.55
35,59,123.566666667
36,59,123.583333333
37,59,123.6
38,59,123.616666667
39,59,123.633333333
40,59,123.65
41,59,123.666666667
42,59,123.683333333
43,59,123.7
44,59,123.716666667
45,59,123.733333333
46,59,123.75
47,59,123.766666667
48,59,123.783333333
49,59,123.8
50,59,123.816666667
51,59,123.833333333
52,59,123.85
53,59,123.866666667
54,59,123.883333333
55,59,123.9
56,59,123.916666667
57,59,123.933333333
58,59,123.95
59,59,123.966666667
60,59,123.983333333
61,59,124
62,59,124.016666667
63,59,124.033333333
64,59,124.05
65,59,124.066666667
66,59,124.083333333
67,59,124.1
68,59,124.116666667
69,59,124.133333333
70,59,124.15
71,59,124.166666667
72,59,124.183333333
73,59,124.2
74,59,124.216666667
75,59,124.233333333
76,59,124.25
77,59,124.266666667
78,59,124.283333333
79,59,124.3
80,59,124.316666667
81,59,124.333333333
82,59,124.35
83,59,124.366666667
84,59,124.383333333
85,59,124.4
86,59,124.416666667
87,59,124.433333333
88,59,124.45
89,59,124.466666667
90,59,124.483333333
91,59,124.5
92,59,124.516666667
93,59,124.533333333
94,59,124.55
95,59,124.566666667
96,59,124.583333333
97,59,124.6
98,59,124.616666667
99,59,124.633333333
100,59,124.65
101,59,124.666666667
102,59,124.683333333
103,59,124.7
104,59,124.716666667
105,59,124.733333333
106,59,124.75
107,59,124.766666667
108,59,124.783333333
109,59,124.8
110,59,124.816666667
111,59,124.833333333
112,59,124.85
113,59,124.866666667
114,59,124.883333333
115,59,124.9
116,59,124.916666667
117,59,124.933333333
118,59,124.95
119,59,124.966666667
120,59,124.983333333
1,60,125
2,60,125.016666667
3,60,125.033333333
4,60,125.05
5,60,125.066666667
6,60,125.083333333
7,60,125.1
8,60,125.116666667
9,60,125.133333333
10,60,125.15
11,60,125.166666667
12,60,125.183333333
13,60,125.2
14,60,125.216666667
15,60,125.233333333
16,60,125.25
17,60,125.266666667
18,60,125.283333333
19,60,125.3
20,60,125.316666667
21,60,125.333333333
22,60,125.35
23,60,125.366666667
24,60,125.383333333
25,60,125.4
26,60,125.416666667
27,60,125.433333333
28,60,125.45
29,60,125.466666667
30,60,125.483333333
31,60,125.5
32,60,125.516666667
33,60,125.533333333
34,60,125.55
35,60,125.566666667
36,60,125.583333333
37,60,125.6
38,60,125.616666667
39,60,125.633333333
40,60,125.65
41,60,125.666666667
42,60,125.683333333
43,60,125.7
44,60,125.716666667
45,60,125.733333333
46,60,125.75
47,60,125.766666667
48,60,125.783333333
49,60,125.8
50,60,125.816666667
51,60,125.833333333
52,60,125.85
53,60,125.866666667
54,60,125.883333333
55,60,125.9
56,60,125.916666667
57,60,125.933333333
58,60,125.95
59,60,125.966666667
60,60,125.983333333
61,60,126
62,60,126.016666667
63,60,126.033333333
64,60,126.05
65,60,126.066666667
66,60,126.083333333
67,60,126.1
68,60,126.116666667
69,60,126.133333333
70,60,126.15
71,60,126.166666667
72,60,126.183333333
73,60,126.2
74,60,126.216666667
75,60,126.233333333
76,60,126.25
77,60,126.266666667
78,60,126.283333333
79,60,126.3
80,60,126.316666667
81,60,126.333333333
82,60,126.35
83,60,126.366666667
84,60,126.383333333
85,60,126.4
86,60,126.416666667
87,60,126.433333333
88,60,126.45
89,60,126.466666667
90,60,126.483333333
91,60,126.5
92,60,126.516666667
93,60,126.533333333
94,60,126.55
95,60,126.566666667
96,60,126.583333333
97,60,126.6
98,60,126.616666667
99,60,126.633333333
100,60,126.65
101,60,126.666666667
102,60,126.683333333
103,60,126.7
104,60,126.716666667
105,60,126.733333333
106,60,126.75
107,60,126.766666667
108,60,126.783333333
109,60,126.8
110,60,126.816666667
111,60,126.833333333
112,60,126.85
113,60,126.866666667
114,60,126.883333333
115,60,126.9
116,60,126.916666667
117,60,126.933333333
118,60,126.95
119,60,126.966666667
120,60,126.983333333
1,61,127
2,61,127.016666667
3,61,127.033333333
4,61,127.05
5,61,127.066666667
6,61,127.083333333
7,61,127.1
8,61,127.116666667
9,61,127.133333333
10,61,127.15
11,61,127.166666667
12,61,127.183333333
13,61,127.2
14,61,127.216666667
15,61,127.233333333
16,61,127.25
17,61,127.266666667
18,61,127.283333333
19,61,127.3
20,61,127.316666667
21,61,127.333333333
22,61,127.35
23,61,127.366666667
24,61,127.383333333
25,61,127.4
26,61,127.416666667
27,61,127.433333333
28,61,127.45
29,61,127.466666667
30,61,127.483333333
31,61,127.5
32,61,127.516666667
33,61,127.533333333
34,61,127.55
35,61,127.566666667
36,61,127.583333333
37,61,127.6
38,61,127.616666667
39,61,127.633333333
40,61,127.65
41,61,127.666666667
42,61,127.683333333
43,61,127.7
44,61,127.716666667
45,61,127.733333333
46,61,127.75
47,61,127.766666667
48,61,127.783333333
49,61,127.8
50,61,127.816666667
51,61,127.833333333
52,61,127.85
53,61,127.866666667
54,61,127.883333333
55,61,127.9
56,61,127.916666667
57,61,127.933333333
58,61,127.95
59,61,127.966666667
60,61,127.983333333
61,61,128
62,61,128.016666667
63,61,128.033333333
64,61,128.05
65,61,128.066666667
66,61,128.083333333
67,61,128.1
68,61,128.116666667
69,61,128.133333333
70,61,128.15
71,61,128.166666667
72,61,128.183333333
73,61,128.2
74,61,128.216666667
75,61,128.233333333
76,61,128.25
77,61,128.266666667
78,61,128.283333333
79,61,128.3
80,61,128.316666667
81,61,128.333333333
82,61,128.35
83,61,128.366666667
84,61,128.383333333
85,61,128.4
86,61,128.416666667
87,61,128.433333333
88,61,128.45
89,61,128.466666667
90,61,128.483333333
91,61,128.5
92,61,128.516666667
93,61,128.533333333
94,61,128.55
95,61,128.566666667
96,61,128.583333333
97,61,128.6
98,61,128.616666667
99,61,128.633333333
100,61,128.65
101,61,128.666666667
102,61,128.683333333
103,61,128.7
104,61,128.716666667
105,61,128.733333333
106,61,128.75
107,61,128.766666667
108,61,128.783333333
109,61,128.8
110,61,128.816666667
111,61,128.833333333
112,61,128.85
113,61,128.866666667
114,61,128.883333333
115,61,128.9
116,61,128.916666667
117,61,128.933333333
118,61,128.95
119,61,128.966666667
120,61,128.983333333
1,62,129
2,62,129.016666667
3,62,129.033333333
4,62,129.05
5,62,129.066666667
6,62,129.083333333
7,62,129.1
8,62,129.116666667
9,62,129.133333333
10,62,129.15
11,62,129.166666667
12,62,129.183333333
13,62,129.2
14,62,129.216666667
15,62,129.233333333
16,62,129.25
17,62,129.266666667
18,62,129.283333333
19,62,129.3
20,62,129.316666667
21,62,129.333333333
22,62,129.35
23,62,129.366666667
24,62,129.383333333
25,62,129.4
26,62,129.416666667
27,62,129.433333333
28,62,129.45
29,62,129.466666667
30,62,129.483333333
31,62,129.5
32,62,129.516666667
33,62,129.533333333
34,62,129.55
35,62,129.566666667
36,62,129.583333333
37,62,129.6
38,62,129.616666667
39,62,129.633333333
40,62,129.65
41,62,129.666666667
42,62,129.683333333
43,62,129.7
44,62,129.716666667
45,62,129.733333333
46,62,129.75
47,62,129.766666667
48,62,129.783333333
49,62,129.8
50,62,129.816666667
51,62,129.833333333
52,62,129.85
53,62,129.866666667
54,62,129.883333333
55,62,129.9
56,62,129.916666667
57,62,129.933333333
58,62,129.95
59,62,129.966666667
60,62,129.983333333
61,62,130
62,62,130.016666667
63,62,130.033333333
64,62,130.05
65,62,130.066666667
66,62,130.083333333
67,62,130.1
68,62,130.116666667
69,62,130.133333333
70,62,130.15
71,62,130.166666667
72,62,130.183333333
73,62,130.2
74,62,130.216666667
75,62,130.233333333
76,62,130.25
77,62,130.266666667
78,62,130.283333333
79,62,130.3
80,62,130.316666667
81,62,130.333333333
82,62,130.35
83,62,130.366666667
84,62,130.383333333
85,62,130.4
86,62,130.416666667
87,62,130.433333333
88,62,130.45
89,62,130.466666667
90,62,130.483333333
91,62,130.5
92,62,130.516666667
93,62,130.533333333
94,62,130.55
95,62,130.566666667
96,62,130.583333333
97,62,130.6
98,62,130.616666667
99,62,130.633333333
100,62,130.65
101,62,130.666666667
102,62,130.683333333
103,62,130.7
104,62,130.716666667
105,62,130.733333333
106,62,130.75
107,62,130.766666667
108,62,130.783333333
109,62,130.8
110,62,130.816666667
111,62,130.833333333
112,62,130.85
113,62,130.866666667
114,62,130.883333333
115,62,130.9
116,62,130.916666667
117,62,130.933333333
118,62,130.95
119,62,130.966666667
120,62,130.983333333
1,63,131
2,63,131.016666667
3,63,131.033333333
4,63,131.05
5,63,131.066666667
6,63,131.083333333
7,63,131.1
8,63,131.116666667
9,63,131.133333333
10,63,131.15
11,63,131.166666667
12,63,131.183333333
13,63,131.2
14,63,131.216666667
15,63,131.233333333
16,63,131.25
17,63,131.266666667
18,63,131.283333333
19,63,131.3
20,63,131.316666667
21,63,131.333333333
22,63,131.35
23,63,131.366666667
24,63,131.383333333
25,63,131.4
26,63,131.416666667
27,63,131.433333333
28,63,131.45
29,63,131.466666667
30,63,131.483333333
31,63,131.5
32,63,131.516666667
33,63,131.533333333
34,63,131.55
35,63,131.566666667
36,63,131.583333333
37,63,131.6
38,63,131.616666667
39,63,131.633333333
40,63,131.65
41,63,131.666666667
42,63,131.683333333
43,63,131.7
44,63,131.716666667
45,63,131.733333333
46,63,131.75
47,63,131.766666667
48,63,131.783333333
49,63,131.8
50,63,131.816666667
51,63,131.833333333
52,63,131.85
53,63,131.866666667
54,63,131.883333333
55,63,131.9
56,63,131.916666667
57,63,131.933333333
58,63,131.95
59,63,131.966666667
60,63,131.983333333
61,63,132
62,63,132.016666667
63,63,132.033333333
64,63,132.05
65,63,132.066666667
66,63,132.083333333
67,63,132.1
68,63,132.116666667
69,63,132.133333333
70,63,132.15
71,63,132.166666667
72,63,132.183333333
73,63,132.2
74,63,132.216666667
75,63,132.233333333
76,63,132.25
77,63,132.266666667
78,63,132.283333333
79,63,132.3
80,63,132.316666667
81,63,132.333333333
82,63,132.35
83,63,132.366666667
84,63,132.383333333
85,63,132.4
86,63,132.416666667
87,63,132.433333333
88,63,132.45
89,63,132.466666667
90,63,132.483333333
91,63,132.5
92,63,132.516666667
93,63,132.533333333
94,63,132.55
95,63,132.566666667
96,63,132.583333333
97,63,132.6
98,63,132.616666667
99,63,132.633333333
100,63,132.65
101,63,132.666666667
102,63,132.683333333
103,63,132.7
104,63,132.716666667
105,63,132.733333333
106,63,132.75
107,63,132.766666667
108,63,132.783333333
109,63,132.8
110,63,132.816666667
111,63,132.833333333
112,63,132.85
113,63,132.866666667
114,63,132.883333333
115,63,132.9
116,63,132.916666667
117,63,132.933333333
118,63,132.95
119,63,132.966666667
120,63,132.983333333
1,64,133
2,64,133.016666667
3,64,133.033333333
4,64,133.05
5,64,133.066666667
6,64,133.083333333
7,64,133.1
8,64,133.116666667
9,64,133.133333333
10,64,133.15
11,64,133.166666667
12,64,133.183333333
13,64,133.2
14,64,133.216666667
15,64,133.233333333
16,64,133.25
17,64,133.266666667
18,64,133.283333333
19,64,133.3
20,64,133.316666667
21,64,133.333333333
22,64,133.35
23,64,133.366666667
24,64,133.383333333
25,64,133.4
26,64,133.416666667
27,64,133.433333333
28,64,133.45
29,64,133.466666667
30,64,133.483333333
31,64,133.5
32,64,133.516666667
33,64,133.533333333
34,64,133.55
35,64,133.566666667
36,64,133.583333333
37,64,133.6
38,64,133.616666667
39,64,133.633333333
40,64,133.65
41,64,133.666666667
42,64,133.683333333
43,64,133.7
44,64,133.716666667
45,64,133.733333333
46,64,133.75
47,64,133.766666667
48,64,133.783333333
49,64,133.8
50,64,133.816666667
51,64,133.833333333
52,64,133.85
53,64,133.866666667
54,64,133.883333333
55,64,133.9
56,64,133.916666667
57,64,133.933333333
58,64,133.95
59,64,133.966666667
60,64,133.983333333
61,64,134
62,64,134.016666667
63,64,134.033333333
64,64,134.05
65,64,134.066666667
66,64,134.083333333
67,64,134.1
68,64,134.116666667
69,64,134.133333333
70,64,134.15
71,64,134.166666667
72,64,134.183333333
73,64,134.2
74,64,134.216666667
75,64,134.233333333
76,64,134.25
77,64,134.266666667
78,64,134.283333333
79,64,134.3
80,64,134.316666667
81,64,134.333333333
82,64,134.35
83,64,134.366666667
84,64,134.383333333
85,64,134.4
86,64,134.416666667
87,64,134.433333333
88,64,134.45
89,64,134.466666667
90,64,134.483333333
91,64,134.5
92,64,134.516666667
93,64,134.533333333
94,64,134.55
95,64,134.566666667
96,64,134.583333333
97,64,134.6
98,64,134.616666667
99,64,134.633333333
100,64,134.65
101,64,134.666666667
102,64,134.683333333
103,64,134.7
104,64,134.716666667
105,64,134.733333333
106,64,134.75
107,64,134.766666667
108,64,134.783333333
109,64,134.8
110,64,134.816666667
111,64,134.833333333
112,64,134.85
113,64,134.866666667
114,64,134.883333333
115,64,134.9
116,64,134.916666667
117,64,134.933333333
118,64,134.95
119,64,134.966666667
120,64,134.983333333
1,65,135
2,65,135.016666667
3,65,135.033333333
4,65,135.05
5,65,135.066666667
6,65,135.083333333
7,65,135.1
8,65,135.116666667
9,65,135.133333333
10,65,135.15
11,65,135.166666667
12,65,135.183333333
13,65,135.2
14,65,135.216666667
15,65,135.233333333
16,65,135.25
17,65,135.266666667
18,65,135.283333333
19,65,135.3
20,65,135.316666667
21,65,135.333333333
22,65,135.35
23,65,135.366666667
24,65,135.383333333
25,65,135.4
26,65,135.416666667
27,65,135.433333333
28,65,135.45
29,65,135.466666667
30,65,135.483333333
31,65,135.5
32,65,135.516666667
33,65,135.533333333
34,65,135.55
35,65,135.566666667
36,65,135.583333333
37,65,135.6
38,65,135.616666667
39,65,135.633333333
40,65,135.65
41,65,135.666666667
42,65,135.683333333
43,65,135.7
44,65,135.716666667
45,65,135.733333333
46,65,135.75
47,65,135.766666667
48,65,135.783333333
49,65,135.8
50,65,135.816666667
51,65,135.833333333
52,65,135.85
53,65,135.866666667
54,65,135.883333333
55,65,135.9
56,65,135.916666667
57,65,135.933333333
58,65,135.95
59,65,135.966666667
60,65,135.983333333
61,65,136
62,65,136.016666667
63,65,136.033333333
64,65,136.05
65,65,136.066666667
66,65,136.083333333
67,65,136.1
68,65,136.116666667
69,65,136.133333333
70,65,136.15
71,65,136.166666667
72,65,136.183333333
73,65,136.2
74,65,136.216666667
75,65,136.233333333
76,65,136.25
77,65,136.266666667
78,65,136.283333333
79,65,136.3
80,65,136.316666667
81,65,136.333333333
82,65,136.35
83,65,136.366666667
84,65,136.383333333
85,65,136.4
86,65,136.416666667
87,65,136.433333333
88,65,136.45
89,65,136.466666667
90,65,136.483333333
91,65,136.5
92,65,136.516666667
93,65,136.533333333
94,65,136.55
95,65,136.566666667
96,65,136.583333333
97,65,136.6
98,65,136.616666667
99,65,136.633333333
100,65,136.65
101,65,136.666666667
102,65,136.683333333
103,65,136.7
104,65,136.716666667
105,65,136.733333333
106,65,136.75
107,65,136.766666667
108,65,136.783333333
109,65,136.8
110,65,136.816666667
111,65,136.833333333
112,65,136.85
113,65,136.866666667
114,65,136.883333333
115,65,136.9
116,65,136.916666667
117,65,136.933333333
118,65,136.95
119,65,136.966666667
120,65,136.983333333
1,66,137
2,66,137.016666667
3,66,137.033333333
4,66,137.05
5,66,137.066666667
6,66,137.083333333
7,66,137.1
8,66,137.116666667
9,66,137.133333333
10,66,137.15
11,66,137.166666667
12,66,137.183333333
13,66,137.2
14,66,137.216666667
15,66,137.233333333
16,66,137.25
17,66,137.266666667
18,66,137.283333333
19,66,137.3
20,66,137.316666667
21,66,137.333333333
22,66,137.35
23,66,137.366666667
24,66,137.383333333
25,66,137.4
26,66,137.416666667
27,66,137.433333333
28,66,137.45
29,66,137.466666667
30,66,137.483333333
31,66,137.5
32,66,137.516666667
33,66,137.533333333
34,66,137.55
35,66,137.566666667
36,66,137.583333333
37,66,137.6
38,66,137.616666667
39,66,137.633333333
40,66,137.65
41,66,137.666666667
42,66,137.683333333
43,66,137.7
44,66,137.716666667
45,66,137.733333333
46,66,137.75
47,66,137.766666667
48,66,137.783333333
49,66,137.8
50,66,137.816666667
51,66,137.833333333
52,66,137.85
53,66,137.866666667
54,66,137.883333333
55,66,137.9
56,66,137.916666667
57,66,137.933333333
58,66,137.95
59,66,137.966666667
60,66,137.983333333
61,66,138
62,66,138.016666667
63,66,138.033333333
64,66,138.05
65,66,138.066666667
66,66,138.083333333
67,66,138.1
68,66,138.116666667
69,66,138.133333333
70,66,138.15
71,66,138.166666667
72,66,138.183333333
73,66,138.2
74,66,138.216666667
75,66,138.233333333
76,66,138.25
77,66,138.266666667
78,66,138.283333333
79,66,138.3
80,66,138.316666667
81,66,138.333333333
82,66,138.35
83,66,138.366666667
84,66,138.383333333
85,66,138.4
86,66,138.416666667
87,66,138.433333333
88,66,138.45
89,66,138.466666667
90,66,138.483333333
91,66,138.5
92,66,138.516666667
93,66,138.533333333
94,66,138.55
95,66,138.566666667
96,66,138.583333333
97,66,138.6
98,66,138.616666667
99,66,138.633333333
100,66,138.65
101,66,138.666666667
102,66,138.683333333
103,66,138.7
104,66,138.716666667
105,66,138.733333333
106,66,138.75
107,66,138.766666667
108,66,138.783333333
109,66,138.8
110,66,138.816666667
111,66,138.833333333
112,66,138.85
113,66,138.866666667
114,66,138.883333333
115,66,138.9
116,66,138.916666667
117,66,138.933333333
118,66,138.95
119,66,138.966666667
120,66,138.983333333
1,67,139
2,67,139.016666667
3,67,139.033333333
4,67,139.05
5,67,139.066666667
6,67,139.083333333
7,67,139.1
8,67,139.116666667
9,67,139.133333333
10,67,139.15
11,67,139.166666667
12,67,139.183333333
13,67,139.2
14,67,139.216666667
15,67,139.233333333
16,67,139.25
17,67,139.266666667
18,67,139.283333333
19,67,139.3
20,67,139.316666667
21,67,139.333333333
22,67,139.35
23,67,139.366666667
24,67,139.383333333
25,67,139.4
26,67,139.416666667
27,67,139.433333333
28,67,139.45
29,67,139.466666667
30,67,139.483333333
31,67,139.5
32,67,139.516666667
33,67,139.533333333
34,67,139.55
35,67,139.566666667
36,67,139.583333333
37,67,139.6
38,67,139.616666667
39,67,139.633333333
40,67,139.65
41,67,139.666666667
42,67,139.683333333
43,67,139.7
44,67,139.716666667
45,67,139.733333333
46,67,139.75
47,67,139.766666667
48,67,139.783333333
49,67,139.8
50,67,139.816666667
51,67,139.833333333
52,67,139.85
53,67,139.866666667
54,67,139.883333333
55,67,139.9
56,67,139.916666667
57,67,139.933333333
58,67,139.95
59,67,139.966666667
60,67,139.983333333
61,67,140
62,67,140.016666667
63,67,140.033333333
64,67,140.05
65,67,140.066666667
66,67,140.083333333
67,67,140.1
68,67,140.116666667
69,67,140.133333333
70,67,140.15
71,67,140.166666667
72,67,140.183333333
73,67,140.2
74,67,140.216666667
75,67,140.233333333
76,67,140.25
77,67,140.266666667
78,67,140.283333333
79,67,140.3
80,67,140.316666667
81,67,140.333333333
82,67,140.35
83,67,140.366666667
84,67,140.383333333
85,67,140.4
86,67,140.416666667
87,67,140.433333333
88,67,140.45
89,67,140.466666667
90,67,140.483333333
91,67,140.5
92,67,140.516666667
93,67,140.533333333
94,67,140.55
95,67,140.566666667
96,67,140.583333333
97,67,140.6
98,67,140.616666667
99,67,140.633333333
100,67,140.65
101,67,140.666666667
102,67,140.683333333
103,67,140.7
104,67,140.716666667
105,67,140.733333333
106,67,140.75
107,67,140.766666667
108,67,140.783333333
109,67,140.8
110,67,140.816666667
111,67,140.833333333
112,67,140.85
113,67,140.866666667
114,67,140.883333333
115,67,140.9
116,67,140.916666667
117,67,140.933333333
118,67,140.95
119,67,140.966666667
120,67,140.983333333
1,68,141
2,68,141.016666667
3,68,141.033333333
4,68,141.05
5,68,141.066666667
6,68,141.083333333
7,68,141.1
8,68,141.116666667
9,68,141.133333333
10,68,141.15
11,68,141.166666667
12,68,141.183333333
13,68,141.2
14,68,141.216666667
15,68,141.233333333
16,68,141.25
17,68,141.266666667
18,68,141.283333333
19,68,141.3
20,68,141.316666667
21,68,141.333333333
22,68,141.35
23,68,141.366666667
24,68,141.383333333
25,68,141.4
26,68,141.416666667
27,68,141.433333333
28,68,141.45
29,68,141.466666667
30,68,141.483333333
31,68,141.5
32,68,141.516666667
33,68,141.533333333
34,68,141.55
35,68,141.566666667
36,68,141.583333333
37,68,141.6
38,68,141.616666667
39,68,141.633333333
40,68,141.65
41,68,141.666666667
42,68,141.683333333
43,68,141.7
44,68,141.716666667
45,68,141.733333333
46,68,141.75
47,68,141.766666667
48,68,141.783333333
49,68,141.8
50,68,141.816666667
51,68,141.833333333
52,68,141.85
53,68,141.866666667
54,68,141.883333333
55,68,141.9
56,68,141.916666667
57,68,141.933333333
58,68,141.95
59,68,141.966666667
60,68,141.983333333
61,68,142
62,68,142.016666667
63,68,142.033333333
64,68,142.05
65,68,142.066666667
66,68,142.083333333
67,68,142.1
68,68,142.116666667
69,68,142.133333333
70,68,142.15
71,68,142.166666667
72,68,142.183333333
73,68,142.2
74,68,142.216666667
75,68,142.233333333
76,68,142.25
77,68,142.266666667
78,68,142.283333333
79,68,142.3
80,68,142.316666667
81,68,142.333333333
82,68,142.35
83,68,142.366666667
84,68,142.383333333
85,68,142.4
86,68,142.416666667
87,68,142.433333333
88,68,142.45
89,68,142.466666667
90,68,142.483333333
91,68,142.5
92,68,142.516666667
93,68,142.533333333
94,68,142.55
95,68,142.566666667
96,68,142.583333333
97,68,142.6
98,68,142.616666667
99,68,142.633333333
100,68,142.65
101,68,142.666666667
102,68,142.683333333
103,68,142.7
104,68,142.716666667
105,68,142.733333333
106,68,142.75
107,68,142.766666667
108,68,142.783333333
109,68,142.8
110,68,142.816666667
111,68,142.833333333
112,68,142.85
113,68,142.866666667
114,68,142.883333333
115,68,142.9
116,68,142.916666667
117,68,142.933333333
118,68,142.95
119,68,142.966666667
120,68,142.983333333
1,69,143
2,69,143.016666667
3,69,143.033333333
4,69,143.05
5,69,143.066666667
6,69,143.083333333
7,69,143.1
8,69,143.116666667
9,69,143.133333333
10,69,143.15
11,69,143.166666667
12,69,143.183333333
13,69,143.2
14,69,143.216666667
15,69,143.233333333
16,69,143.25
17,69,143.266666667
18,69,143.283333333
19,69,143.3
20,69,143.316666667
21,69,143.333333333
22,69,143.35
23,69,143.366666667
24,69,143.383333333
25,69,143.4
26,69,143.416666667
27,69,143.433333333
28,69,143.45
29,69,143.466666667
30,69,143.483333333
31,69,143.5
32,69,143.516666667
33,69,143.533333333
34,69,143.55
35,69,143.566666667
36,69,143.583333333
37,69,143.6
38,69,143.616666667
39,69,143.633333333
40,69,143.65
41,69,143.666666667
42,69,143.683333333
43,69,143.7
44,69,143.716666667
45,69,143.733333333
46,69,143.75
47,69,143.766666667
48,69,143.783333333
49,69,143.8
50,69,143.816666667
51,69,143.833333333
52,69,143.85
53,69,143.866666667
54,69,143.883333333
55,69,143.9
56,69,143.916666667
57,69,143.933333333
58,69,143.95
59,69,143.966666667
60,69,143.983333333
61,69,144
62,69,144.016666667
63,69,144.033333333
64,69,144.05
65,69,144.066666667
66,69,144.083333333
67,69,144.1
68,69,144.116666667
69,69,144.133333333
70,69,144.15
71,69,144.166666667
72,69,144.183333333
73,69,144.2
74,69,144.216666667
75,69,144.233333333
76,69,144.25
77,69,144.266666667
78,69,144.283333333
79,69,144.3
80,69,144.316666667
81,69,144.333333333
82,69,144.35
83,69,144.366666667
84,69,144.383333333
85,69,144.4
86,69,144.416666667
87,69,144.433333333
88,69,144.45
89,69,144.466666667
90,69,144.483333333
91,69,144.5
92,69,144.516666667
93,69,144.533333333
94,69,144.55
95,69,144.566666667
96,69,144.583333333
97,69,144.6
98,69,144.616666667
99,69,144.633333333
100,69,144.65
101,69,144.666666667
102,69,144.683333333
103,69,144.7
104,69,144.716666667
105,69,144.733333333
106,69,144.75
107,69,144.766666667
108,69,144.783333333
109,69,144.8
110,69,144.816666667
111,69,144.833333333
112,69,144.85
113,69,144.866666667
114,69,144.883333333
115,69,144.9
116,69,144.916666667
117,69,144.933333333
118,69,144.95
119,69,144.966666667
120,69,144.983333333
1,70,145
2,70,145.016666667
3,70,145.033333333
4,70,145.05
5,70,145.066666667
6,70,145.083333333
7,70,145.1
8,70,145.116666667
9,70,145.133333333
10,70,145.15
11,70,145.166666667
12,70,145.183333333
13,70,145.2
14,70,145.216666667
15,70,145.233333333
16,70,145.25
17,70,145.266666667
18,70,145.283333333
19,70,145.3
20,70,145.316666667
21,70,145.333333333
22,70,145.35
23,70,145.366666667
24,70,145.383333333
25,70,145.4
26,70,145.416666667
27,70,145.433333333
28,70,145.45
29,70,145.466666667
30,70,145.483333333
31,70,145.5
32,70,145.516666667
33,70,145.533333333
34,70,145.55
35,70,145.566666667
36,70,145.583333333
37,70,145.6
38,70,145.616666667
39,70,145.633333333
40,70,145.65
41,70,145.666666667
42,70,145.683333333
43,70,145.7
44,70,145.716666667
45,70,145.733333333
46,70,145.75
47,70,145.766666667
48,70,145.783333333
49,70,145.8
50,70,145.816666667
51,70,145.833333333
52,70,145.85
53,70,145.866666667
54,70,145.883333333
55,70,145.9
56,70,145.916666667
57,70,145.933333333
58,70,145.95
59,70,145.966666667
60,70,145.983333333
61,70,146
62,70,146.016666667
63,70,146.033333333
64,70,146.05
65,70,146.066666667
66,70,146.083333333
67,70,146.1
68,70,146.116666667
69,70,146.133333333
70,70,146.15
71,70,146.166666667
72,70,146.183333333
73,70,146.2
74,70,146.216666667
75,70,146.233333333
76,70,146.25
77,70,146.266666667
78,70,146.283333333
79,70,146.3
80,70,146.316666667
81,70,146.333333333
82,70,146.35
83,70,146.366666667
84,70,146.383333333
85,70,146.4
86,70,146.416666667
87,70,146.433333333
88,70,146.45
89,70,146.466666667
90,70,146.483333333
91,70,146.5
92,70,146.516666667
93,70,146.533333333
94,70,146.55
95,70,146.566666667
96,70,146.583333333
97,70,146.6
98,70,146.616666667
99,70,146.633333333
100,70,146.65
101,70,146.666666667
102,70,146.683333333
103,70,146.7
104,70,146.716666667
105,70,146.733333333
106,70,146.75
107,70,146.766666667
108,70,146.783333333
109,70,146.8
110,70,146.816666667
111,70,146.833333333
112,70,146.85
113,70,146.866666667
114,70,146.883333333
115,70,146.9
116,70,146.916666667
117,70,146.933333333
118,70,146.95
119,70,146.966666667
120,70,146.983333333
1,71,147
2,71,147.016666667
3,71,147.033333333
4,71,147.05
5,71,147.066666667
6,71,147.083333333
7,71,147.1
8,71,147.116666667
9,71,147.133333333
10,71,147.15
11,71,147.166666667
12,71,147.183333333
13,71,147.2
14,71,147.216666667
15,71,147.233333333
16,71,147.25
17,71,147.266666667
18,71,147.283333333
19,71,147.3
20,71,147.316666667
21,71,147.333333333
22,71,147.35
23,71,147.366666667
24,71,147.383333333
25,71,147.4
26,71,147.416666667
27,71,147.433333333
28,71,147.45
29,71,147.466666667
30,71,147.483333333
31,71,147.5
32,71,147.516666667
33,71,147.533333333
34,71,147.55
35,71,147.566666667
36,71,147.583333333
37,71,147.6
38,71,147.616666667
39,71,147.633333333
40,71,147.65
41,71,147.666666667
42,71,147.683333333
43,71,147.7
44,71,147.716666667
45,71,147.733333333
46,71,147.75
47,71,147.766666667
48,71,147.783333333
49,71,147.8
50,71,147.816666667
51,71,147.833333333
52,71,147.85
53,71,147.866666667
54,71,147.883333333
55,71,147.9
56,71,147.916666667
57,71,147.933333333
58,71,147.95
59,71,147.966666667
60,71,147.983333333
61,71,148
62,71,148.016666667
63,71,148.033333333
64,71,148.05
65,71,148.066666667
66,71,148.083333333
67,71,148.1
68,71,148.116666667
69,71,148.133333333
70,71,148.15
71,71,148.166666667
72,71,148.183333333
73,71,148.2
74,71,148.216666667
75,71,148.233333333
76,71,148.25
77,71,148.266666667
78,71,148.283333333
79,71,148.3
80,71,148.316666667
81,71,148.333333333
82,71,148.35
83,71,148.366666667
84,71,148.383333333
85,71,148.4
86,71,148.416666667
87,71,148.433333333
88,71,148.45
89,71,148.466666667
90,71,148.483333333
91,71,148.5
92,71,148.516666667
93,71,148.533333333
94,71,148.55
95,71,148.566666667
96,71,148.583333333
97,71,148.6
98,71,148.616666667
99,71,148.633333333
100,71,148.65
101,71,148.666666667
102,71,148.683333333
103,71,148.7
104,71,148.716666667
105,71,148.733333333
106,71,148.75
107,71,148.766666667
108,71,148.783333333
109,71,148.8
110,71,148.816666667
111,71,148.833333333
112,71,148.85
113,71,148.866666667
114,71,148.883333333
115,71,148.9
116,71,148.916666667
117,71,148.933333333
118,71,148.95
119,71,148.966666667
120,71,148.983333333
1,72,149
2,72,149.016666667
3,72,149.033333333
4,72,149.05
5,72,149.066666667
6,72,149.083333333
7,72,149.1
8,72,149.116666667
9,72,149.133333333
10,72,149.15
11,72,149.166666667
12,72,149.183333333
13,72,149.2
14,72,149.216666667
15,72,149.233333333
16,72,149.25
17,72,149.266666667
18,72,149.283333333
19,72,149.3
20,72,149.316666667
21,72,149.333333333
22,72,149.35
23,72,149.366666667
24,72,149.383333333
25,72,149.4
26,72,149.416666667
27,72,149.433333333
28,72,149.45
29,72,149.466666667
30,72,149.483333333
31,72,149.5
32,72,149.516666667
33,72,149.533333333
34,72,149.55
35,72,149.566666667
36,72,149.583333333
37,72,149.6
38,72,149.616666667
39,72,149.633333333
40,72,149.65
41,72,149.666666667
42,72,149.683333333
43,72,149.7
44,72,149.716666667
45,72,149.733333333
46,72,149.75
47,72,149.766666667
48,72,149.783333333
49,72,149.8
50,72,149.816666667
51,72,149.833333333
52,72,149.85
53,72,149.866666667
54,72,149.883333333
55,72,149.9
56,72,149.916666667
57,72,149.933333333
58,72,149.95
59,72,149.966666667
60,72,149.983333333
61,72,150
62,72,150.016666667
63,72,150.033333333
64,72,150.05
65,72,150.066666667
66,72,150.083333333
67,72,150.1
68,72,150.116666667
69,72,150.133333333
70,72,150.15
71,72,150.166666667
72,72,150.183333333
73,72,150.2
74,72,150.216666667
75,72,150.233333333
76,72,150.25
77,72,150.266666667
78,72,150.283333333
79,72,150.3
80,72,150.316666667
81,72,150.333333333
82,72,150.35
83,72,150.366666667
84,72,150.383333333
85,72,150.4
86,72,150.416666667
87,72,150.433333333
88,72,150.45
89,72,150.466666667
90,72,150.483333333
91,72,150.5
92,72,150.516666667
93,72,150.533333333
94,72,150.55
95,72,150.566666667
96,72,150.583333333
97,72,150.6
98,72,150.616666667
99,72,150.633333333
100,72,150.65
101,72,150.666666667
102,72,150.683333333
103,72,150.7
104,72,150.716666667
105,72,150.733333333
106,72,150.75
107,72,150.766666667
108,72,150.783333333
109,72,150.8
110,72,150.816666667
111,72,150.833333333
112,72,150.85
113,72,150.866666667
114,72,150.883333333
115,72,150.9
116,72,150.916666667
117,72,150.933333333
118,72,150.95
119,72,150.966666667
120,72,150.983333333
1,73,151
2,73,151.016666667
3,73,151.033333333
4,73,151.05
5,73,151.066666667
6,73,151.083333333
7,73,151.1
8,73,151.116666667
9,73,151.133333333
10,73,151.15
11,73,151.166666667
12,73,151.183333333
13,73,151.2
14,73,151.216666667
15,73,151.233333333
16,73,151.25
17,73,151.266666667
18,73,151.283333333
19,73,151.3
20,73,151.316666667
21,73,151.333333333
22,73,151.35
23,73,151.366666667
24,73,151.383333333
25,73,151.4
26,73,151.416666667
27,73,151.433333333
28,73,151.45
29,73,151.466666667
30,73,151.483333333
31,73,151.5
32,73,151.516666667
33,73,151.533333333
34,73,151.55
35,73,151.566666667
36,73,151.583333333
37,73,151.6
38,73,151.616666667
39,73,151.633333333
40,73,151.65
41,73,151.666666667
42,73,151.683333333
43,73,151.7
44,73,151.716666667
45,73,151.733333333
46,73,151.75
47,73,151.766666667
48,73,151.783333333
49,73,151.8
50,73,151.816666667
51,73,151.833333333
52,73,151.85
53,73,151.866666667
54,73,151.883333333
55,73,151.9
56,73,151.916666667
57,73,151.933333333
58,73,151.95
59,73,151.966666667
60,73,151.983333333
61,73,152
62,73,152.016666667
63,73,152.033333333
64,73,152.05
65,73,152.066666667
66,73,152.083333333
67,73,152.1
68,73,152.116666667
69,73,152.133333333
70,73,152.15
71,73,152.166666667
72,73,152.183333333
73,73,152.2
74,73,152.216666667
75,73,152.233333333
76,73,152.25
77,73,152.266666667
78,73,152.283333333
79,73,152.3
80,73,152.316666667
81,73,152.333333333
82,73,152.35
83,73,152.366666667
84,73,152.383333333
85,73,152.4
86,73,152.416666667
87,73,152.433333333
88,73,152.45
89,73,152.466666667
90,73,152.483333333
91,73,152.5
92,73,152.516666667
93,73,152.533333333
94,73,152.55
95,73,152.566666667
96,73,152.583333333
97,73,152.6
98,73,152.616666667
99,73,152.633333333
100,73,152.65
101,73,152.666666667
102,73,152.683333333
103,73,152.7
104,73,152.716666667
105,73,152.733333333
106,73,152.75
107,73,152.766666667
108,73,152.783333333
109,73,152.8
110,73,152.816666667
111,73,152.833333333
112,73,152.85
113,73,152.866666667
114,73,152.883333333
115,73,152.9
116,73,152.916666667
117,73,152.933333333
118,73,152.95
119,73,152.966666667
120,73,152.983333333
1,74,153
2,74,153.016666667
3,74,153.033333333
4,74,153.05
5,74,153.066666667
6,74,153.083333333
7,74,153.1
8,74,153.116666667
9,74,153.133333333
10,74,153.15
11,74,153.166666667
12,74,153.183333333
13,74,153.2
14,74,153.216666667
15,74,153.233333333
16,74,153.25
17,74,153.266666667
18,74,153.283333333
19,74,153.3
20,74,153.316666667
21,74,153.333333333
22,74,153.35
23,74,153.366666667
24,74,153.383333333
25,74,153.4
26,74,153.416666667
27,74,153.433333333
28,74,153.45
29,74,153.466666667
30,74,153.483333333
31,74,153.5
32,74,153.516666667
33,74,153.533333333
34,74,153.55
35,74,153.566666667
36,74,153.583333333
37,74,153.6
38,74,153.616666667
39,74,153.633333333
40,74,153.65
41,74,153.666666667
42,74,153.683333333
43,74,153.7
44,74,153.716666667
45,74,153.733333333
46,74,153.75
47,74,153.766666667
48,74,153.783333333
49,74,153.8
50,74,153.816666667
51,74,153.833333333
52,74,153.85
53,74,153.866666667
54,74,153.883333333
55,74,153.9
56,74,153.916666667
57,74,153.933333333
58,74,153.95
59,74,153.966666667
60,74,153.983333333
61,74,154
62,74,154.016666667
63,74,154.033333333
64,74,154.05
65,74,154.066666667
66,74,154.083333333
67,74,154.1
68,74,154.116666667
69,74,154.133333333
70,74,154.15
71,74,154.166666667
72,74,154.183333333
73,74,154.2
74,74,154.216666667
75,74,154.233333333
76,74,154.25
77,74,154.266666667
78,74,154.283333333
79,74,154.3
80,74,154.316666667
81,74,154.333333333
82,74,154.35
83,74,154.366666667
84,74,154.383333333
85,74,154.4
86,74,154.416666667
87,74,154.433333333
88,74,154.45
89,74,154.466666667
90,74,154.483333333
91,74,154.5
92,74,154.516666667
93,74,154.533333333
94,74,154.55
95,74,154.566666667
96,74,154.583333333
97,74,154.6
98,74,154.616666667
99,74,154.633333333
100,74,154.65
101,74,154.666666667
102,74,154.683333333
103,74,154.7
104,74,154.716666667
105,74,154.733333333
106,74,154.75
107,74,154.766666667
108,74,154.783333333
109,74,154.8
110,74,154.816666667
111,74,154.833333333
112,74,154.85
113,74,154.866666667
114,74,154.883333333
115,74,154.9
116,74,154.916666667
117,74,154.933333333
118,74,154.95
119,74,154.966666667
120,74,154.983333333
1,75,155
2,75,155.016666667
3,75,155.033333333
4,75,155.05
5,75,155.066666667
6,75,155.083333333
7,75,155.1
8,75,155.116666667
9,75,155.133333333
10,75,155.15
11,75,155.166666667
12,75,155.183333333
13,75,155.2
14,75,155.216666667
15,75,155.233333333
16,75,155.25
17,75,155.266666667
18,75,155.283333333
19,75,155.3
20,75,155.316666667
21,75,155.333333333
22,75,155.35
23,75,155.366666667
24,75,155.383333333
25,75,155.4
26,75,155.416666667
27,75,155.433333333
28,75,155.45
29,75,155.466666667
30,75,155.483333333
31,75,155.5
32,75,155.516666667
33,75,155.533333333
34,75,155.55
35,75,155.566666667
36,75,155.583333333
37,75,155.6
38,75,155.616666667
39,75,155.633333333
40,75,155.65
41,75,155.666666667
42,75,155.683333333
43,75,155.7
44,75,155.716666667
45,75,155.733333333
46,75,155.75
47,75,155.766666667
48,75,155.783333333
49,75,155.8
50,75,155.816666667
51,75,155.833333333
52,75,155.85
53,75,155.866666667
54,75,155.883333333
55,75,155.9
56,75,155.916666667
57,75,155.933333333
58,75,155.95
59,75,155.966666667
60,75,155.983333333
61,75,156
62,75,156.016666667
63,75,156.033333333
64,75,156.05
65,75,156.066666667
66,75,156.083333333
67,75,156.1
68,75,156.116666667
69,75,156.133333333
70,75,156.15
71,75,156.166666667
72,75,156.183333333
73,75,156.2
74,75,156.216666667
75,75,156.233333333
76,75,156.25
77,75,156.266666667
78,75,156.283333333
79,75,156.3
80,75,156.316666667
81,75,156.333333333
82,75,156.35
83,75,156.366666667
84,75,156.383333333
85,75,156.4
86,75,156.416666667
87,75,156.433333333
88,75,156.45
89,75,156.466666667
90,75,156.483333333
91,75,156.5
92,75,156.516666667
93,75,156.533333333
94,75,156.55
95,75,156.566666667
96,75,156.583333333
97,75,156.6
98,75,156.616666667
99,75,156.633333333
100,75,156.65
101,75,156.666666667
102,75,156.683333333
103,75,156.7
104,75,156.716666667
105,75,156.733333333
106,75,156.75
107,75,156.766666667
108,75,156.783333333
109,75,156.8
110,75,156.816666667
111,75,156.833333333
112,75,156.85
113,75,156.866666667
114,75,156.883333333
115,75,156.9
116,75,156.916666667
117,75,156.933333333
118,75,156.95
119,75,156.966666667
120,75,156.983333333
1,76,157
2,76,157.016666667
3,76,157.033333333
4,76,157.05
5,76,157.066666667
6,76,157.083333333
7,76,157.1
8,76,157.116666667
9,76,157.133333333
10,76,157.15
11,76,157.166666667
12,76,157.183333333
13,76,157.2
14,76,157.216666667
15,76,157.233333333
16,76,157.25
17,76,157.266666667
18,76,157.283333333
19,76,157.3
20,76,157.316666667
21,76,157.333333333
22,76,157.35
23,76,157.366666667
24,76,157.383333333
25,76,157.4
26,76,157.416666667
27,76,157.433333333
28,76,157.45
29,76,157.466666667
30,76,157.483333333
31,76,157.5
32,76,157.516666667
33,76,157.533333333
34,76,157.55
35,76,157.566666667
36,76,157.583333333
37,76,157.6
38,76,157.616666667
39,76,157.633333333
40,76,157.65
41,76,157.666666667
42,76,157.683333333
43,76,157.7
44,76,157.716666667
45,76,157.733333333
46,76,157.75
47,76,157.766666667
48,76,157.783333333
49,76,157.8
50,76,157.816666667
51,76,157.833333333
52,76,157.85
53,76,157.866666667
54,76,157.883333333
55,76,157.9
56,76,157.916666667
57,76,157.933333333
58,76,157.95
59,76,157.966666667
60,76,157.983333333
61,76,158
62,76,158.016666667
63,76,158.033333333
64,76,158.05
65,76,158.066666667
66,76,158.083333333
67,76,158.1
68,76,158.116666667
69,76,158.133333333
70,76,158.15
71,76,158.166666667
72,76,158.183333333
73,76,158.2
74,76,158.216666667
75,76,158.233333333
76,76,158.25
77,76,158.266666667
78,76,158.283333333
79,76,158.3
80,76,158.316666667
81,76,158.333333333
82,76,158.35
83,76,158.366666667
84,76,158.383333333
85,76,158.4
86,76,158.416666667
87,76,158.433333333
88,76,158.45
89,76,158.466666667
90,76,158.483333333
91,76,158.5
92,76,158.516666667
93,76,158.533333333
94,76,158.55
95,76,158.566666667
96,76,158.583333333
97,76,158.6
98,76,158.616666667
99,76,158.633333333
100,76,158.65
101,76,158.666666667
102,76,158.683333333
103,76,158.7
104,76,158.716666667
105,76,158.733333333
106,76,158.75
107,76,158.766666667
108,76,158.783333333
109,76,158.8
110,76,158.816666667
111,76,158.833333333
112,76,158.85
113,76,158.866666667
114,76,158.883333333
115,76,158.9
116,76,158.916666667
117,76,158.933333333
118,76,158.95
119,76,158.966666667
120,76,158.983333333
1,77,159
2,77,159.016666667
3,77,159.033333333
4,77,159.05
5,77,159.066666667
6,77,159.083333333
7,77,159.1
8,77,159.116666667
9,77,159.133333333
10,77,159.15
11,77,159.166666667
12,77,159.183333333
13,77,159.2
14,77,159.216666667
15,77,159.233333333
16,77,159.25
17,77,159.266666667
18,77,159.283333333
19,77,159.3
20,77,159.316666667
21,77,159.333333333
22,77,159.35
23,77,159.366666667
24,77,159.383333333
25,77,159.4
26,77,159.416666667
27,77,159.433333333
28,77,159.45
29,77,159.466666667
30,77,159.483333333
31,77,159.5
32,77,159.516666667
33,77,159.533333333
34,77,159.55
35,77,159.566666667
36,77,159.583333333
37,77,159.6
38,77,159.616666667
39,77,159.633333333
40,77,159.65
41,77,159.666666667
42,77,159.683333333
43,77,159.7
44,77,159.716666667
45,77,159.733333333
46,77,159.75
47,77,159.766666667
48,77,159.783333333
49,77,159.8
50,77,159.816666667
51,77,159.833333333
52,77,159.85
53,77,159.866666667
54,77,159.883333333
55,77,159.9
56,77,159.916666667
57,77,159.933333333
58,77,159.95
59,77,159.966666667
60,77,159.983333333
61,77,160
62,77,160.016666667
63,77,160.033333333
64,77,160.05
65,77,160.066666667
66,77,160.083333333
67,77,160.1
68,77,160.116666667
69,77,160.133333333
70,77,160.15
71,77,160.166666667
72,77,160.183333333
73,77,160.2
74,77,160.216666667
75,77,160.233333333
76,77,160.25
77,77,160.266666667
78,77,160.283333333
79,77,160.3
80,77,160.316666667
81,77,160.333333333
82,77,160.35
83,77,160.366666667
84,77,160.383333333
85,77,160.4
86,77,160.416666667
87,77,160.433333333
88,77,160.45
89,77,160.466666667
90,77,160.483333333
91,77,160.5
92,77,160.516666667
93,77,160.533333333
94,77,160.55
95,77,160.566666667
96,77,160.583333333
97,77,160.6
98,77,160.616666667
99,77,160.633333333
100,77,160.65
101,77,160.666666667
102,77,160.683333333
103,77,160.7
104,77,160.716666667
105,77,160.733333333
106,77,160.75
107,77,160.766666667
108,77,160.783333333
109,77,160.8
110,77,160.816666667
111,77,160.833333333
112,77,160.85
113,77,160.866666667
114,77,160.883333333
115,77,160.9
116,77,160.916666667
117,77,160.933333333
118,77,160.95
119,77,160.966666667
120,77,160.983333333
1,78,161
2,78,161.016666667
3,78,161.033333333
4,78,161.05
5,78,161.066666667
6,78,161.083333333
7,78,161.1
8,78,161.116666667
9,78,161.133333333
10,78,161.15
11,78,161.166666667
12,78,161.183333333
13,78,161.2
14,78,161.216666667
15,78,161.233333333
16,78,161.25
17,78,161.266666667
18,78,161.283333333
19,78,161.3
20,78,161.316666667
21,78,161.333333333
22,78,161.35
23,78,161.366666667
24,78,161.383333333
25,78,161.4
26,78,161.416666667
27,78,161.433333333
28,78,161.45
29,78,161.466666667
30,78,161.483333333
31,78,161.5
32,78,161.516666667
33,78,161.533333333
34,78,161.55
35,78,161.566666667
36,78,161.583333333
37,78,161.6
38,78,161.616666667
39,78,161.633333333
40,78,161.65
41,78,161.666666667
42,78,161.683333333
43,78,161.7
44,78,161.716666667
45,78,161.733333333
46,78,161.75
47,78,161.766666667
48,78,161.783333333
49,78,161.8
50,78,161.816666667
51,78,161.833333333
52,78,161.85
53,78,161.866666667
54,78,161.883333333
55,78,161.9
56,78,161.916666667
57,78,161.933333333
58,78,161.95
59,78,161.966666667
60,78,161.983333333
61,78,162
62,78,162.016666667
63,78,162.033333333
64,78,162.05
65,78,162.066666667
66,78,162.083333333
67,78,162.1
68,78,162.116666667
69,78,162.133333333
70,78,162.15
71,78,162.166666667
72,78,162.183333333
73,78,162.2
74,78,162.216666667
75,78,162.233333333
76,78,162.25
77,78,162.266666667
78,78,162.283333333
79,78,162.3
80,78,162.316666667
81,78,162.333333333
82,78,162.35
83,78,162.366666667
84,78,162.383333333
85,78,162.4
86,78,162.416666667
87,78,162.433333333
88,78,162.45
89,78,162.466666667
90,78,162.483333333
91,78,162.5
92,78,162.516666667
93,78,162.533333333
94,78,162.55
95,78,162.566666667
96,78,162.583333333
97,78,162.6
98,78,162.616666667
99,78,162.633333333
100,78,162.65
101,78,162.666666667
102,78,162.683333333
103,78,162.7
104,78,162.716666667
105,78,162.733333333
106,78,162.75
107,78,162.766666667
108,78,162.783333333
109,78,162.8
110,78,162.816666667
111,78,162.833333333
112,78,162.85
113,78,162.866666667
114,78,162.883333333
115,78,162.9
116,78,162.916666667
117,78,162.933333333
118,78,162.95
119,78,162.966666667
120,78,162.983333333
1,79,163
2,79,163.016666667
3,79,163.033333333
4,79,163.05
5,79,163.066666667
6,79,163.083333333
7,79,163.1
8,79,163.116666667
9,79,163.133333333
10,79,163.15
11,79,163.166666667
12,79,163.183333333
13,79,163.2
14,79,163.216666667
15,79,163.233333333
16,79,163.25
17,79,163.266666667
18,79,163.283333333
19,79,163.3
20,79,163.316666667
21,79,163.333333333
22,79,163.35
23,79,163.366666667
24,79,163.383333333
25,79,163.4
26,79,163.416666667
27,79,163.433333333
28,79,163.45
29,79,163.466666667
30,79,163.483333333
31,79,163.5
32,79,163.516666667
33,79,163.533333333
34,79,163.55
35,79,163.566666667
36,79,163.583333333
37,79,163.6
38,79,163.616666667
39,79,163.633333333
40,79,163.65
41,79,163.666666667
42,79,163.683333333
43,79,163.7
44,79,163.716666667
45,79,163.733333333
46,79,163.75
47,79,163.766666667
48,79,163.783333333
49,79,163.8
50,79,163.816666667
51,79,163.833333333
52,79,163.85
53,79,163.866666667
54,79,163.883333333
55,79,163.9
56,79,163.916666667
57,79,163.933333333
58,79,163.95
59,79,163.966666667
60,79,163.983333333
61,79,164
62,79,164.016666667
63,79,164.033333333
64,79,164.05
65,79,164.066666667
66,79,164.083333333
67,79,164.1
68,79,164.116666667
69,79,164.133333333
70,79,164.15
71,79,164.166666667
72,79,164.183333333
73,79,164.2
74,79,164.216666667
75,79,164.233333333
76,79,164.25
77,79,164.266666667
78,79,164.283333333
79,79,164.3
80,79,164.316666667
81,79,164.333333333
82,79,164.35
83,79,164.366666667
84,79,164.383333333
85,79,164.4
86,79,164.416666667
87,79,164.433333333
88,79,164.45
89,79,164.466666667
90,79,164.483333333
91,79,164.5
92,79,164.516666667
93,79,164.533333333
94,79,164.55
95,79,164.566666667
96,79,164.583333333
97,79,164.6
98,79,164.616666667
99,79,164.633333333
100,79,164.65
101,79,164.666666667
102,79,164.683333333
103,79,164.7
104,79,164.716666667
105,79,164.733333333
106,79,164.75
107,79,164.766666667
108,79,164.783333333
109,79,164.8
110,79,164.816666667
111,79,164.833333333
112,79,164.85
113,79,164.866666667
114,79,164.883333333
115,79,164.9
116,79,164.916666667
117,79,164.933333333
118,79,164.95
119,79,164.966666667
120,79,164.983333333
1,80,165
2,80,165.016666667
3,80,165.033333333
4,80,165.05
5,80,165.066666667
6,80,165.083333333
7,80,165.1
8,80,165.116666667
9,80,165.133333333
10,80,165.15
11,80,165.166666667
12,80,165.183333333
13,80,165.2
14,80,165.216666667
15,80,165.233333333
16,80,165.25
17,80,165.266666667
18,80,165.283333333
19,80,165.3
20,80,165.316666667
21,80,165.333333333
22,80,165.35
23,80,165.366666667
24,80,165.383333333
25,80,165.4
26,80,165.416666667
27,80,165.433333333
28,80,165.45
29,80,165.466666667
30,80,165.483333333
31,80,165.5
32,80,165.516666667
33,80,165.533333333
34,80,165.55
35,80,165.566666667
36,80,165.583333333
37,80,165.6
38,80,165.616666667
39,80,165.633333333
40,80,165.65
41,80,165.666666667
42,80,165.683333333
43,80,165.7
44,80,165.716666667
45,80,165.733333333
46,80,165.75
47,80,165.766666667
48,80,165.783333333
49,80,165.8
50,80,165.816666667
51,80,165.833333333
52,80,165.85
53,80,165.866666667
54,80,165.883333333
55,80,165.9
56,80,165.916666667
57,80,165.933333333
58,80,165.95
59,80,165.966666667
60,80,165.983333333
61,80,166
62,80,166.016666667
63,80,166.033333333
64,80,166.05
65,80,166.066666667
66,80,166.083333333
67,80,166.1
68,80,166.116666667
69,80,166.133333333
70,80,166.15
71,80,166.166666667
72,80,166.183333333
73,80,166.2
74,80,166.216666667
75,80,166.233333333
76,80,166.25
77,80,166.266666667
78,80,166.283333333
79,80,166.3
80,80,166.316666667
81,80,166.333333333
82,80,166.35
83,80,166.366666667
84,80,166.383333333
85,80,166.4
86,80,166.416666667
87,80,166.433333333
88,80,166.45
89,80,166.466666667
90,80,166.483333333
91,80,166.5
92,80,166.516666667
93,80,166.533333333
94,80,166.55
95,80,166.566666667
96,80,166.583333333
97,80,166.6
98,80,166.616666667
99,80,166.633333333
100,80,166.65
101,80,166.666666667
102,80,166.683333333
103,80,166.7
104,80,166.716666667
105,80,166.733333333
106,80,166.75
107,80,166.766666667
108,80,166.783333333
109,80,166.8
110,80,166.816666667
111,80,166.833333333
112,80,166.85
113,80,166.866666667
114,80,166.883333333
115,80,166.9
116,80,166.916666667
117,80,166.933333333
118,80,166.95
119,80,166.966666667
120,80,166.983333333
1,81,167
2,81,167.016666667
3,81,167.033333333
4,81,167.05
5,81,167.066666667
6,81,167.083333333
7,81,167.1
8,81,167.116666667
9,81,167.133333333
10,81,167.15
11,81,167.166666667
12,81,167.183333333
13,81,167.2
14,81,167.216666667
15,81,167.233333333
16,81,167.25
17,81,167.266666667
18,81,167.283333333
19,81,167.3
20,81,167.316666667
21,81,167.333333333
22,81,167.35
23,81,167.366666667
24,81,167.383333333
25,81,167.4
26,81,167.416666667
27,81,167.433333333
28,81,167.45
29,81,167.466666667
30,81,167.483333333
31,81,167.5
32,81,167.516666667
33,81,167.533333333
34,81,167.55
35,81,167.566666667
36,81,167.583333333
37,81,167.6
38,81,167.616666667
39,81,167.633333333
40,81,167.65
41,81,167.666666667
42,81,167.683333333
43,81,167.7
44,81,167.716666667
45,81,167.733333333
46,81,167.75
47,81,167.766666667
48,81,167.783333333
49,81,167.8
50,81,167.816666667
51,81,167.833333333
52,81,167.85
53,81,167.866666667
54,81,167.883333333
55,81,167.9
56,81,167.916666667
57,81,167.933333333
58,81,167.95
59,81,167.966666667
60,81,167.983333333
61,81,168
62,81,168.016666667
63,81,168.033333333
64,81,168.05
65,81,168.066666667
66,81,168.083333333
67,81,168.1
68,81,168.116666667
69,81,168.133333333
70,81,168.15
71,81,168.166666667
72,81,168.183333333
73,81,168.2
74,81,168.216666667
75,81,168.233333333
76,81,168.25
77,81,168.266666667
78,81,168.283333333
79,81,168.3
80,81,168.316666667
81,81,168.333333333
82,81,168.35
83,81,168.366666667
84,81,168.383333333
85,81,168.4
86,81,168.416666667
87,81,168.433333333
88,81,168.45
89,81,168.466666667
90,81,168.483333333
91,81,168.5
92,81,168.516666667
93,81,168.533333333
94,81,168.55
95,81,168.566666667
96,81,168.583333333
97,81,168.6
98,81,168.616666667
99,81,168.633333333
100,81,168.65
101,81,168.666666667
102,81,168.683333333
103,81,168.7
104,81,168.716666667
105,81,168.733333333
106,81,168.75
107,81,168.766666667
108,81,168.783333333
109,81,168.8
110,81,168.816666667
111,81,168.833333333
112,81,168.85
113,81,168.866666667
114,81,168.883333333
115,81,168.9
116,81,168.916666667
117,81,168.933333333
118,81,168.95
119,81,168.966666667
120,81,168.983333333
1,82,169
2,82,169.016666667
3,82,169.033333333
4,82,169.05
5,82,169.066666667
6,82,169.083333333
7,82,169.1
8,82,169.116666667
9,82,169.133333333
10,82,169.15
11,82,169.166666667
12,82,169.183333333
13,82,169.2
14,82,169.216666667
15,82,169.233333333
16,82,169.25
17,82,169.266666667
18,82,169.283333333
19,82,169.3
20,82,169.316666667
21,82,169.333333333
22,82,169.35
23,82,169.366666667
24,82,169.383333333
25,82,169.4
26,82,169.416666667
27,82,169.433333333
28,82,169.45
29,82,169.466666667
30,82,169.483333333
31,82,169.5
32,82,169.516666667
33,82,169.533333333
34,82,169.55
35,82,169.566666667
36,82,169.583333333
37,82,169.6
38,82,169.616666667
39,82,169.633333333
40,82,169.65
41,82,169.666666667
42,82,169.683333333
43,82,169.7
44,82,169.716666667
45,82,169.733333333
46,82,169.75
47,82,169.766666667
48,82,169.783333333
49,82,169.8
50,82,169.816666667
51,82,169.833333333
52,82,169.85
53,82,169.866666667
54,82,169.883333333
55,82,169.9
56,82,169.916666667
57,82,169.933333333
58,82,169.95
59,82,169.966666667
60,82,169.983333333
61,82,170
62,82,170.016666667
63,82,170.033333333
64,82,170.05
65,82,170.066666667
66,82,170.083333333
67,82,170.1
68,82,170.116666667
69,82,170.133333333
70,82,170.15
71,82,170.166666667
72,82,170.183333333
73,82,170.2
74,82,170.216666667
75,82,170.233333333
76,82,170.25
77,82,170.266666667
78,82,170.283333333
79,82,170.3
80,82,170.316666667
81,82,170.333333333
82,82,170.35
83,82,170.366666667
84,82,170.383333333
85,82,170.4
86,82,170.416666667
87,82,170.433333333
88,82,170.45
89,82,170.466666667
90,82,170.483333333
91,82,170.5
92,82,170.516666667
93,82,170.533333333
94,82,170.55
95,82,170.566666667
96,82,170.583333333
97,82,170.6
98,82,170.616666667
99,82,170.633333333
100,82,170.65
101,82,170.666666667
102,82,170.683333333
103,82,170.7
104,82,170.716666667
105,82,170.733333333
106,82,170.75
107,82,170.766666667
108,82,170.783333333
109,82,170.8
110,82,170.816666667
111,82,170.833333333
112,82,170.85
113,82,170.866666667
114,82,170.883333333
115,82,170.9
116,82,170.916666667
117,82,170.933333333
118,82,170.95
119,82,170.966666667
120,82,170.983333333
1,83,171
2,83,171.016666667
3,83,171.033333333
4,83,171.05
5,83,171.066666667
6,83,171.083333333
7,83,171.1
8,83,171.116666667
9,83,171.133333333
10,83,171.15
11,83,171.166666667
12,83,171.183333333
13,83,171.2
14,83,171.216666667
15,83,171.233333333
16,83,171.25
17,83,171.266666667
18,83,171.283333333
19,83,171.3
20,83,171.316666667
21,83,171.333333333
22,83,171.35
23,83,171.366666667
24,83,171.383333333
25,83,171.4
26,83,171.416666667
27,83,171.433333333
28,83,171.45
29,83,171.466666667
30,83,171.483333333
31,83,171.5
32,83,171.516666667
33,83,171.533333333
34,83,171.55
35,83,171.566666667
36,83,171.583333333
37,83,171.6
38,83,171.616666667
39,83,171.633333333
40,83,171.65
41,83,171.666666667
42,83,171.683333333
43,83,171.7
44,83,171.716666667
45,83,171.733333333
46,83,171.75
47,83,171.766666667
48,83,171.783333333
49,83,171.8
50,83,171.816666667
51,83,171.833333333
52,83,171.85
53,83,171.866666667
54,83,171.883333333
55,83,171.9
56,83,171.916666667
57,83,171.933333333
58,83,171.95
59,83,171.966666667
60,83,171.983333333
61,83,172
62,83,172.016666667
63,83,172.033333333
64,83,172.05
65,83,172.066666667
66,83,172.083333333
67,83,172.1
68,83,172.116666667
69,83,172.133333333
70,83,172.15
71,83,172.166666667
72,83,172.183333333
73,83,172.2
74,83,172.216666667
75,83,172.233333333
76,83,172.25
77,83,172.266666667
78,83,172.283333333
79,83,172.3
80,83,172.316666667
81,83,172.333333333
82,83,172.35
83,83,172.366666667
84,83,172.383333333
85,83,172.4
86,83,172.416666667
87,83,172.433333333
88,83,172.45
89,83,172.466666667
90,83,172.483333333
91,83,172.5
92,83,172.516666667
93,83,172.533333333
94,83,172.55
95,83,172.566666667
96,83,172.583333333
97,83,172.6
98,83,172.616666667
99,83,172.633333333
100,83,172.65
101,83,172.666666667
102,83,172.683333333
103,83,172.7
104,83,172.716666667
105,83,172.733333333
106,83,172.75
107,83,172.766666667
108,83,172.783333333
109,83,172.8
110,83,172.816666667
111,83,172.833333333
112,83,172.85
113,83,172.866666667
114,83,172.883333333
115,83,172.9
116,83,172.916666667
117,83,172.933333333
118,83,172.95
119,83,172.966666667
120,83,172.983333333
1,84,173
2,84,173.016666667
3,84,173.033333333
4,84,173.05
5,84,173.066666667
6,84,173.083333333
7,84,173.1
8,84,173.116666667
9,84,173.133333333
10,84,173.15
11,84,173.166666667
12,84,173.183333333
13,84,173.2
14,84,173.216666667
15,84,173.233333333
16,84,173.25
17,84,173.266666667
18,84,173.283333333
19,84,173.3
20,84,173.316666667
21,84,173.333333333
22,84,173.35
23,84,173.366666667
24,84,173.383333333
25,84,173.4
26,84,173.416666667
27,84,173.433333333
28,84,173.45
29,84,173.466666667
30,84,173.483333333
31,84,173.5
32,84,173.516666667
33,84,173.533333333
34,84,173.55
35,84,173.566666667
36,84,173.583333333
37,84,173.6
38,84,173.616666667
39,84,173.633333333
40,84,173.65
41,84,173.666666667
42,84,173.683333333
43,84,173.7
44,84,173.716666667
45,84,173.733333333
46,84,173.75
47,84,173.766666667
48,84,173.783333333
49,84,173.8
50,84,173.816666667
51,84,173.833333333
52,84,173.85
53,84,173.866666667
54,84,173.883333333
55,84,173.9
56,84,173.916666667
57,84,173.933333333
58,84,173.95
59,84,173.966666667
60,84,173.983333333
61,84,174
62,84,174.016666667
63,84,174.033333333
64,84,174.05
65,84,174.066666667
66,84,174.083333333
67,84,174.1
68,84,174.116666667
69,84,174.133333333
70,84,174.15
71,84,174.166666667
72,84,174.183333333
73,84,174.2
74,84,174.216666667
75,84,174.233333333
76,84,174.25
77,84,174.266666667
78,84,174.283333333
79,84,174.3
80,84,174.316666667
81,84,174.333333333
82,84,174.35
83,84,174.366666667
84,84,174.383333333
85,84,174.4
86,84,174.416666667
87,84,174.433333333
88,84,174.45
89,84,174.466666667
90,84,174.483333333
91,84,174.5
92,84,174.516666667
93,84,174.533333333
94,84,174.55
95,84,174.566666667
96,84,174.583333333
97,84,174.6
98,84,174.616666667
99,84,174.633333333
100,84,174.65
101,84,174.666666667
102,84,174.683333333
103,84,174.7
104,84,174.716666667
105,84,174.733333333
106,84,174.75
107,84,174.766666667
108,84,174.783333333
109,84,174.8
110,84,174.816666667
111,84,174.833333333
112,84,174.85
113,84,174.866666667
114,84,174.883333333
115,84,174.9
116,84,174.916666667
117,84,174.933333333
118,84,174.95
119,84,174.966666667
120,84,174.983333333
1,85,175
2,85,175.016666667
3,85,175.033333333
4,85,175.05
5,85,175.066666667
6,85,175.083333333
7,85,175.1
8,85,175.116666667
9,85,175.133333333
10,85,175.15
11,85,175.166666667
12,85,175.183333333
13,85,175.2
14,85,175.216666667
15,85,175.233333333
16,85,175.25
17,85,175.266666667
18,85,175.283333333
19,85,175.3
20,85,175.316666667
21,85,175.333333333
22,85,175.35
23,85,175.366666667
24,85,175.383333333
25,85,175.4
26,85,175.416666667
27,85,175.433333333
28,85,175.45
29,85,175.466666667
30,85,175.483333333
31,85,175.5
32,85,175.516666667
33,85,175.533333333
34,85,175.55
35,85,175.566666667
36,85,175.583333333
37,85,175.6
38,85,175.616666667
39,85,175.633333333
40,85,175.65
41,85,175.666666667
42,85,175.683333333
43,85,175.7
44,85,175.716666667
45,85,175.733333333
46,85,175.75
47,85,175.766666667
48,85,175.783333333
49,85,175.8
50,85,175.816666667
51,85,175.833333333
52,85,175.85
53,85,175.866666667
54,85,175.883333333
55,85,175.9
56,85,175.916666667
57,85,175.933333333
58,85,175.95
59,85,175.966666667
60,85,175.983333333
61,85,176
62,85,176.016666667
63,85,176.033333333
64,85,176.05
65,85,176.066666667
66,85,176.083333333
67,85,176.1
68,85,176.116666667
69,85,176.133333333
70,85,176.15
71,85,176.166666667
72,85,176.183333333
73,85,176.2
74,85,176.216666667
75,85,176.233333333
76,85,176.25
77,85,176.266666667
78,85,176.283333333
79,85,176.3
80,85,176.316666667
81,85,176.333333333
82,85,176.35
83,85,176.366666667
84,85,176.383333333
85,85,176.4
86,85,176.416666667
87,85,176.433333333
88,85,176.45
89,85,176.466666667
90,85,176.483333333
91,85,176.5
92,85,176.516666667
93,85,176.533333333
94,85,176.55
95,85,176.566666667
96,85,176.583333333
97,85,176.6
98,85,176.616666667
99,85,176.633333333
100,85,176.65
101,85,176.666666667
102,85,176.683333333
103,85,176.7
104,85,176.716666667
105,85,176.733333333
106,85,176.75
107,85,176.766666667
108,85,176.783333333
109,85,176.8
110,85,176.816666667
111,85,176.833333333
112,85,176.85
113,85,176.866666667
114,85,176.883333333
115,85,176.9
116,85,176.916666667
117,85,176.933333333
118,85,176.95
119,85,176.966666667
120,85,176.983333333
1,86,177
2,86,177.016666667
3,86,177.033333333
4,86,177.05
5,86,177.066666667
6,86,177.083333333
7,86,177.1
8,86,177.116666667
9,86,177.133333333
10,86,177.15
11,86,177.166666667
12,86,177.183333333
13,86,177.2
14,86,177.216666667
15,86,177.233333333
16,86,177.25
17,86,177.266666667
18,86,177.283333333
19,86,177.3
20,86,177.316666667
21,86,177.333333333
22,86,177.35
23,86,177.366666667
24,86,177.383333333
25,86,177.4
26,86,177.416666667
27,86,177.433333333
28,86,177.45
29,86,177.466666667
30,86,177.483333333
31,86,177.5
32,86,177.516666667
33,86,177.533333333
34,86,177.55
35,86,177.566666667
36,86,177.583333333
37,86,177.6
38,86,177.616666667
39,86,177.633333333
40,86,177.65
41,86,177.666666667
42,86,177.683333333
43,86,177.7
44,86,177.716666667
45,86,177.733333333
46,86,177.75
47,86,177.766666667
48,86,177.783333333
49,86,177.8
50,86,177.816666667
51,86,177.833333333
52,86,177.85
53,86,177.866666667
54,86,177.883333333
55,86,177.9
56,86,177.916666667
57,86,177.933333333
58,86,177.95
59,86,177.966666667
60,86,177.983333333
61,86,178
62,86,178.016666667
63,86,178.033333333
64,86,178.05
65,86,178.066666667
66,86,178.083333333
67,86,178.1
68,86,178.116666667
69,86,178.133333333
70,86,178.15
71,86,178.166666667
72,86,178.183333333
73,86,178.2
74,86,178.216666667
75,86,178.233333333
76,86,178.25
77,86,178.266666667
78,86,178.283333333
79,86,178.3
80,86,178.316666667
81,86,178.333333333
82,86,178.35
83,86,178.366666667
84,86,178.383333333
85,86,178.4
86,86,178.416666667
87,86,178.433333333
88,86,178.45
89,86,178.466666667
90,86,178.483333333
91,86,178.5
92,86,178.516666667
93,86,178.533333333
94,86,178.55
95,86,178.566666667
96,86,178.583333333
97,86,178.6
98,86,178.616666667
99,86,178.633333333
100,86,178.65
101,86,178.666666667
102,86,178.683333333
103,86,178.7
104,86,178.716666667
105,86,178.733333333
106,86,178.75
107,86,178.766666667
108,86,178.783333333
109,86,178.8
110,86,178.816666667
111,86,178.833333333
112,86,178.85
113,86,178.866666667
114,86,178.883333333
115,86,178.9
116,86,178.916666667
117,86,178.933333333
118,86,178.95
119,86,178.966666667
120,86,178.983333333
1,87,179
2,87,179.016666667
3,87,179.033333333
4,87,179.05
5,87,179.066666667
6,87,179.083333333
7,87,179.1
8,87,179.116666667
9,87,179.133333333
10,87,179.15
11,87,179.166666667
12,87,179.183333333
13,87,179.2
14,87,179.216666667
15,87,179.233333333
16,87,179.25
17,87,179.266666667
18,87,179.283333333
19,87,179.3
20,87,179.316666667
21,87,179.333333333
22,87,179.35
23,87,179.366666667
24,87,179.383333333
25,87,179.4
26,87,179.416666667
27,87,179.433333333
28,87,179.45
29,87,179.466666667
30,87,179.483333333
31,87,179.5
32,87,179.516666667
33,87,179.533333333
34,87,179.55
35,87,179.566666667
36,87,179.583333333
37,87,179.6
38,87,179.616666667
39,87,179.633333333
40,87,179.65
41,87,179.666666667
42,87,179.683333333
43,87,179.7
44,87,179.716666667
45,87,179.733333333
46,87,179.75
47,87,179.766666667
48,87,179.783333333
49,87,179.8
50,87,179.816666667
51,87,179.833333333
52,87,179.85
53,87,179.866666667
54,87,179.883333333
55,87,179.9
56,87,179.916666667
57,87,179.933333333
58,87,179.95
59,87,179.966666667
60,87,179.983333333
61,87,180
62,87,180.016666667
63,87,180.033333333
64,87,180.05
65,87,180.066666667
66,87,180.083333333
67,87,180.1
68,87,180.116666667
69,87,180.133333333
70,87,180.15
71,87,180.166666667
72,87,180.183333333
73,87,180.2
74,87,180.216666667
75,87,180.233333333
76,87,180.25
77,87,180.266666667
78,87,180.283333333
79,87,180.3
80,87,180.316666667
81,87,180.333333333
82,87,180.35
83,87,180.366666667
84,87,180.383333333
85,87,180.4
86,87,180.416666667
87,87,180.433333333
88,87,180.45
89,87,180.466666667
90,87,180.483333333
91,87,180.5
92,87,180.516666667
93,87,180.533333333
94,87,180.55
95,87,180.566666667
96,87,180.583333333
97,87,180.6
98,87,180.616666667
99,87,180.633333333
100,87,180.65
101,87,180.666666667
102,87,180.683333333
103,87,180.7
104,87,180.716666667
105,87,180.733333333
106,87,180.75
107,87,180.766666667
108,87,180.783333333
109,87,180.8
110,87,180.816666667
111,87,180.833333333
112,87,180.85
113,87,180.866666667
114,87,180.883333333
115,87,180.9
116,87,180.916666667
117,87,180.933333333
118,87,180.95
119,87,180.966666667
120,87,180.983333333
1,88,181
2,88,181.016666667
3,88,181.033333333
4,88,181.05
5,88,181.066666667
6,88,181.083333333
7,88,181.1
8,88,181.116666667
9,88,181.133333333
10,88,181.15
11,88,181.166666667
12,88,181.183333333
13,88,181.2
14,88,181.216666667
15,88,181.233333333
16,88,181.25
17,88,181.266666667
18,88,181.283333333
19,88,181.3
20,88,181.316666667
21,88,181.333333333
22,88,181.35
23,88,181.366666667
24,88,181.383333333
25,88,181.4
26,88,181.416666667
27,88,181.433333333
28,88,181.45
29,88,181.466666667
30,88,181.483333333
31,88,181.5
32,88,181.516666667
33,88,181.533333333
34,88,181.55
35,88,181.566666667
36,88,181.583333333
37,88,181.6
38,88,181.616666667
39,88,181.633333333
40,88,181.65
41,88,181.666666667
42,88,181.683333333
43,88,181.7
44,88,181.716666667
45,88,181.733333333
46,88,181.75
47,88,181.766666667
48,88,181.783333333
49,88,181.8
50,88,181.816666667
51,88,181.833333333
52,88,181.85
53,88,181.866666667
54,88,181.883333333
55,88,181.9
56,88,181.916666667
57,88,181.933333333
58,88,181.95
59,88,181.966666667
60,88,181.983333333
61,88,182
62,88,182.016666667
63,88,182.033333333
64,88,182.05
65,88,182.066666667
66,88,182.083333333
67,88,182.1
68,88,182.116666667
69,88,182.133333333
70,88,182.15
71,88,182.166666667
72,88,182.183333333
73,88,182.2
74,88,182.216666667
75,88,182.233333333
76,88,182.25
77,88,182.266666667
78,88,182.283333333
79,88,182.3
80,88,182.316666667
81,88,182.333333333
82,88,182.35
83,88,182.366666667
84,88,182.383333333
85,88,182.4
86,88,182.416666667
87,88,182.433333333
88,88,182.45
89,88,182.466666667
90,88,182.483333333
91,88,182.5
92,88,182.516666667
93,88,182.533333333
94,88,182.55
95,88,182.566666667
96,88,182.583333333
97,88,182.6
98,88,182.616666667
99,88,182.633333333
100,88,182.65
101,88,182.666666667
102,88,182.683333333
103,88,182.7
104,88,182.716666667
105,88,182.733333333
106,88,182.75
107,88,182.766666667
108,88,182.783333333
109,88,182.8
110,88,182.816666667
111,88,182.833333333
112,88,182.85
113,88,182.866666667
114,88,182.883333333
115,88,182.9
116,88,182.916666667
117,88,182.933333333
118,88,182.95
119,88,182.966666667
120,88,182.983333333
1,89,183
2,89,183.016666667
3,89,183.033333333
4,89,183.05
5,89,183.066666667
6,89,183.083333333
7,89,183.1
8,89,183.116666667
9,89,183.133333333
10,89,183.15
11,89,183.166666667
12,89,183.183333333
13,89,183.2
14,89,183.216666667
15,89,183.233333333
16,89,183.25
17,89,183.266666667
18,89,183.283333333
19,89,183.3
20,89,183.316666667
21,89,183.333333333
22,89,183.35
23,89,183.366666667
24,89,183.383333333
25,89,183.4
26,89,183.416666667
27,89,183.433333333
28,89,183.45
29,89,183.466666667
30,89,183.483333333
31,89,183.5
32,89,183.516666667
33,89,183.533333333
34,89,183.55
35,89,183.566666667
36,89,183.583333333
37,89,183.6
38,89,183.616666667
39,89,183.633333333
40,89,183.65
41,89,183.666666667
42,89,183.683333333
43,89,183.7
44,89,183.716666667
45,89,183.733333333
46,89,183.75
47,89,183.766666667
48,89,183.783333333
49,89,183.8
50,89,183.816666667
51,89,183.833333333
52,89,183.85
53,89,183.866666667
54,89,183.883333333
55,89,183.9
56,89,183.916666667
57,89,183.933333333
58,89,183.95
59,89,183.966666667
60,89,183.983333333
61,89,184
62,89,184.016666667
63,89,184.033333333
64,89,184.05
65,89,184.066666667
66,89,184.083333333
67,89,184.1
68,89,184.116666667
69,89,184.133333333
70,89,184.15
71,89,184.166666667
72,89,184.183333333
73,89,184.2
74,89,184.216666667
75,89,184.233333333
76,89,184.25
77,89,184.266666667
78,89,184.283333333
79,89,184.3
80,89,184.316666667
81,89,184.333333333
82,89,184.35
83,89,184.366666667
84,89,184.383333333
85,89,184.4
86,89,184.416666667
87,89,184.433333333
88,89,184.45
89,89,184.466666667
90,89,184.483333333
91,89,184.5
92,89,184.516666667
93,89,184.533333333
94,89,184.55
95,89,184.566666667
96,89,184.583333333
97,89,184.6
98,89,184.616666667
99,89,184.633333333
100,89,184.65
101,89,184.666666667
102,89,184.683333333
103,89,184.7
104,89,184.716666667
105,89,184.733333333
106,89,184.75
107,89,184.766666667
108,89,184.783333333
109,89,184.8
110,89,184.816666667
111,89,184.833333333
112,89,184.85
113,89,184.866666667
114,89,184.883333333
115,89,184.9
116,89,184.916666667
117,89,184.933333333
118,89,184.95
119,89,184.966666667
120,89,184.983333333
1,90,185
2,90,185.016666667
3,90,185.033333333
4,90,185.05
5,90,185.066666667
6,90,185.083333333
7,90,185.1
8,90,185.116666667
9,90,185.133333333
10,90,185.15
11,90,185.166666667
12,90,185.183333333
13,90,185.2
14,90,185.216666667
15,90,185.233333333
16,90,185.25
17,90,185.266666667
18,90,185.283333333
19,90,185.3
20,90,185.316666667
21,90,185.333333333
22,90,185.35
23,90,185.366666667
24,90,185.383333333
25,90,185.4
26,90,185.416666667
27,90,185.433333333
28,90,185.45
29,90,185.466666667
30,90,185.483333333
31,90,185.5
32,90,185.516666667
33,90,185.533333333
34,90,185.55
35,90,185.566666667
36,90,185.583333333
37,90,185.6
38,90,185.616666667
39,90,185.633333333
40,90,185.65
41,90,185.666666667
42,90,185.683333333
43,90,185.7
44,90,185.716666667
45,90,185.733333333
46,90,185.75
47,90,185.766666667
48,90,185.783333333
49,90,185.8
50,90,185.816666667
51,90,185.833333333
52,90,185.85
53,90,185.866666667
54,90,185.883333333
55,90,185.9
56,90,185.916666667
57,90,185.933333333
58,90,185.95
59,90,185.966666667
60,90,185.983333333
61,90,186
62,90,186.016666667
63,90,186.033333333
64,90,186.05
65,90,186.066666667
66,90,186.083333333
67,90,186.1
68,90,186.116666667
69,90,186.133333333
70,90,186.15
71,90,186.166666667
72,90,186.183333333
73,90,186.2
74,90,186.216666667
75,90,186.233333333
76,90,186.25
77,90,186.266666667
78,90,186.283333333
79,90,186.3
80,90,186.316666667
81,90,186.333333333
82,90,186.35
83,90,186.366666667
84,90,186.383333333
85,90,186.4
86,90,186.416666667
87,90,186.433333333
88,90,186.45
89,90,186.466666667
90,90,186.483333333
91,90,186.5
92,90,186.516666667
93,90,186.533333333
94,90,186.55
95,90,186.566666667
96,90,186.583333333
97,90,186.6
98,90,186.616666667
99,90,186.633333333
100,90,186.65
101,90,186.666666667
102,90,186.683333333
103,90,186.7
104,90,186.716666667
105,90,186.733333333
106,90,186.75
107,90,186.766666667
108,90,186.783333333
109,90,186.8
110,90,186.816666667
111,90,186.833333333
112,90,186.85
113,90,186.866666667
114,90,186.883333333
115,90,186.9
116,90,186.916666667
117,90,186.933333333
118,90,186.95
119,90,186.966666667
120,90,186.983333333
1,91,187
2,91,187.016666667
3,91,187.033333333
4,91,187.05
5,91,187.066666667
6,91,187.083333333
7,91,187.1
8,91,187.116666667
9,91,187.133333333
10,91,187.15
11,91,187.166666667
12,91,187.183333333
13,91,187.2
14,91,187.216666667
15,91,187.233333333
16,91,187.25
17,91,187.266666667
18,91,187.283333333
19,91,187.3
20,91,187.316666667
21,91,187.333333333
22,91,187.35
23,91,187.366666667
24,91,187.383333333
25,91,187.4
26,91,187.416666667
27,91,187.433333333
28,91,187.45
29,91,187.466666667
30,91,187.483333333
31,91,187.5
32,91,187.516666667
33,91,187.533333333
34,91,187.55
35,91,187.566666667
36,91,187.583333333
37,91,187.6
38,91,187.616666667
39,91,187.633333333
40,91,187.65
41,91,187.666666667
42,91,187.683333333
43,91,187.7
44,91,187.716666667
45,91,187.733333333
46,91,187.75
47,91,187.766666667
48,91,187.783333333
49,91,187.8
50,91,187.816666667
51,91,187.833333333
52,91,187.85
53,91,187.866666667
54,91,187.883333333
55,91,187.9
56,91,187.916666667
57,91,187.933333333
58,91,187.95
59,91,187.966666667
60,91,187.983333333
61,91,188
62,91,188.016666667
63,91,188.033333333
64,91,188.05
65,91,188.066666667
66,91,188.083333333
67,91,188.1
68,91,188.116666667
69,91,188.133333333
70,91,188.15
71,91,188.166666667
72,91,188.183333333
73,91,188.2
74,91,188.216666667
75,91,188.233333333
76,91,188.25
77,91,188.266666667
78,91,188.283333333
79,91,188.3
80,91,188.316666667
81,91,188.333333333
82,91,188.35
83,91,188.366666667
84,91,188.383333333
85,91,188.4
86,91,188.416666667
87,91,188.433333333
88,91,188.45
89,91,188.466666667
90,91,188.483333333
91,91,188.5
92,91,188.516666667
93,91,188.533333333
94,91,188.55
95,91,188.566666667
96,91,188.583333333
97,91,188.6
98,91,188.616666667
99,91,188.633333333
100,91,188.65
101,91,188.666666667
102,91,188.683333333
103,91,188.7
104,91,188.716666667
105,91,188.733333333
106,91,188.75
107,91,188.766666667
108,91,188.783333333
109,91,188.8
110,91,188.816666667
111,91,188.833333333
112,91,188.85
113,91,188.866666667
114,91,188.883333333
115,91,188.9
116,91,188.916666667
117,91,188.933333333
118,91,188.95
119,91,188.966666667
120,91,188.983333333
1,92,189
2,92,189.016666667
3,92,189.033333333
4,92,189.05
5,92,189.066666667
6,92,189.083333333
7,92,189.1
8,92,189.116666667
9,92,189.133333333
10,92,189.15
11,92,189.166666667
12,92,189.183333333
13,92,189.2
14,92,189.216666667
15,92,189.233333333
16,92,189.25
17,92,189.266666667
18,92,189.283333333
19,92,189.3
20,92,189.316666667
21,92,189.333333333
22,92,189.35
23,92,189.366666667
24,92,189.383333333
25,92,189.4
26,92,189.416666667
27,92,189.433333333
28,92,189.45
29,92,189.466666667
30,92,189.483333333
31,92,189.5
32,92,189.516666667
33,92,189.533333333
34,92,189.55
35,92,189.566666667
36,92,189.583333333
37,92,189.6
38,92,189.616666667
39,92,189.633333333
40,92,189.65
41,92,189.666666667
42,92,189.683333333
43,92,189.7
44,92,189.716666667
45,92,189.733333333
46,92,189.75
47,92,189.766666667
48,92,189.783333333
49,92,189.8
50,92,189.816666667
51,92,189.833333333
52,92,189.85
53,92,189.866666667
54,92,189.883333333
55,92,189.9
56,92,189.916666667
57,92,189.933333333
58,92,189.95
59,92,189.966666667
60,92,189.983333333
61,92,190
62,92,190.016666667
63,92,190.033333333
64,92,190.05
65,92,190.066666667
66,92,190.083333333
67,92,190.1
68,92,190.116666667
69,92,190.133333333
70,92,190.15
71,92,190.166666667
72,92,190.183333333
73,92,190.2
74,92,190.216666667
75,92,190.233333333
76,92,190.25
77,92,190.266666667
78,92,190.283333333
79,92,190.3
80,92,190.316666667
81,92,190.333333333
82,92,190.35
83,92,190.366666667
84,92,190.383333333
85,92,190.4
86,92,190.416666667
87,92,190.433333333
88,92,190.45
89,92,190.466666667
90,92,190.483333333
91,92,190.5
92,92,190.516666667
93,92,190.533333333
94,92,190.55
95,92,190.566666667
96,92,190.583333333
97,92,190.6
98,92,190.616666667
99,92,190.633333333
100,92,190.65
101,92,190.666666667
102,92,190.683333333
103,92,190.7
104,92,190.716666667
105,92,190.733333333
106,92,190.75
107,92,190.766666667
108,92,190.783333333
109,92,190.8
110,92,190.816666667
111,92,190.833333333
112,92,190.85
113,92,190.866666667
114,92,190.883333333
115,92,190.9
116,92,190.916666667
117,92,190.933333333
118,92,190.95
119,92,190.966666667
120,92,190.983333333
1,93,191
2,93,191.016666667
3,93,191.033333333
4,93,191.05
5,93,191.066666667
6,93,191.083333333
7,93,191.1
8,93,191.116666667
9,93,191.133333333
10,93,191.15
11,93,191.166666667
12,93,191.183333333
13,93,191.2
14,93,191.216666667
15,93,191.233333333
16,93,191.25
17,93,191.266666667
18,93,191.283333333
19,93,191.3
20,93,191.316666667
21,93,191.333333333
22,93,191.35
23,93,191.366666667
24,93,191.383333333
25,93,191.4
26,93,191.416666667
27,93,191.433333333
28,93,191.45
29,93,191.466666667
30,93,191.483333333
31,93,191.5
32,93,191.516666667
33,93,191.533333333
34,93,191.55
35,93,191.566666667
36,93,191.583333333
37,93,191.6
38,93,191.616666667
39,93,191.633333333
40,93,191.65
41,93,191.666666667
42,93,191.683333333
43,93,191.7
44,93,191.716666667
45,93,191.733333333
46,93,191.75
47,93,191.766666667
48,93,191.783333333
49,93,191.8
50,93,191.816666667
51,93,191.833333333
52,93,191.85
53,93,191.866666667
54,93,191.883333333
55,93,191.9
56,93,191.916666667
57,93,191.933333333
58,93,191.95
59,93,191.966666667
60,93,191.983333333
61,93,192
62,93,192.016666667
63,93,192.033333333
64,93,192.05
65,93,192.066666667
66,93,192.083333333
67,93,192.1
68,93,192.116666667
69,93,192.133333333
70,93,192.15
71,93,192.166666667
72,93,192.183333333
73,93,192.2
74,93,192.216666667
75,93,192.233333333
76,93,192.25
77,93,192.266666667
78,93,192.283333333
79,93,192.3
80,93,192.316666667
81,93,192.333333333
82,93,192.35
83,93,192.366666667
84,93,192.383333333
85,93,192.4
86,93,192.416666667
87,93,192.433333333
88,93,192.45
89,93,192.466666667
90,93,192.483333333
91,93,192.5
92,93,192.516666667
93,93,192.533333333
94,93,192.55
95,93,192.566666667
96,93,192.583333333
97,93,192.6
98,93,192.616666667
99,93,192.633333333
100,93,192.65
101,93,192.666666667
102,93,192.683333333
103,93,192.7
104,93,192.716666667
105,93,192.733333333
106,93,192.75
107,93,192.766666667
108,93,192.783333333
109,93,192.8
110,93,192.816666667
111,93,192.833333333
112,93,192.85
113,93,192.866666667
114,93,192.883333333
115,93,192.9
116,93,192.916666667
117,93,192.933333333
118,93,192.95
119,93,192.966666667
120,93,192.983333333
1,94,193
2,94,193.016666667
3,94,193.033333333
4,94,193.05
5,94,193.066666667
6,94,193.083333333
7,94,193.1
8,94,193.116666667
9,94,193.133333333
10,94,193.15
11,94,193.166666667
12,94,193.183333333
13,94,193.2
14,94,193.216666667
15,94,193.233333333
16,94,193.25
17,94,193.266666667
18,94,193.283333333
19,94,193.3
20,94,193.316666667
21,94,193.333333333
22,94,193.35
23,94,193.366666667
24,94,193.383333333
25,94,193.4
26,94,193.416666667
27,94,193.433333333
28,94,193.45
29,94,193.466666667
30,94,193.483333333
31,94,193.5
32,94,193.516666667
33,94,193.533333333
34,94,193.55
35,94,193.566666667
36,94,193.583333333
37,94,193.6
38,94,193.616666667
39,94,193.633333333
40,94,193.65
41,94,193.666666667
42,94,193.683333333
43,94,193.7
44,94,193.716666667
45,94,193.733333333
46,94,193.75
47,94,193.766666667
48,94,193.783333333
49,94,193.8
50,94,193.816666667
51,94,193.833333333
52,94,193.85
53,94,193.866666667
54,94,193.883333333
55,94,193.9
56,94,193.916666667
57,94,193.933333333
58,94,193.95
59,94,193.966666667
60,94,193.983333333
61,94,194
62,94,194.016666667
63,94,194.033333333
64,94,194.05
65,94,194.066666667
66,94,194.083333333
67,94,194.1
68,94,194.116666667
69,94,194.133333333
70,94,194.15
71,94,194.166666667
72,94,194.183333333
73,94,194.2
74,94,194.216666667
75,94,194.233333333
76,94,194.25
77,94,194.266666667
78,94,194.283333333
79,94,194.3
80,94,194.316666667
81,94,194.333333333
82,94,194.35
83,94,194.366666667
84,94,194.383333333
85,94,194.4
86,94,194.416666667
87,94,194.433333333
88,94,194.45
89,94,194.466666667
90,94,194.483333333
91,94,194.5
92,94,194.516666667
93,94,194.533333333
94,94,194.55
95,94,194.566666667
96,94,194.583333333
97,94,194.6
98,94,194.616666667
99,94,194.633333333
100,94,194.65
101,94,194.666666667
102,94,194.683333333
103,94,194.7
104,94,194.716666667
105,94,194.733333333
106,94,194.75
107,94,194.766666667
108,94,194.783333333
109,94,194.8
110,94,194.816666667
111,94,194.833333333
112,94,194.85
113,94,194.866666667
114,94,194.883333333
115,94,194.9
116,94,194.916666667
117,94,194.933333333
118,94,194.95
119,94,194.966666667
120,94,194.983333333
1,95,195
2,95,195.016666667
3,95,195.033333333
4,95,195.05
5,95,195.066666667
6,95,195.083333333
7,95,195.1
8,95,195.116666667
9,95,195.133333333
10,95,195.15
11,95,195.166666667
12,95,195.183333333
13,95,195.2
14,95,195.216666667
15,95,195.233333333
16,95,195.25
17,95,195.266666667
18,95,195.283333333
19,95,195.3
20,95,195.316666667
21,95,195.333333333
22,95,195.35
23,95,195.366666667
24,95,195.383333333
25,95,195.4
26,95,195.416666667
27,95,195.433333333
28,95,195.45
29,95,195.466666667
30,95,195.483333333
31,95,195.5
32,95,195.516666667
33,95,195.533333333
34,95,195.55
35,95,195.566666667
36,95,195.583333333
37,95,195.6
38,95,195.616666667
39,95,195.633333333
40,95,195.65
41,95,195.666666667
42,95,195.683333333
43,95,195.7
44,95,195.716666667
45,95,195.733333333
46,95,195.75
47,95,195.766666667
48,95,195.783333333
49,95,195.8
50,95,195.816666667
51,95,195.833333333
52,95,195.85
53,95,195.866666667
54,95,195.883333333
55,95,195.9
56,95,195.916666667
57,95,195.933333333
58,95,195.95
59,95,195.966666667
60,95,195.983333333
61,95,196
62,95,196.016666667
63,95,196.033333333
64,95,196.05
65,95,196.066666667
66,95,196.083333333
67,95,196.1
68,95,196.116666667
69,95,196.133333333
70,95,196.15
71,95,196.166666667
72,95,196.183333333
73,95,196.2
74,95,196.216666667
75,95,196.233333333
76,95,196.25
77,95,196.266666667
78,95,196.283333333
79,95,196.3
80,95,196.316666667
81,95,196.333333333
82,95,196.35
83,95,196.366666667
84,95,196.383333333
85,95,196.4
86,95,196.416666667
87,95,196.433333333
88,95,196.45
89,95,196.466666667
90,95,196.483333333
91,95,196.5
92,95,196.516666667
93,95,196.533333333
94,95,196.55
95,95,196.566666667
96,95,196.583333333
97,95,196.6
98,95,196.616666667
99,95,196.633333333
100,95,196.65
101,95,196.666666667
102,95,196.683333333
103,95,196.7
104,95,196.716666667
105,95,196.733333333
106,95,196.75
107,95,196.766666667
108,95,196.783333333
109,95,196.8
110,95,196.816666667
111,95,196.833333333
112,95,196.85
113,95,196.866666667
114,95,196.883333333
115,95,196.9
116,95,196.916666667
117,95,196.933333333
118,95,196.95
119,95,196.966666667
120,95,196.983333333
1,96,197
2,96,197.016666667
3,96,197.033333333
4,96,197.05
5,96,197.066666667
6,96,197.083333333
7,96,197.1
8,96,197.116666667
9,96,197.133333333
10,96,197.15
11,96,197.166666667
12,96,197.183333333
13,96,197.2
14,96,197.216666667
15,96,197.233333333
16,96,197.25
17,96,197.266666667
18,96,197.283333333
19,96,197.3
20,96,197.316666667
21,96,197.333333333
22,96,197.35
23,96,197.366666667
24,96,197.383333333
25,96,197.4
26,96,197.416666667
27,96,197.433333333
28,96,197.45
29,96,197.466666667
30,96,197.483333333
31,96,197.5
32,96,197.516666667
33,96,197.533333333
34,96,197.55
35,96,197.566666667
36,96,197.583333333
37,96,197.6
38,96,197.616666667
39,96,197.633333333
40,96,197.65
41,96,197.666666667
42,96,197.683333333
43,96,197.7
44,96,197.716666667
45,96,197.733333333
46,96,197.75
47,96,197.766666667
48,96,197.783333333
49,96,197.8
50,96,197.816666667
51,96,197.833333333
52,96,197.85
53,96,197.866666667
54,96,197.883333333
55,96,197.9
56,96,197.916666667
57,96,197.933333333
58,96,197.95
59,96,197.966666667
60,96,197.983333333
61,96,198
62,96,198.016666667
63,96,198.033333333
64,96,198.05
65,96,198.066666667
66,96,198.083333333
67,96,198.1
68,96,198.116666667
69,96,198.133333333
70,96,198.15
71,96,198.166666667
72,96,198.183333333
73,96,198.2
74,96,198.216666667
75,96,198.233333333
76,96,198.25
77,96,198.266666667
78,96,198.283333333
79,96,198.3
80,96,198.316666667
81,96,198.333333333
82,96,198.35
83,96,198.366666667
84,96,198.383333333
85,96,198.4
86,96,198.416666667
87,96,198.433333333
88,96,198.45
89,96,198.466666667
90,96,198.483333333
91,96,198.5
92,96,198.516666667
93,96,198.533333333
94,96,198.55
95,96,198.566666667
96,96,198.583333333
97,96,198.6
98,96,198.616666667
99,96,198.633333333
100,96,198.65
101,96,198.666666667
102,96,198.683333333
103,96,198.7
104,96,198.716666667
105,96,198.733333333
106,96,198.75
107,96,198.766666667
108,96,198.783333333
109,96,198.8
110,96,198.816666667
111,96,198.833333333
112,96,198.85
113,96,198.866666667
114,96,198.883333333
115,96,198.9
116,96,198.916666667
117,96,198.933333333
118,96,198.95
119,96,198.966666667
120,96,198.983333333
1,97,199
2,97,199.016666667
3,97,199.033333333
4,97,199.05
5,97,199.066666667
6,97,199.083333333
7,97,199.1
8,97,199.116666667
9,97,199.133333333
10,97,199.15
11,97,199.166666667
12,97,199.183333333
13,97,199.2
14,97,199.216666667
15,97,199.233333333
16,97,199.25
17,97,199.266666667
18,97,199.283333333
19,97,199.3
20,97,199.316666667
21,97,199.333333333
22,97,199.35
23,97,199.366666667
24,97,199.383333333
25,97,199.4
26,97,199.416666667
27,97,199.433333333
28,97,199.45
29,97,199.466666667
30,97,199.483333333
31,97,199.5
32,97,199.516666667
33,97,199.533333333
34,97,199.55
35,97,199.566666667
36,97,199.583333333
37,97,199.6
38,97,199.616666667
39,97,199.633333333
40,97,199.65
41,97,199.666666667
42,97,199.683333333
43,97,199.7
44,97,199.716666667
45,97,199.733333333
46,97,199.75
47,97,199.766666667
48,97,199.783333333
49,97,199.8
50,97,199.816666667
51,97,199.833333333
52,97,199.85
53,97,199.866666667
54,97,199.883333333
55,97,199.9
56,97,199.916666667
57,97,199.933333333
58,97,199.95
59,97,199.966666667
60,97,199.983333333
61,97,200
62,97,200.016666667
63,97,200.033333333
64,97,200.05
65,97,200.066666667
66,97,200.083333333
67,97,200.1
68,97,200.116666667
69,97,200.133333333
70,97,200.15
71,97,200.166666667
72,97,200.183333333
73,97,200.2
74,97,200.216666667
75,97,200.233333333
76,97,200.25
77,97,200.266666667
78,97,200.283333333
79,97,200.3
80,97,200.316666667
81,97,200.333333333
82,97,200.35
83,97,200.366666667
84,97,200.383333333
85,97,200.4
86,97,200.416666667
87,97,200.433333333
88,97,200.45
89,97,200.466666667
90,97,200.483333333
91,97,200.5
92,97,200.516666667
93,97,200.533333333
94,97,200.55
95,97,200.566666667
96,97,200.583333333
97,97,200.6
98,97,200.616666667
99,97,200.633333333
100,97,200.65
101,97,200.666666667
102,97,200.683333333
103,97,200.7
104,97,200.716666667
105,97,200.733333333
106,97,200.75
107,97,200.766666667
108,97,200.783333333
109,97,200.8
110,97,200.816666667
111,97,200.833333333
112,97,200.85
113,97,200.866666667
114,97,200.883333333
115,97,200.9
116,97,200.916666667
117,97,200.933333333
118,97,200.95
119,97,200.966666667
120,97,200.983333333
1,98,201
2,98,201.016666667
3,98,201.033333333
4,98,201.05
5,98,201.066666667
6,98,201.083333333
7,98,201.1
8,98,201.116666667
9,98,201.133333333
10,98,201.15
11,98,201.166666667
12,98,201.183333333
13,98,201.2
14,98,201.216666667
15,98,201.233333333
16,98,201.25
17,98,201.266666667
18,98,201.283333333
19,98,201.3
20,98,201.316666667
21,98,201.333333333
22,98,201.35
23,98,201.366666667
24,98,201.383333333
25,98,201.4
26,98,201.416666667
27,98,201.433333333
28,98,201.45
29,98,201.466666667
30,98,201.483333333
31,98,201.5
32,98,201.516666667
33,98,201.533333333
34,98,201.55
35,98,201.566666667
36,98,201.583333333
37,98,201.6
38,98,201.616666667
39,98,201.633333333
40,98,201.65
41,98,201.666666667
42,98,201.683333333
43,98,201.7
44,98,201.716666667
45,98,201.733333333
46,98,201.75
47,98,201.766666667
48,98,201.783333333
49,98,201.8
50,98,201.816666667
51,98,201.833333333
52,98,201.85
53,98,201.866666667
54,98,201.883333333
55,98,201.9
56,98,201.916666667
57,98,201.933333333
58,98,201.95
59,98,201.966666667
60,98,201.983333333
61,98,202
62,98,202.016666667
63,98,202.033333333
64,98,202.05
65,98,202.066666667
66,98,202.083333333
67,98,202.1
68,98,202.116666667
69,98,202.133333333
70,98,202.15
71,98,202.166666667
72,98,202.183333333
73,98,202.2
74,98,202.216666667
75,98,202.233333333
76,98,202.25
77,98,202.266666667
78,98,202.283333333
79,98,202.3
80,98,202.316666667
81,98,202.333333333
82,98,202.35
83,98,202.366666667
84,98,202.383333333
85,98,202.4
86,98,202.416666667
87,98,202.433333333
88,98,202.45
89,98,202.466666667
90,98,202.483333333
91,98,202.5
92,98,202.516666667
93,98,202.533333333
94,98,202.55
95,98,202.566666667
96,98,202.583333333
97,98,202.6
98,98,202.616666667
99,98,202.633333333
100,98,202.65
101,98,202.666666667
102,98,202.683333333
103,98,202.7
104,98,202.716666667
105,98,202.733333333
106,98,202.75
107,98,202.766666667
108,98,202.783333333
109,98,202.8
110,98,202.816666667
111,98,202.833333333
112,98,202.85
113,98,202.866666667
114,98,202.883333333
115,98,202.9
116,98,202.916666667
117,98,202.933333333
118,98,202.95
119,98,202.966666667
120,98,202.983333333
1,99,203
2,99,203.016666667
3,99,203.033333333
4,99,203.05
5,99,203.066666667
6,99,203.083333333
7,99,203.1
8,99,203.116666667
9,99,203.133333333
10,99,203.15
11,99,203.166666667
12,99,203.183333333
13,99,203.2
14,99,203.216666667
15,99,203.233333333
16,99,203.25
17,99,203.266666667
18,99,203.283333333
19,99,203.3
20,99,203.316666667
21,99,203.333333333
22,99,203.35
23,99,203.366666667
24,99,203.383333333
25,99,203.4
26,99,203.416666667
27,99,203.433333333
28,99,203.45
29,99,203.466666667
30,99,203.483333333
31,99,203.5
32,99,203.516666667
33,99,203.533333333
34,99,203.55
35,99,203.566666667
36,99,203.583333333
37,99,203.6
38,99,203.616666667
39,99,203.633333333
40,99,203.65
41,99,203.666666667
42,99,203.683333333
43,99,203.7
44,99,203.716666667
45,99,203.733333333
46,99,203.75
47,99,203.766666667
48,99,203.783333333
49,99,203.8
50,99,203.816666667
51,99,203.833333333
52,99,203.85
53,99,203.866666667
54,99,203.883333333
55,99,203.9
56,99,203.916666667
57,99,203.933333333
58,99,203.95
59,99,203.966666667
60,99,203.983333333
61,99,204
62,99,204.016666667
63,99,204.033333333
64,99,204.05
65,99,204.066666667
66,99,204.083333333
67,99,204.1
68,99,204.116666667
69,99,204.133333333
70,99,204.15
71,99,204.166666667
72,99,204.183333333
73,99,204.2
74,99,204.216666667
75,99,204.233333333
76,99,204.25
77,99,204.266666667
78,99,204.283333333
79,99,204.3
80,99,204.316666667
81,99,204.333333333
82,99,204.35
83,99,204.366666667
84,99,204.383333333
85,99,204.4
86,99,204.416666667
87,99,204.433333333
88,99,204.45
89,99,204.466666667
90,99,204.483333333
91,99,204.5
92,99,204.516666667
93,99,204.533333333
94,99,204.55
95,99,204.566666667
96,99,204.583333333
97,99,204.6
98,99,204.616666667
99,99,204.633333333
100,99,204.65
101,99,204.666666667
102,99,204.683333333
103,99,204.7
104,99,204.716666667
105,99,204.733333333
106,99,204.75
107,99,204.766666667
108,99,204.783333333
109,99,204.8
110,99,204.816666667
111,99,204.833333333
112,99,204.85
113,99,204.866666667
114,99,204.883333333
115,99,204.9
116,99,204.916666667
117,99,204.933333333
118,99,204.95
119,99,204.966666667
120,99,204.983333333
1,100,205
2,100,205.016666667
3,100,205.033333333
4,100,205.05
5,100,205.066666667
6,100,205.083333333
7,100,205.1
8,100,205.116666667
9,100,205.133333333
10,100,205.15
11,100,205.166666667
12,100,205.183333333
13,100,205.2
14,100,205.216666667
15,100,205.233333333
16,100,205.25
17,100,205.266666667
18,100,205.283333333
19,100,205.3
20,100,205.316666667
21,100,205.333333333
22,100,205.35
23,100,205.366666667
24,100,205.383333333
25,100,205.4
26,100,205.416666667
27,100,205.433333333
28,100,205.45
29,100,205.466666667
30,100,205.483333333
31,100,205.5
32,100,205.516666667
33,100,205.533333333
34,100,205.55
35,100,205.566666667
36,100,205.583333333
37,100,205.6
38,100,205.616666667
39,100,205.633333333
40,100,205.65
41,100,205.666666667
42,100,205.683333333
43,100,205.7
44,100,205.716666667
45,100,205.733333333
46,100,205.75
47,100,205.766666667
48,100,205.783333333
49,100,205.8
50,100,205.816666667
51,100,205.833333333
52,100,205.85
53,100,205.866666667
54,100,205.883333333
55,100,205.9
56,100,205.916666667
57,100,205.933333333
58,100,205.95
59,100,205.966666667
60,100,205.983333333
61,100,206
62,100,206.016666667
63,100,206.033333333
64,100,206.05
65,100,206.066666667
66,100,206.083333333
67,100,206.1
68,100,206.116666667
69,100,206.133333333
70,100,206.15
71,100,206.166666667
72,100,206.183333333
73,100,206.2
74,100,206.216666667
75,100,206.233333333
76,100,206.25
77,100,206.266666667
78,100,206.283333333
79,100,206.3
80,100,206.316666667
81,100,206.333333333
82,100,206.35
83,100,206.366666667
84,100,206.383333333
85,100,206.4
86,100,206.416666667
87,100,206.433333333
88,100,206.45
89,100,206.466666667
90,100,206.483333333
91,100,206.5
92,100,206.516666667
93,100,206.533333333
94,100,206.55
95,100,206.566666667
96,100,206.583333333
97,100,206.6
98,100,206.616666667
99,100,206.633333333
100,100,206.65
101,100,206.666666667
102,100,206.683333333
103,100,206.7
104,100,206.716666667
105,100,206.733333333
106,100,206.75
107,100,206.766666667
108,100,206.783333333
109,100,206.8
110,100,206.816666667
111,100,206.833333333
112,100,206.85
113,100,206.866666667
114,100,206.883333333
115,100,206.9
116,100,206.916666667
117,100,206.933333333
118,100,206.95
119,100,206.966666667
120,100,206.983333333
1,101,207
2,101,207.016666667
3,101,207.033333333
4,101,207.05
5,101,207.066666667
6,101,207.083333333
7,101,207.1
8,101,207.116666667
9,101,207.133333333
10,101,207.15
11,101,207.166666667
12,101,207.183333333
13,101,207.2
14,101,207.216666667
15,101,207.233333333
16,101,207.25
17,101,207.266666667
18,101,207.283333333
19,101,207.3
20,101,207.316666667
21,101,207.333333333
22,101,207.35
23,101,207.366666667
24,101,207.383333333
25,101,207.4
26,101,207.416666667
27,101,207.433333333
28,101,207.45
29,101,207.466666667
30,101,207.483333333
31,101,207.5
32,101,207.516666667
33,101,207.533333333
34,101,207.55
35,101,207.566666667
36,101,207.583333333
37,101,207.6
38,101,207.616666667
39,101,207.633333333
40,101,207.65
41,101,207.666666667
42,101,207.683333333
43,101,207.7
44,101,207.716666667
45,101,207.733333333
46,101,207.75
47,101,207.766666667
48,101,207.783333333
49,101,207.8
50,101,207.816666667
51,101,207.833333333
52,101,207.85
53,101,207.866666667
54,101,207.883333333
55,101,207.9
56,101,207.916666667
57,101,207.933333333
58,101,207.95
59,101,207.966666667
60,101,207.983333333
61,101,208
62,101,208.016666667
63,101,208.033333333
64,101,208.05
65,101,208.066666667
66,101,208.083333333
67,101,208.1
68,101,208.116666667
69,101,208.133333333
70,101,208.15
71,101,208.166666667
72,101,208.183333333
73,101,208.2
74,101,208.216666667
75,101,208.233333333
76,101,208.25
77,101,208.266666667
78,101,208.283333333
79,101,208.3
80,101,208.316666667
81,101,208.333333333
82,101,208.35
83,101,208.366666667
84,101,208.383333333
85,101,208.4
86,101,208.416666667
87,101,208.433333333
88,101,208.45
89,101,208.466666667
90,101,208.483333333
91,101,208.5
92,101,208.516666667
93,101,208.533333333
94,101,208.55
95,101,208.566666667
96,101,208.583333333
97,101,208.6
98,101,208.616666667
99,101,208.633333333
100,101,208.65
101,101,208.666666667
102,101,208.683333333
103,101,208.7
104,101,208.716666667
105,101,208.733333333
106,101,208.75
107,101,208.766666667
108,101,208.783333333
109,101,208.8
110,101,208.816666667
111,101,208.833333333
112,101,208.85
113,101,208.866666667
114,101,208.883333333
115,101,208.9
116,101,208.916666667
117,101,208.933333333
118,101,208.95
119,101,208.966666667
120,101,208.983333333
1,102,209
2,102,209.016666667
3,102,209.033333333
4,102,209.05
5,102,209.066666667
6,102,209.083333333
7,102,209.1
8,102,209.116666667
9,102,209.133333333
10,102,209.15
11,102,209.166666667
12,102,209.183333333
13,102,209.2
14,102,209.216666667
15,102,209.233333333
16,102,209.25
17,102,209.266666667
18,102,209.283333333
19,102,209.3
20,102,209.316666667
21,102,209.333333333
22,102,209.35
23,102,209.366666667
24,102,209.383333333
25,102,209.4
26,102,209.416666667
27,102,209.433333333
28,102,209.45
29,102,209.466666667
30,102,209.483333333
31,102,209.5
32,102,209.516666667
33,102,209.533333333
34,102,209.55
35,102,209.566666667
36,102,209.583333333
37,102,209.6
38,102,209.616666667
39,102,209.633333333
40,102,209.65
41,102,209.666666667
42,102,209.683333333
43,102,209.7
44,102,209.716666667
45,102,209.733333333
46,102,209.75
47,102,209.766666667
48,102,209.783333333
49,102,209.8
50,102,209.816666667
51,102,209.833333333
52,102,209.85
53,102,209.866666667
54,102,209.883333333
55,102,209.9
56,102,209.916666667
57,102,209.933333333
58,102,209.95
59,102,209.966666667
60,102,209.983333333
61,102,210
62,102,210.016666667
63,102,210.033333333
64,102,210.05
65,102,210.066666667
66,102,210.083333333
67,102,210.1
68,102,210.116666667
69,102,210.133333333
70,102,210.15
71,102,210.166666667
72,102,210.183333333
73,102,210.2
74,102,210.216666667
75,102,210.233333333
76,102,210.25
77,102,210.266666667
78,102,210.283333333
79,102,210.3
80,102,210.316666667
81,102,210.333333333
82,102,210.35
83,102,210.366666667
84,102,210.383333333
85,102,210.4
86,102,210.416666667
87,102,210.433333333
88,102,210.45
89,102,210.466666667
90,102,210.483333333
91,102,210.5
92,102,210.516666667
93,102,210.533333333
94,102,210.55
95,102,210.566666667
96,102,210.583333333
97,102,210.6
98,102,210.616666667
99,102,210.633333333
100,102,210.65
101,102,210.666666667
102,102,210.683333333
103,102,210.7
104,102,210.716666667
105,102,210.733333333
106,102,210.75
107,102,210.766666667
108,102,210.783333333
109,102,210.8
110,102,210.816666667
111,102,210.833333333
112,102,210.85
113,102,210.866666667
114,102,210.883333333
115,102,210.9
116,102,210.916666667
117,102,210.933333333
118,102,210.95
119,102,210.966666667
120,102,210.983333333
1,103,211
2,103,211.016666667
3,103,211.033333333
4,103,211.05
5,103,211.066666667
6,103,211.083333333
7,103,211.1
8,103,211.116666667
9,103,211.133333333
10,103,211.15
11,103,211.166666667
12,103,211.183333333
13,103,211.2
14,103,211.216666667
15,103,211.233333333
16,103,211.25
17,103,211.266666667
18,103,211.283333333
19,103,211.3
20,103,211.316666667
21,103,211.333333333
22,103,211.35
23,103,211.366666667
24,103,211.383333333
25,103,211.4
26,103,211.416666667
27,103,211.433333333
28,103,211.45
29,103,211.466666667
30,103,211.483333333
31,103,211.5
32,103,211.516666667
33,103,211.533333333
34,103,211.55
35,103,211.566666667
36,103,211.583333333
37,103,211.6
38,103,211.616666667
39,103,211.633333333
40,103,211.65
41,103,211.666666667
42,103,211.683333333
43,103,211.7
44,103,211.716666667
45,103,211.733333333
46,103,211.75
47,103,211.766666667
48,103,211.783333333
49,103,211.8
50,103,211.816666667
51,103,211.833333333
52,103,211.85
53,103,211.866666667
54,103,211.883333333
55,103,211.9
56,103,211.916666667
57,103,211.933333333
58,103,211.95
59,103,211.966666667
60,103,211.983333333
61,103,212
62,103,212.016666667
63,103,212.033333333
64,103,212.05
65,103,212.066666667
66,103,212.083333333
67,103,212.1
68,103,212.116666667
69,103,212.133333333
70,103,212.15
71,103,212.166666667
72,103,212.183333333
73,103,212.2
74,103,212.216666667
75,103,212.233333333
76,103,212.25
77,103,212.266666667
78,103,212.283333333
79,103,212.3
80,103,212.316666667
81,103,212.333333333
82,103,212.35
83,103,212.366666667
84,103,212.383333333
85,103,212.4
86,103,212.416666667
87,103,212.433333333
88,103,212.45
89,103,212.466666667
90,103,212.483333333
91,103,212.5
92,103,212.516666667
93,103,212.533333333
94,103,212.55
95,103,212.566666667
96,103,212.583333333
97,103,212.6
98,103,212.616666667
99,103,212.633333333
100,103,212.65
101,103,212.666666667
102,103,212.683333333
103,103,212.7
104,103,212.716666667
105,103,212.733333333
106,103,212.75
107,103,212.766666667
108,103,212.783333333
109,103,212.8
110,103,212.816666667
111,103,212.833333333
112,103,212.85
113,103,212.866666667
114,103,212.883333333
115,103,212.9
116,103,212.916666667
117,103,212.933333333
118,103,212.95
119,103,212.966666667
120,103,212.983333333
1,104,213
2,104,213.016666667
3,104,213.033333333
4,104,213.05
5,104,213.066666667
6,104,213.083333333
7,104,213.1
8,104,213.116666667
9,104,213.133333333
10,104,213.15
11,104,213.166666667
12,104,213.183333333
13,104,213.2
14,104,213.216666667
15,104,213.233333333
16,104,213.25
17,104,213.266666667
18,104,213.283333333
19,104,213.3
20,104,213.316666667
21,104,213.333333333
22,104,213.35
23,104,213.366666667
24,104,213.383333333
25,104,213.4
26,104,213.416666667
27,104,213.433333333
28,104,213.45
29,104,213.466666667
30,104,213.483333333
31,104,213.5
32,104,213.516666667
33,104,213.533333333
34,104,213.55
35,104,213.566666667
36,104,213.583333333
37,104,213.6
38,104,213.616666667
39,104,213.633333333
40,104,213.65
41,104,213.666666667
42,104,213.683333333
43,104,213.7
44,104,213.716666667
45,104,213.733333333
46,104,213.75
47,104,213.766666667
48,104,213.783333333
49,104,213.8
50,104,213.816666667
51,104,213.833333333
52,104,213.85
53,104,213.866666667
54,104,213.883333333
55,104,213.9
56,104,213.916666667
57,104,213.933333333
58,104,213.95
59,104,213.966666667
60,104,213.983333333
61,104,214
62,104,214.016666667
63,104,214.033333333
64,104,214.05
65,104,214.066666667
66,104,214.083333333
67,104,214.1
68,104,214.116666667
69,104,214.133333333
70,104,214.15
71,104,214.166666667
72,104,214.183333333
73,104,214.2
74,104,214.216666667
75,104,214.233333333
76,104,214.25
77,104,214.266666667
78,104,214.283333333
79,104,214.3
80,104,214.316666667
81,104,214.333333333
82,104,214.35
83,104,214.366666667
84,104,214.383333333
85,104,214.4
86,104,214.416666667
87,104,214.433333333
88,104,214.45
89,104,214.466666667
90,104,214.483333333
91,104,214.5
92,104,214.516666667
93,104,214.533333333
94,104,214.55
95,104,214.566666667
96,104,214.583333333
97,104,214.6
98,104,214.616666667
99,104,214.633333333
100,104,214.65
101,104,214.666666667
102,104,214.683333333
103,104,214.7
104,104,214.716666667
105,104,214.733333333
106,104,214.75
107,104,214.766666667
108,104,214.783333333
109,104,214.8
110,104,214.816666667
111,104,214.833333333
112,104,214.85
113,104,214.866666667
114,104,214.883333333
115,104,214.9
116,104,214.916666667
117,104,214.933333333
118,104,214.95
119,104,214.966666667
120,104,214.983333333
1,105,215
2,105,215.016666667
3,105,215.033333333
4,105,215.05
5,105,215.066666667
6,105,215.083333333
7,105,215.1
8,105,215.116666667
9,105,215.133333333
10,105,215.15
11,105,215.166666667
12,105,215.183333333
13,105,215.2
14,105,215.216666667
15,105,215.233333333
16,105,215.25
17,105,215.266666667
18,105,215.283333333
19,105,215.3
20,105,215.316666667
21,105,215.333333333
22,105,215.35
23,105,215.366666667
24,105,215.383333333
25,105,215.4
26,105,215.416666667
27,105,215.433333333
28,105,215.45
29,105,215.466666667
30,105,215.483333333
31,105,215.5
32,105,215.516666667
33,105,215.533333333
34,105,215.55
35,105,215.566666667
36,105,215.583333333
37,105,215.6
38,105,215.616666667
39,105,215.633333333
40,105,215.65
41,105,215.666666667
42,105,215.683333333
43,105,215.7
44,105,215.716666667
45,105,215.733333333
46,105,215.75
47,105,215.766666667
48,105,215.783333333
49,105,215.8
50,105,215.816666667
51,105,215.833333333
52,105,215.85
53,105,215.866666667
54,105,215.883333333
55,105,215.9
56,105,215.916666667
57,105,215.933333333
58,105,215.95
59,105,215.966666667
60,105,215.983333333
61,105,216
62,105,216.016666667
63,105,216.033333333
64,105,216.05
65,105,216.066666667
66,105,216.083333333
67,105,216.1
68,105,216.116666667
69,105,216.133333333
70,105,216.15
71,105,216.166666667
72,105,216.183333333
73,105,216.2
74,105,216.216666667
75,105,216.233333333
76,105,216.25
77,105,216.266666667
78,105,216.283333333
79,105,216.3
80,105,216.316666667
81,105,216.333333333
82,105,216.35
83,105,216.366666667
84,105,216.383333333
85,105,216.4
86,105,216.416666667
87,105,216.433333333
88,105,216.45
89,105,216.466666667
90,105,216.483333333
91,105,216.5
92,105,216.516666667
93,105,216.533333333
94,105,216.55
95,105,216.566666667
96,105,216.583333333
97,105,216.6
98,105,216.616666667
99,105,216.633333333
100,105,216.65
101,105,216.666666667
102,105,216.683333333
103,105,216.7
104,105,216.716666667
105,105,216.733333333
106,105,216.75
107,105,216.766666667
108,105,216.783333333
109,105,216.8
110,105,216.816666667
111,105,216.833333333
112,105,216.85
113,105,216.866666667
114,105,216.883333333
115,105,216.9
116,105,216.916666667
117,105,216.933333333
118,105,216.95
119,105,216.966666667
120,105,216.983333333
1,106,217
2,106,217.016666667
3,106,217.033333333
4,106,217.05
5,106,217.066666667
6,106,217.083333333
7,106,217.1
8,106,217.116666667
9,106,217.133333333
10,106,217.15
11,106,217.166666667
12,106,217.183333333
13,106,217.2
14,106,217.216666667
15,106,217.233333333
16,106,217.25
17,106,217.266666667
18,106,217.283333333
19,106,217.3
20,106,217.316666667
21,106,217.333333333
22,106,217.35
23,106,217.366666667
24,106,217.383333333
25,106,217.4
26,106,217.416666667
27,106,217.433333333
28,106,217.45
29,106,217.466666667
30,106,217.483333333
31,106,217.5
32,106,217.516666667
33,106,217.533333333
34,106,217.55
35,106,217.566666667
36,106,217.583333333
37,106,217.6
38,106,217.616666667
39,106,217.633333333
40,106,217.65
41,106,217.666666667
42,106,217.683333333
43,106,217.7
44,106,217.716666667
45,106,217.733333333
46,106,217.75
47,106,217.766666667
48,106,217.783333333
49,106,217.8
50,106,217.816666667
51,106,217.833333333
52,106,217.85
53,106,217.866666667
54,106,217.883333333
55,106,217.9
56,106,217.916666667
57,106,217.933333333
58,106,217.95
59,106,217.966666667
60,106,217.983333333
61,106,218
62,106,218.016666667
63,106,218.033333333
64,106,218.05
65,106,218.066666667
66,106,218.083333333
67,106,218.1
68,106,218.116666667
69,106,218.133333333
70,106,218.15
71,106,218.166666667
72,106,218.183333333
73,106,218.2
74,106,218.216666667
75,106,218.233333333
76,106,218.25
77,106,218.266666667
78,106,218.283333333
79,106,218.3
80,106,218.316666667
81,106,218.333333333
82,106,218.35
83,106,218.366666667
84,106,218.383333333
85,106,218.4
86,106,218.416666667
87,106,218.433333333
88,106,218.45
89,106,218.466666667
90,106,218.483333333
91,106,218.5
92,106,218.516666667
93,106,218.533333333
94,106,218.55
95,106,218.566666667
96,106,218.583333333
97,106,218.6
98,106,218.616666667
99,106,218.633333333
100,106,218.65
101,106,218.666666667
102,106,218.683333333
103,106,218.7
104,106,218.716666667
105,106,218.733333333
106,106,218.75
107,106,218.766666667
108,106,218.783333333
109,106,218.8
110,106,218.816666667
111,106,218.833333333
112,106,218.85
113,106,218.866666667
114,106,218.883333333
115,106,218.9
116,106,218.916666667
117,106,218.933333333
118,106,218.95
119,106,218.966666667
120,106,218.983333333
1,107,219
2,107,219.016666667
3,107,219.033333333
4,107,219.05
5,107,219.066666667
6,107,219.083333333
7,107,219.1
8,107,219.116666667
9,107,219.133333333
10,107,219.15
11,107,219.166666667
12,107,219.183333333
13,107,219.2
14,107,219.216666667
15,107,219.233333333
16,107,219.25
17,107,219.266666667
18,107,219.283333333
19,107,219.3
20,107,219.316666667
21,107,219.333333333
22,107,219.35
23,107,219.366666667
24,107,219.383333333
25,107,219.4
26,107,219.416666667
27,107,219.433333333
28,107,219.45
29,107,219.466666667
30,107,219.483333333
31,107,219.5
32,107,219.516666667
33,107,219.533333333
34,107,219.55
35,107,219.566666667
36,107,219.583333333
37,107,219.6
38,107,219.616666667
39,107,219.633333333
40,107,219.65
41,107,219.666666667
42,107,219.683333333
43,107,219.7
44,107,219.716666667
45,107,219.733333333
46,107,219.75
47,107,219.766666667
48,107,219.783333333
49,107,219.8
50,107,219.816666667
51,107,219.833333333
52,107,219.85
53,107,219.866666667
54,107,219.883333333
55,107,219.9
56,107,219.916666667
57,107,219.933333333
58,107,219.95
59,107,219.966666667
60,107,219.983333333
61,107,220
62,107,220.016666667
63,107,220.033333333
64,107,220.05
65,107,220.066666667
66,107,220.083333333
67,107,220.1
68,107,220.116666667
69,107,220.133333333
70,107,220.15
71,107,220.166666667
72,107,220.183333333
73,107,220.2
74,107,220.216666667
75,107,220.233333333
76,107,220.25
77,107,220.266666667
78,107,220.283333333
79,107,220.3
80,107,220.316666667
81,107,220.333333333
82,107,220.35
83,107,220.366666667
84,107,220.383333333
85,107,220.4
86,107,220.416666667
87,107,220.433333333
88,107,220.45
89,107,220.466666667
90,107,220.483333333
91,107,220.5
92,107,220.516666667
93,107,220.533333333
94,107,220.55
95,107,220.566666667
96,107,220.583333333
97,107,220.6
98,107,220.616666667
99,107,220.633333333
100,107,220.65
101,107,220.666666667
102,107,220.683333333
103,107,220.7
104,107,220.716666667
105,107,220.733333333
106,107,220.75
107,107,220.766666667
108,107,220.783333333
109,107,220.8
110,107,220.816666667
111,107,220.833333333
112,107,220.85
113,107,220.866666667
114,107,220.883333333
115,107,220.9
116,107,220.916666667
117,107,220.933333333
118,107,220.95
119,107,220.966666667
120,107,220.983333333
1,108,221
2,108,221.016666667
3,108,221.033333333
4,108,221.05
5,108,221.066666667
6,108,221.083333333
7,108,221.1
8,108,221.116666667
9,108,221.133333333
10,108,221.15
11,108,221.166666667
12,108,221.183333333
13,108,221.2
14,108,221.216666667
15,108,221.233333333
16,108,221.25
17,108,221.266666667
18,108,221.283333333
19,108,221.3
20,108,221.316666667
21,108,221.333333333
22,108,221.35
23,108,221.366666667
24,108,221.383333333
25,108,221.4
26,108,221.416666667
27,108,221.433333333
28,108,221.45
29,108,221.466666667
30,108,221.483333333
31,108,221.5
32,108,221.516666667
33,108,221.533333333
34,108,221.55
35,108,221.566666667
36,108,221.583333333
37,108,221.6
38,108,221.616666667
39,108,221.633333333
40,108,221.65
41,108,221.666666667
42,108,221.683333333
43,108,221.7
44,108,221.716666667
45,108,221.733333333
46,108,221.75
47,108,221.766666667
48,108,221.783333333
49,108,221.8
50,108,221.816666667
51,108,221.833333333
52,108,221.85
53,108,221.866666667
54,108,221.883333333
55,108,221.9
56,108,221.916666667
57,108,221.933333333
58,108,221.95
59,108,221.966666667
60,108,221.983333333
61,108,222
62,108,222.016666667
63,108,222.033333333
64,108,222.05
65,108,222.066666667
66,108,222.083333333
67,108,222.1
68,108,222.116666667
69,108,222.133333333
70,108,222.15
71,108,222.166666667
72,108,222.183333333
73,108,222.2
74,108,222.216666667
75,108,222.233333333
76,108,222.25
77,108,222.266666667
78,108,222.283333333
79,108,222.3
80,108,222.316666667
81,108,222.333333333
82,108,222.35
83,108,222.366666667
84,108,222.383333333
85,108,222.4
86,108,222.416666667
87,108,222.433333333
88,108,222.45
89,108,222.466666667
90,108,222.483333333
91,108,222.5
92,108,222.516666667
93,108,222.533333333
94,108,222.55
95,108,222.566666667
96,108,222.583333333
97,108,222.6
98,108,222.616666667
99,108,222.633333333
100,108,222.65
101,108,222.666666667
102,108,222.683333333
103,108,222.7
104,108,222.716666667
105,108,222.733333333
106,108,222.75
107,108,222.766666667
108,108,222.783333333
109,108,222.8
110,108,222.816666667
111,108,222.833333333
112,108,222.85
113,108,222.866666667
114,108,222.883333333
115,108,222.9
116,108,222.916666667
117,108,222.933333333
118,108,222.95
119,108,222.966666667
120,108,222.983333333
1,109,223
2,109,223.016666667
3,109,223.033333333
4,109,223.05
5,109,223.066666667
6,109,223.083333333
7,109,223.1
8,109,223.116666667
9,109,223.133333333
10,109,223.15
11,109,223.166666667
12,109,223.183333333
13,109,223.2
14,109,223.216666667
15,109,223.233333333
16,109,223.25
17,109,223.266666667
18,109,223.283333333
19,109,223.3
20,109,223.316666667
21,109,223.333333333
22,109,223.35
23,109,223.366666667
24,109,223.383333333
25,109,223.4
26,109,223.416666667
27,109,223.433333333
28,109,223.45
29,109,223.466666667
30,109,223.483333333
31,109,223.5
32,109,223.516666667
33,109,223.533333333
34,109,223.55
35,109,223.566666667
36,109,223.583333333
37,109,223.6
38,109,223.616666667
39,109,223.633333333
40,109,223.65
41,109,223.666666667
42,109,223.683333333
43,109,223.7
44,109,223.716666667
45,109,223.733333333
46,109,223.75
47,109,223.766666667
48,109,223.783333333
49,109,223.8
50,109,223.816666667
51,109,223.833333333
52,109,223.85
53,109,223.866666667
54,109,223.883333333
55,109,223.9
56,109,223.916666667
57,109,223.933333333
58,109,223.95
59,109,223.966666667
60,109,223.983333333
61,109,224
62,109,224.016666667
63,109,224.033333333
64,109,224.05
65,109,224.066666667
66,109,224.083333333
67,109,224.1
68,109,224.116666667
69,109,224.133333333
70,109,224.15
71,109,224.166666667
72,109,224.183333333
73,109,224.2
74,109,224.216666667
75,109,224.233333333
76,109,224.25
77,109,224.266666667
78,109,224.283333333
79,109,224.3
80,109,224.316666667
81,109,224.333333333
82,109,224.35
83,109,224.366666667
84,109,224.383333333
85,109,224.4
86,109,224.416666667
87,109,224.433333333
88,109,224.45
89,109,224.466666667
90,109,224.483333333
91,109,224.5
92,109,224.516666667
93,109,224.533333333
94,109,224.55
95,109,224.566666667
96,109,224.583333333
97,109,224.6
98,109,224.616666667
99,109,224.633333333
100,109,224.65
101,109,224.666666667
102,109,224.683333333
103,109,224.7
104,109,224.716666667
105,109,224.733333333
106,109,224.75
107,109,224.766666667
108,109,224.783333333
109,109,224.8
110,109,224.816666667
111,109,224.833333333
112,109,224.85
113,109,224.866666667
114,109,224.883333333
115,109,224.9
116,109,224.916666667
117,109,224.933333333
118,109,224.95
119,109,224.966666667
120,109,224.983333333
1,110,225
2,110,225.016666667
3,110,225.033333333
4,110,225.05
5,110,225.066666667
6,110,225.083333333
7,110,225.1
8,110,225.116666667
9,110,225.133333333
10,110,225.15
11,110,225.166666667
12,110,225.183333333
13,110,225.2
14,110,225.216666667
15,110,225.233333333
16,110,225.25
17,110,225.266666667
18,110,225.283333333
19,110,225.3
20,110,225.316666667
21,110,225.333333333
22,110,225.35
23,110,225.366666667
24,110,225.383333333
25,110,225.4
26,110,225.416666667
27,110,225.433333333
28,110,225.45
29,110,225.466666667
30,110,225.483333333
31,110,225.5
32,110,225.516666667
33,110,225.533333333
34,110,225.55
35,110,225.566666667
36,110,225.583333333
37,110,225.6
38,110,225.616666667
39,110,225.633333333
40,110,225.65
41,110,225.666666667
42,110,225.683333333
43,110,225.7
44,110,225.716666667
45,110,225.733333333
46,110,225.75
47,110,225.766666667
48,110,225.783333333
49,110,225.8
50,110,225.816666667
51,110,225.833333333
52,110,225.85
53,110,225.866666667
54,110,225.883333333
55,110,225.9
56,110,225.916666667
57,110,225.933333333
58,110,225.95
59,110,225.966666667
60,110,225.983333333
61,110,226
62,110,226.016666667
63,110,226.033333333
64,110,226.05
65,110,226.066666667
66,110,226.083333333
67,110,226.1
68,110,226.116666667
69,110,226.133333333
70,110,226.15
71,110,226.166666667
72,110,226.183333333
73,110,226.2
74,110,226.216666667
75,110,226.233333333
76,110,226.25
77,110,226.266666667
78,110,226.283333333
79,110,226.3
80,110,226.316666667
81,110,226.333333333
82,110,226.35
83,110,226.366666667
84,110,226.383333333
85,110,226.4
86,110,226.416666667
87,110,226.433333333
88,110,226.45
89,110,226.466666667
90,110,226.483333333
91,110,226.5
92,110,226.516666667
93,110,226.533333333
94,110,226.55
95,110,226.566666667
96,110,226.583333333
97,110,226.6
98,110,226.616666667
99,110,226.633333333
100,110,226.65
101,110,226.666666667
102,110,226.683333333
103,110,226.7
104,110,226.716666667
105,110,226.733333333
106,110,226.75
107,110,226.766666667
108,110,226.783333333
109,110,226.8
110,110,226.816666667
111,110,226.833333333
112,110,226.85
113,110,226.866666667
114,110,226.883333333
115,110,226.9
116,110,226.916666667
117,110,226.933333333
118,110,226.95
119,110,226.966666667
120,110,226.983333333
1,111,227
2,111,227.016666667
3,111,227.033333333
4,111,227.05
5,111,227.066666667
6,111,227.083333333
7,111,227.1
8,111,227.116666667
9,111,227.133333333
10,111,227.15
11,111,227.166666667
12,111,227.183333333
13,111,227.2
14,111,227.216666667
15,111,227.233333333
16,111,227.25
17,111,227.266666667
18,111,227.283333333
19,111,227.3
20,111,227.316666667
21,111,227.333333333
22,111,227.35
23,111,227.366666667
24,111,227.383333333
25,111,227.4
26,111,227.416666667
27,111,227.433333333
28,111,227.45
29,111,227.466666667
30,111,227.483333333
31,111,227.5
32,111,227.516666667
33,111,227.533333333
34,111,227.55
35,111,227.566666667
36,111,227.583333333
37,111,227.6
38,111,227.616666667
39,111,227.633333333
40,111,227.65
41,111,227.666666667
42,111,227.683333333
43,111,227.7
44,111,227.716666667
45,111,227.733333333
46,111,227.75
47,111,227.766666667
48,111,227.783333333
49,111,227.8
50,111,227.816666667
51,111,227.833333333
52,111,227.85
53,111,227.866666667
54,111,227.883333333
55,111,227.9
56,111,227.916666667
57,111,227.933333333
58,111,227.95
59,111,227.966666667
60,111,227.983333333
61,111,228
62,111,228.016666667
63,111,228.033333333
64,111,228.05
65,111,228.066666667
66,111,228.083333333
67,111,228.1
68,111,228.116666667
69,111,228.133333333
70,111,228.15
71,111,228.166666667
72,111,228.183333333
73,111,228.2
74,111,228.216666667
75,111,228.233333333
76,111,228.25
77,111,228.266666667
78,111,228.283333333
79,111,228.3
80,111,228.316666667
81,111,228.333333333
82,111,228.35
83,111,228.366666667
84,111,228.383333333
85,111,228.4
86,111,228.416666667
87,111,228.433333333
88,111,228.45
89,111,228.466666667
90,111,228.483333333
91,111,228.5
92,111,228.516666667
93,111,228.533333333
94,111,228.55
95,111,228.566666667
96,111,228.583333333
97,111,228.6
98,111,228.616666667
99,111,228.633333333
100,111,228.65
101,111,228.666666667
102,111,228.683333333
103,111,228.7
104,111,228.716666667
105,111,228.733333333
106,111,228.75
107,111,228.766666667
108,111,228.783333333
109,111,228.8
110,111,228.816666667
111,111,228.833333333
112,111,228.85
113,111,228.866666667
114,111,228.883333333
115,111,228.9
116,111,228.916666667
117,111,228.933333333
118,111,228.95
119,111,228.966666667
120,111,228.983333333
1,112,229
2,112,229.016666667
3,112,229.033333333
4,112,229.05
5,112,229.066666667
6,112,229.083333333
7,112,229.1
8,112,229.116666667
9,112,229.133333333
10,112,229.15
11,112,229.166666667
12,112,229.183333333
13,112,229.2
14,112,229.216666667
15,112,229.233333333
16,112,229.25
17,112,229.266666667
18,112,229.283333333
19,112,229.3
20,112,229.316666667
21,112,229.333333333
22,112,229.35
23,112,229.366666667
24,112,229.383333333
25,112,229.4
26,112,229.416666667
27,112,229.433333333
28,112,229.45
29,112,229.466666667
30,112,229.483333333
31,112,229.5
32,112,229.516666667
33,112,229.533333333
34,112,229.55
35,112,229.566666667
36,112,229.583333333
37,112,229.6
38,112,229.616666667
39,112,229.633333333
40,112,229.65
41,112,229.666666667
42,112,229.683333333
43,112,229.7
44,112,229.716666667
45,112,229.733333333
46,112,229.75
47,112,229.766666667
48,112,229.783333333
49,112,229.8
50,112,229.816666667
51,112,229.833333333
52,112,229.85
53,112,229.866666667
54,112,229.883333333
55,112,229.9
56,112,229.916666667
57,112,229.933333333
58,112,229.95
59,112,229.966666667
60,112,229.983333333
61,112,230
62,112,230.016666667
63,112,230.033333333
64,112,230.05
65,112,230.066666667
66,112,230.083333333
67,112,230.1
68,112,230.116666667
69,112,230.133333333
70,112,230.15
71,112,230.166666667
72,112,230.183333333
73,112,230.2
74,112,230.216666667
75,112,230.233333333
76,112,230.25
77,112,230.266666667
78,112,230.283333333
79,112,230.3
80,112,230.316666667
81,112,230.333333333
82,112,230.35
83,112,230.366666667
84,112,230.383333333
85,112,230.4
86,112,230.416666667
87,112,230.433333333
88,112,230.45
89,112,230.466666667
90,112,230.483333333
91,112,230.5
92,112,230.516666667
93,112,230.533333333
94,112,230.55
95,112,230.566666667
96,112,230.583333333
97,112,230.6
98,112,230.616666667
99,112,230.633333333
100,112,230.65
101,112,230.666666667
102,112,230.683333333
103,112,230.7
104,112,230.716666667
105,112,230.733333333
106,112,230.75
107,112,230.766666667
108,112,230.783333333
109,112,230.8
110,112,230.816666667
111,112,230.833333333
112,112,230.85
113,112,230.866666667
114,112,230.883333333
115,112,230.9
116,112,230.916666667
117,112,230.933333333
118,112,230.95
119,112,230.966666667
120,112,230.983333333
1,113,231
2,113,231.016666667
3,113,231.033333333
4,113,231.05
5,113,231.066666667
6,113,231.083333333
7,113,231.1
8,113,231.116666667
9,113,231.133333333
10,113,231.15
11,113,231.166666667
12,113,231.183333333
13,113,231.2
14,113,231.216666667
15,113,231.233333333
16,113,231.25
17,113,231.266666667
18,113,231.283333333
19,113,231.3
20,113,231.316666667
21,113,231.333333333
22,113,231.35
23,113,231.366666667
24,113,231.383333333
25,113,231.4
26,113,231.416666667
27,113,231.433333333
28,113,231.45
29,113,231.466666667
30,113,231.483333333
31,113,231.5
32,113,231.516666667
33,113,231.533333333
34,113,231.55
35,113,231.566666667
36,113,231.583333333
37,113,231.6
38,113,231.616666667
39,113,231.633333333
40,113,231.65
41,113,231.666666667
42,113,231.683333333
43,113,231.7
44,113,231.716666667
45,113,231.733333333
46,113,231.75
47,113,231.766666667
48,113,231.783333333
49,113,231.8
50,113,231.816666667
51,113,231.833333333
52,113,231.85
53,113,231.866666667
54,113,231.883333333
55,113,231.9
56,113,231.916666667
57,113,231.933333333
58,113,231.95
59,113,231.966666667
60,113,231.983333333
61,113,232
62,113,232.016666667
63,113,232.033333333
64,113,232.05
65,113,232.066666667
66,113,232.083333333
67,113,232.1
68,113,232.116666667
69,113,232.133333333
70,113,232.15
71,113,232.166666667
72,113,232.183333333
73,113,232.2
74,113,232.216666667
75,113,232.233333333
76,113,232.25
77,113,232.266666667
78,113,232.283333333
79,113,232.3
80,113,232.316666667
81,113,232.333333333
82,113,232.35
83,113,232.366666667
84,113,232.383333333
85,113,232.4
86,113,232.416666667
87,113,232.433333333
88,113,232.45
89,113,232.466666667
90,113,232.483333333
91,113,232.5
92,113,232.516666667
93,113,232.533333333
94,113,232.55
95,113,232.566666667
96,113,232.583333333
97,113,232.6
98,113,232.616666667
99,113,232.633333333
100,113,232.65
101,113,232.666666667
102,113,232.683333333
103,113,232.7
104,113,232.716666667
105,113,232.733333333
106,113,232.75
107,113,232.766666667
108,113,232.783333333
109,113,232.8
110,113,232.816666667
111,113,232.833333333
112,113,232.85
113,113,232.866666667
114,113,232.883333333
115,113,232.9
116,113,232.916666667
117,113,232.933333333
118,113,232.95
119,113,232.966666667
120,113,232.983333333
1,114,233
2,114,233.016666667
3,114,233.033333333
4,114,233.05
5,114,233.066666667
6,114,233.083333333
7,114,233.1
8,114,233.116666667
9,114,233.133333333
10,114,233.15
11,114,233.166666667
12,114,233.183333333
13,114,233.2
14,114,233.216666667
15,114,233.233333333
16,114,233.25
17,114,233.266666667
18,114,233.283333333
19,114,233.3
20,114,233.316666667
21,114,233.333333333
22,114,233.35
23,114,233.366666667
24,114,233.383333333
25,114,233.4
26,114,233.416666667
27,114,233.433333333
28,114,233.45
29,114,233.466666667
30,114,233.483333333
31,114,233.5
32,114,233.516666667
33,114,233.533333333
34,114,233.55
35,114,233.566666667
36,114,233.583333333
37,114,233.6
38,114,233.616666667
39,114,233.633333333
40,114,233.65
41,114,233.666666667
42,114,233.683333333
43,114,233.7
44,114,233.716666667
45,114,233.733333333
46,114,233.75
47,114,233.766666667
48,114,233.783333333
49,114,233.8
50,114,233.816666667
51,114,233.833333333
52,114,233.85
53,114,233.866666667
54,114,233.883333333
55,114,233.9
56,114,233.916666667
57,114,233.933333333
58,114,233.95
59,114,233.966666667
60,114,233.983333333
61,114,234
62,114,234.016666667
63,114,234.033333333
64,114,234.05
65,114,234.066666667
66,114,234.083333333
67,114,234.1
68,114,234.116666667
69,114,234.133333333
70,114,234.15
71,114,234.166666667
72,114,234.183333333
73,114,234.2
74,114,234.216666667
75,114,234.233333333
76,114,234.25
77,114,234.266666667
78,114,234.283333333
79,114,234.3
80,114,234.316666667
81,114,234.333333333
82,114,234.35
83,114,234.366666667
84,114,234.383333333
85,114,234.4
86,114,234.416666667
87,114,234.433333333
88,114,234.45
89,114,234.466666667
90,114,234.483333333
91,114,234.5
92,114,234.516666667
93,114,234.533333333
94,114,234.55
95,114,234.566666667
96,114,234.583333333
97,114,234.6
98,114,234.616666667
99,114,234.633333333
100,114,234.65
101,114,234.666666667
102,114,234.683333333
103,114,234.7
104,114,234.716666667
105,114,234.733333333
106,114,234.75
107,114,234.766666667
108,114,234.783333333
109,114,234.8
110,114,234.816666667
111,114,234.833333333
112,114,234.85
113,114,234.866666667
114,114,234.883333333
115,114,234.9
116,114,234.916666667
117,114,234.933333333
118,114,234.95
119,114,234.966666667
120,114,234.983333333
1,115,235
2,115,235.016666667
3,115,235.033333333
4,115,235.05
5,115,235.066666667
6,115,235.083333333
7,115,235.1
8,115,235.116666667
9,115,235.133333333
10,115,235.15
11,115,235.166666667
12,115,235.183333333
13,115,235.2
14,115,235.216666667
15,115,235.233333333
16,115,235.25
17,115,235.266666667
18,115,235.283333333
19,115,235.3
20,115,235.316666667
21,115,235.333333333
22,115,235.35
23,115,235.366666667
24,115,235.383333333
25,115,235.4
26,115,235.416666667
27,115,235.433333333
28,115,235.45
29,115,235.466666667
30,115,235.483333333
31,115,235.5
32,115,235.516666667
33,115,235.533333333
34,115,235.55
35,115,235.566666667
36,115,235.583333333
37,115,235.6
38,115,235.616666667
39,115,235.633333333
40,115,235.65
41,115,235.666666667
42,115,235.683333333
43,115,235.7
44,115,235.716666667
45,115,235.733333333
46,115,235.75
47,115,235.766666667
48,115,235.783333333
49,115,235.8
50,115,235.816666667
51,115,235.833333333
52,115,235.85
53,115,235.866666667
54,115,235.883333333
55,115,235.9
56,115,235.916666667
57,115,235.933333333
58,115,235.95
59,115,235.966666667
60,115,235.983333333
61,115,236
62,115,236.016666667
63,115,236.033333333
64,115,236.05
65,115,236.066666667
66,115,236.083333333
67,115,236.1
68,115,236.116666667
69,115,236.133333333
70,115,236.15
71,115,236.166666667
72,115,236.183333333
73,115,236.2
74,115,236.216666667
75,115,236.233333333
76,115,236.25
77,115,236.266666667
78,115,236.283333333
79,115,236.3
80,115,236.316666667
81,115,236.333333333
82,115,236.35
83,115,236.366666667
84,115,236.383333333
85,115,236.4
86,115,236.416666667
87,115,236.433333333
88,115,236.45
89,115,236.466666667
90,115,236.483333333
91,115,236.5
92,115,236.516666667
93,115,236.533333333
94,115,236.55
95,115,236.566666667
96,115,236.583333333
97,115,236.6
98,115,236.616666667
99,115,236.633333333
100,115,236.65
101,115,236.666666667
102,115,236.683333333
103,115,236.7
104,115,236.716666667
105,115,236.733333333
106,115,236.75
107,115,236.766666667
108,115,236.783333333
109,115,236.8
110,115,236.816666667
111,115,236.833333333
112,115,236.85
113,115,236.866666667
114,115,236.883333333
115,115,236.9
116,115,236.916666667
117,115,236.933333333
118,115,236.95
119,115,236.966666667
120,115,236.983333333
1,116,237
2,116,237.016666667
3,116,237.033333333
4,116,237.05
5,116,237.066666667
6,116,237.083333333
7,116,237.1
8,116,237.116666667
9,116,237.133333333
10,116,237.15
11,116,237.166666667
12,116,237.183333333
13,116,237.2
14,116,237.216666667
15,116,237.233333333
16,116,237.25
17,116,237.266666667
18,116,237.283333333
19,116,237.3
20,116,237.316666667
21,116,237.333333333
22,116,237.35
23,116,237.366666667
24,116,237.383333333
25,116,237.4
26,116,237.416666667
27,116,237.433333333
28,116,237.45
29,116,237.466666667
30,116,237.483333333
31,116,237.5
32,116,237.516666667
33,116,237.533333333
34,116,237.55
35,116,237.566666667
36,116,237.583333333
37,116,237.6
38,116,237.616666667
39,116,237.633333333
40,116,237.65
41,116,237.666666667
42,116,237.683333333
43,116,237.7
44,116,237.716666667
45,116,237.733333333
46,116,237.75
47,116,237.766666667
48,116,237.783333333
49,116,237.8
50,116,237.816666667
51,116,237.833333333
52,116,237.85
53,116,237.866666667
54,116,237.883333333
55,116,237.9
56,116,237.916666667
57,116,237.933333333
58,116,237.95
59,116,237.966666667
60,116,237.983333333
61,116,238
62,116,238.016666667
63,116,238.033333333
64,116,238.05
65,116,238.066666667
66,116,238.083333333
67,116,238.1
68,116,238.116666667
69,116,238.133333333
70,116,238.15
71,116,238.166666667
72,116,238.183333333
73,116,238.2
74,116,238.216666667
75,116,238.233333333
76,116,238.25
77,116,238.266666667
78,116,238.283333333
79,116,238.3
80,116,238.316666667
81,116,238.333333333
82,116,238.35
83,116,238.366666667
84,116,238.383333333
85,116,238.4
86,116,238.416666667
87,116,238.433333333
88,116,238.45
89,116,238.466666667
90,116,238.483333333
91,116,238.5
92,116,238.516666667
93,116,238.533333333
94,116,238.55
95,116,238.566666667
96,116,238.583333333
97,116,238.6
98,116,238.616666667
99,116,238.633333333
100,116,238.65
101,116,238.666666667
102,116,238.683333333
103,116,238.7
104,116,238.716666667
105,116,238.733333333
106,116,238.75
107,116,238.766666667
108,116,238.783333333
109,116,238.8
110,116,238.816666667
111,116,238.833333333
112,116,238.85
113,116,238.866666667
114,116,238.883333333
115,116,238.9
116,116,238.916666667
117,116,238.933333333
118,116,238.95
119,116,238.966666667
120,116,238.983333333
1,117,239
2,117,239.016666667
3,117,239.033333333
4,117,239.05
5,117,239.066666667
6,117,239.083333333
7,117,239.1
8,117,239.116666667
9,117,239.133333333
10,117,239.15
11,117,239.166666667
12,117,239.183333333
13,117,239.2
14,117,239.216666667
15,117,239.233333333
16,117,239.25
17,117,239.266666667
18,117,239.283333333
19,117,239.3
20,117,239.316666667
21,117,239.333333333
22,117,239.35
23,117,239.366666667
24,117,239.383333333
25,117,239.4
26,117,239.416666667
27,117,239.433333333
28,117,239.45
29,117,239.466666667
30,117,239.483333333
31,117,239.5
32,117,239.516666667
33,117,239.533333333
34,117,239.55
35,117,239.566666667
36,117,239.583333333
37,117,239.6
38,117,239.616666667
39,117,239.633333333
40,117,239.65
41,117,239.666666667
42,117,239.683333333
43,117,239.7
44,117,239.716666667
45,117,239.733333333
46,117,239.75
47,117,239.766666667
48,117,239.783333333
49,117,239.8
50,117,239.816666667
51,117,239.833333333
52,117,239.85
53,117,239.866666667
54,117,239.883333333
55,117,239.9
56,117,239.916666667
57,117,239.933333333
58,117,239.95
59,117,239.966666667
60,117,239.983333333
61,117,240
62,117,240.016666667
63,117,240.033333333
64,117,240.05
65,117,240.066666667
66,117,240.083333333
67,117,240.1
68,117,240.116666667
69,117,240.133333333
70,117,240.15
71,117,240.166666667
72,117,240.183333333
73,117,240.2
74,117,240.216666667
75,117,240.233333333
76,117,240.25
77,117,240.266666667
78,117,240.283333333
79,117,240.3
80,117,240.316666667
81,117,240.333333333
82,117,240.35
83,117,240.366666667
84,117,240.383333333
85,117,240.4
86,117,240.416666667
87,117,240.433333333
88,117,240.45
89,117,240.466666667
90,117,240.483333333
91,117,240.5
92,117,240.516666667
93,117,240.533333333
94,117,240.55
95,117,240.566666667
96,117,240.583333333
97,117,240.6
98,117,240.616666667
99,117,240.633333333
100,117,240.65
101,117,240.666666667
102,117,240.683333333
103,117,240.7
104,117,240.716666667
105,117,240.733333333
106,117,240.75
107,117,240.766666667
108,117,240.783333333
109,117,240.8
110,117,240.816666667
111,117,240.833333333
112,117,240.85
113,117,240.866666667
114,117,240.883333333
115,117,240.9
116,117,240.916666667
117,117,240.933333333
118,117,240.95
119,117,240.966666667
120,117,240.983333333
1,118,241
2,118,241.016666667
3,118,241.033333333
4,118,241.05
5,118,241.066666667
6,118,241.083333333
7,118,241.1
8,118,241.116666667
9,118,241.133333333
10,118,241.15
11,118,241.166666667
12,118,241.183333333
13,118,241.2
14,118,241.216666667
15,118,241.233333333
16,118,241.25
17,118,241.266666667
18,118,241.283333333
19,118,241.3
20,118,241.316666667
21,118,241.333333333
22,118,241.35
23,118,241.366666667
24,118,241.383333333
25,118,241.4
26,118,241.416666667
27,118,241.433333333
28,118,241.45
29,118,241.466666667
30,118,241.483333333
31,118,241.5
32,118,241.516666667
33,118,241.533333333
34,118,241.55
35,118,241.566666667
36,118,241.583333333
37,118,241.6
38,118,241.616666667
39,118,241.633333333
40,118,241.65
41,118,241.666666667
42,118,241.683333333
43,118,241.7
44,118,241.716666667
45,118,241.733333333
46,118,241.75
47,118,241.766666667
48,118,241.783333333
49,118,241.8
50,118,241.816666667
51,118,241.833333333
52,118,241.85
53,118,241.866666667
54,118,241.883333333
55,118,241.9
56,118,241.916666667
57,118,241.933333333
58,118,241.95
59,118,241.966666667
60,118,241.983333333
61,118,242
62,118,242.016666667
63,118,242.033333333
64,118,242.05
65,118,242.066666667
66,118,242.083333333
67,118,242.1
68,118,242.116666667
69,118,242.133333333
70,118,242.15
71,118,242.166666667
72,118,242.183333333
73,118,242.2
74,118,242.216666667
75,118,242.233333333
76,118,242.25
77,118,242.266666667
78,118,242.283333333
79,118,242.3
80,118,242.316666667
81,118,242.333333333
82,118,242.35
83,118,242.366666667
84,118,242.383333333
85,118,242.4
86,118,242.416666667
87,118,242.433333333
88,118,242.45
89,118,242.466666667
90,118,242.483333333
91,118,242.5
92,118,242.516666667
93,118,242.533333333
94,118,242.55
95,118,242.566666667
96,118,242.583333333
97,118,242.6
98,118,242.616666667
99,118,242.633333333
100,118,242.65
101,118,242.666666667
102,118,242.683333333
103,118,242.7
104,118,242.716666667
105,118,242.733333333
106,118,242.75
107,118,242.766666667
108,118,242.783333333
109,118,242.8
110,118,242.816666667
111,118,242.833333333
112,118,242.85
113,118,242.866666667
114,118,242.883333333
115,118,242.9
116,118,242.916666667
117,118,242.933333333
118,118,242.95
119,118,242.966666667
120,118,242.983333333
1,119,243
2,119,243.016666667
3,119,243.033333333
4,119,243.05
5,119,243.066666667
6,119,243.083333333
7,119,243.1
8,119,243.116666667
9,119,243.133333333
10,119,243.15
11,119,243.166666667
12,119,243.183333333
13,119,243.2
14,119,243.216666667
15,119,243.233333333
16,119,243.25
17,119,243.266666667
18,119,243.283333333
19,119,243.3
20,119,243.316666667
21,119,243.333333333
22,119,243.35
23,119,243.366666667
24,119,243.383333333
25,119,243.4
26,119,243.416666667
27,119,243.433333333
28,119,243.45
29,119,243.466666667
30,119,243.483333333
31,119,243.5
32,119,243.516666667
33,119,243.533333333
34,119,243.55
35,119,243.566666667
36,119,243.583333333
37,119,243.6
38,119,243.616666667
39,119,243.633333333
40,119,243.65
41,119,243.666666667
42,119,243.683333333
43,119,243.7
44,119,243.716666667
45,119,243.733333333
46,119,243.75
47,119,243.766666667
48,119,243.783333333
49,119,243.8
50,119,243.816666667
51,119,243.833333333
52,119,243.85
53,119,243.866666667
54,119,243.883333333
55,119,243.9
56,119,243.916666667
57,119,243.933333333
58,119,243.95
59,119,243.966666667
60,119,243.983333333
61,119,244
62,119,244.016666667
63,119,244.033333333
64,119,244.05
65,119,244.066666667
66,119,244.083333333
67,119,244.1
68,119,244.116666667
69,119,244.133333333
70,119,244.15
71,119,244.166666667
72,119,244.183333333
73,119,244.2
74,119,244.216666667
75,119,244.233333333
76,119,244.25
77,119,244.266666667
78,119,244.283333333
79,119,244.3
80,119,244.316666667
81,119,244.333333333
82,119,244.35
83,119,244.366666667
84,119,244.383333333
85,119,244.4
86,119,244.416666667
87,119,244.433333333
88,119,244.45
89,119,244.466666667
90,119,244.483333333
91,119,244.5
92,119,244.516666667
93,119,244.533333333
94,119,244.55
95,119,244.566666667
96,119,244.583333333
97,119,244.6
98,119,244.616666667
99,119,244.633333333
100,119,244.65
101,119,244.666666667
102,119,244.683333333
103,119,244.7
104,119,244.716666667
105,119,244.733333333
106,119,244.75
107,119,244.766666667
108,119,244.783333333
109,119,244.8
110,119,244.816666667
111,119,244.833333333
112,119,244.85
113,119,244.866666667
114,119,244.883333333
115,119,244.9
116,119,244.916666667
117,119,244.933333333
118,119,244.95
119,119,244.966666667
120,119,244.983333333
1,120,245
2,120,245.016666667
3,120,245.033333333
4,120,245.05
5,120,245.066666667
6,120,245.083333333
7,120,245.1
8,120,245.116666667
9,120,245.133333333
10,120,245.15
11,120,245.166666667
12,120,245.183333333
13,120,245.2
14,120,245.216666667
15,120,245.233333333
16,120,245.25
17,120,245.266666667
18,120,245.283333333
19,120,245.3
20,120,245.316666667
21,120,245.333333333
22,120,245.35
23,120,245.366666667
24,120,245.383333333
25,120,245.4
26,120,245.416666667
27,120,245.433333333
28,120,245.45
29,120,245.466666667
30,120,245.483333333
31,120,245.5
32,120,245.516666667
33,120,245.533333333
34,120,245.55
35,120,245.566666667
36,120,245.583333333
37,120,245.6
38,120,245.616666667
39,120,245.633333333
40,120,245.65
41,120,245.666666667
42,120,245.683333333
43,120,245.7
44,120,245.716666667
45,120,245.733333333
46,120,245.75
47,120,245.766666667
48,120,245.783333333
49,120,245.8
50,120,245.816666667
51,120,245.833333333
52,120,245.85
53,120,245.866666667
54,120,245.883333333
55,120,245.9
56,120,245.916666667
57,120,245.933333333
58,120,245.95
59,120,245.966666667
60,120,245.983333333
61,120,246
62,120,246.016666667
63,120,246.033333333
64,120,246.05
65,120,246.066666667
66,120,246.083333333
67,120,246.1
68,120,246.116666667
69,120,246.133333333
70,120,246.15
71,120,246.166666667
72,120,246.183333333
73,120,246.2
74,120,246.216666667
75,120,246.233333333
76,120,246.25
77,120,246.266666667
78,120,246.283333333
79,120,246.3
80,120,246.316666667
81,120,246.333333333
82,120,246.35
83,120,246.366666667
84,120,246.383333333
85,120,246.4
86,120,246.416666667
87,120,246.433333333
88,120,246.45
89,120,246.466666667
90,120,246.483333333
91,120,246.5
92,120,246.516666667
93,120,246.533333333
94,120,246.55
95,120,246.566666667
96,120,246.583333333
97,120,246.6
98,120,246.616666667
99,120,246.633333333
100,120,246.65
101,120,246.666666667
102,120,246.683333333
103,120,246.7
104,120,246.716666667
105,120,246.733333333
106,120,246.75
107,120,246.766666667
108,120,246.783333333
109,120,246.8
110,120,246.816666667
111,120,246.833333333
112,120,246.85
113,120,246.866666667
114,120,246.883333333
115,120,246.9
116,120,246.916666667
117,120,246.933333333
118,120,246.95
119,120,246.966666667
120,120,246.983333333
1,121,247
2,121,247.016666667
3,121,247.033333333
4,121,247.05
5,121,247.066666667
6,121,247.083333333
7,121,247.1
8,121,247.116666667
9,121,247.133333333
10,121,247.15
11,121,247.166666667
12,121,247.183333333
13,121,247.2
14,121,247.216666667
15,121,247.233333333
16,121,247.25
17,121,247.266666667
18,121,247.283333333
19,121,247.3
20,121,247.316666667
21,121,247.333333333
22,121,247.35
23,121,247.366666667
24,121,247.383333333
25,121,247.4
26,121,247.416666667
27,121,247.433333333
28,121,247.45
29,121,247.466666667
30,121,247.483333333
31,121,247.5
32,121,247.516666667
33,121,247.533333333
34,121,247.55
35,121,247.566666667
36,121,247.583333333
37,121,247.6
38,121,247.616666667
39,121,247.633333333
40,121,247.65
41,121,247.666666667
42,121,247.683333333
43,121,247.7
44,121,247.716666667
45,121,247.733333333
46,121,247.75
47,121,247.766666667
48,121,247.783333333
49,121,247.8
50,121,247.816666667
51,121,247.833333333
52,121,247.85
53,121,247.866666667
54,121,247.883333333
55,121,247.9
56,121,247.916666667
57,121,247.933333333
58,121,247.95
59,121,247.966666667
60,121,247.983333333
61,121,248
62,121,248.016666667
63,121,248.033333333
64,121,248.05
65,121,248.066666667
66,121,248.083333333
67,121,248.1
68,121,248.116666667
69,121,248.133333333
70,121,248.15
71,121,248.166666667
72,121,248.183333333
73,121,248.2
74,121,248.216666667
75,121,248.233333333
76,121,248.25
77,121,248.266666667
78,121,248.283333333
79,121,248.3
80,121,248.316666667
81,121,248.333333333
82,121,248.35
83,121,248.366666667
84,121,248.383333333
85,121,248.4
86,121,248.416666667
87,121,248.433333333
88,121,248.45
89,121,248.466666667
90,121,248.483333333
91,121,248.5
92,121,248.516666667
93,121,248.533333333
94,121,248.55
95,121,248.566666667
96,121,248.583333333
97,121,248.6
98,121,248.616666667
99,121,248.633333333
100,121,248.65
101,121,248.666666667
102,121,248.683333333
103,121,248.7
104,121,248.716666667
105,121,248.733333333
106,121,248.75
107,121,248.766666667
108,121,248.783333333
109,121,248.8
110,121,248.816666667
111,121,248.833333333
112,121,248.85
113,121,248.866666667
114,121,248.883333333
115,121,248.9
116,121,248.916666667
117,121,248.933333333
118,121,248.95
119,121,248.966666667
120,121,248.983333333
1,122,249
2,122,249.016666667
3,122,249.033333333
4,122,249.05
5,122,249.066666667
6,122,249.083333333
7,122,249.1
8,122,249.116666667
9,122,249.133333333
10,122,249.15
11,122,249.166666667
12,122,249.183333333
13,122,249.2
14,122,249.216666667
15,122,249.233333333
16,122,249.25
17,122,249.266666667
18,122,249.283333333
19,122,249.3
20,122,249.316666667
21,122,249.333333333
22,122,249.35
23,122,249.366666667
24,122,249.383333333
25,122,249.4
26,122,249.416666667
27,122,249.433333333
28,122,249.45
29,122,249.466666667
30,122,249.483333333
31,122,249.5
32,122,249.516666667
33,122,249.533333333
34,122,249.55
35,122,249.566666667
36,122,249.583333333
37,122,249.6
38,122,249.616666667
39,122,249.633333333
40,122,249.65
41,122,249.666666667
42,122,249.683333333
43,122,249.7
44,122,249.716666667
45,122,249.733333333
46,122,249.75
47,122,249.766666667
48,122,249.783333333
49,122,249.8
50,122,249.816666667
51,122,249.833333333
52,122,249.85
53,122,249.866666667
54,122,249.883333333
55,122,249.9
56,122,249.916666667
57,122,249.933333333
58,122,249.95
59,122,249.966666667
60,122,249.983333333
61,122,250
62,122,250.016666667
63,122,250.033333333
64,122,250.05
65,122,250.066666667
66,122,250.083333333
67,122,250.1
68,122,250.116666667
69,122,250.133333333
70,122,250.15
71,122,250.166666667
72,122,250.183333333
73,122,250.2
74,122,250.216666667
75,122,250.233333333
76,122,250.25
77,122,250.266666667
78,122,250.283333333
79,122,250.3
80,122,250.316666667
81,122,250.333333333
82,122,250.35
83,122,250.366666667
84,122,250.383333333
85,122,250.4
86,122,250.416666667
87,122,250.433333333
88,122,250.45
89,122,250.466666667
90,122,250.483333333
91,122,250.5
92,122,250.516666667
93,122,250.533333333
94,122,250.55
95,122,250.566666667
96,122,250.583333333
97,122,250.6
98,122,250.616666667
99,122,250.633333333
100,122,250.65
101,122,250.666666667
102,122,250.683333333
103,122,250.7
104,122,250.716666667
105,122,250.733333333
106,122,250.75
107,122,250.766666667
108,122,250.783333333
109,122,250.8
110,122,250.816666667
111,122,250.833333333
112,122,250.85
113,122,250.866666667
114,122,250.883333333
115,122,250.9
116,122,250.916666667
117,122,250.933333333
118,122,250.95
119,122,250.966666667
120,122,250.983333333
1,123,251
2,123,251.016666667
3,123,251.033333333
4,123,251.05
5,123,251.066666667
6,123,251.083333333
7,123,251.1
8,123,251.116666667
9,123,251.133333333
10,123,251.15
11,123,251.166666667
12,123,251.183333333
13,123,251.2
14,123,251.216666667
15,123,251.233333333
16,123,251.25
17,123,251.266666667
18,123,251.283333333
19,123,251.3
20,123,251.316666667
21,123,251.333333333
22,123,251.35
23,123,251.366666667
24,123,251.383333333
25,123,251.4
26,123,251.416666667
27,123,251.433333333
28,123,251.45
29,123,251.466666667
30,123,251.483333333
31,123,251.5
32,123,251.516666667
33,123,251.533333333
34,123,251.55
35,123,251.566666667
36,123,251.583333333
37,123,251.6
38,123,251.616666667
39,123,251.633333333
40,123,251.65
41,123,251.666666667
42,123,251.683333333
43,123,251.7
44,123,251.716666667
45,123,251.733333333
46,123,251.75
47,123,251.766666667
48,123,251.783333333
49,123,251.8
50,123,251.816666667
51,123,251.833333333
52,123,251.85
53,123,251.866666667
54,123,251.883333333
55,123,251.9
56,123,251.916666667
57,123,251.933333333
58,123,251.95
59,123,251.966666667
60,123,251.983333333
61,123,252
62,123,252.016666667
63,123,252.033333333
64,123,252.05
65,123,252.066666667
66,123,252.083333333
67,123,252.1
68,123,252.116666667
69,123,252.133333333
70,123,252.15
71,123,252.166666667
72,123,252.183333333
73,123,252.2
74,123,252.216666667
75,123,252.233333333
76,123,252.25
77,123,252.266666667
78,123,252.283333333
79,123,252.3
80,123,252.316666667
81,123,252.333333333
82,123,252.35
83,123,252.366666667
84,123,252.383333333
85,123,252.4
86,123,252.416666667
87,123,252.433333333
88,123,252.45
89,123,252.466666667
90,123,252.483333333
91,123,252.5
92,123,252.516666667
93,123,252.533333333
94,123,252.55
95,123,252.566666667
96,123,252.583333333
97,123,252.6
98,123,252.616666667
99,123,252.633333333
100,123,252.65
101,123,252.666666667
102,123,252.683333333
103,123,252.7
104,123,252.716666667
105,123,252.733333333
106,123,252.75
107,123,252.766666667
108,123,252.783333333
109,123,252.8
110,123,252.816666667
111,123,252.833333333
112,123,252.85
113,123,252.866666667
114,123,252.883333333
115,123,252.9
116,123,252.916666667
117,123,252.933333333
118,123,252.95
119,123,252.966666667
120,123,252.983333333
1,124,253
2,124,253.016666667
3,124,253.033333333
4,124,253.05
5,124,253.066666667
6,124,253.083333333
7,124,253.1
8,124,253.116666667
9,124,253.133333333
10,124,253.15
11,124,253.166666667
12,124,253.183333333
13,124,253.2
14,124,253.216666667
15,124,253.233333333
16,124,253.25
17,124,253.266666667
18,124,253.283333333
19,124,253.3
20,124,253.316666667
21,124,253.333333333
22,124,253.35
23,124,253.366666667
24,124,253.383333333
25,124,253.4
26,124,253.416666667
27,124,253.433333333
28,124,253.45
29,124,253.466666667
30,124,253.483333333
31,124,253.5
32,124,253.516666667
33,124,253.533333333
34,124,253.55
35,124,253.566666667
36,124,253.583333333
37,124,253.6
38,124,253.616666667
39,124,253.633333333
40,124,253.65
41,124,253.666666667
42,124,253.683333333
43,124,253.7
44,124,253.716666667
45,124,253.733333333
46,124,253.75
47,124,253.766666667
48,124,253.783333333
49,124,253.8
50,124,253.816666667
51,124,253.833333333
52,124,253.85
53,124,253.866666667
54,124,253.883333333
55,124,253.9
56,124,253.916666667
57,124,253.933333333
58,124,253.95
59,124,253.966666667
60,124,253.983333333
61,124,254
62,124,254.016666667
63,124,254.033333333
64,124,254.05
65,124,254.066666667
66,124,254.083333333
67,124,254.1
68,124,254.116666667
69,124,254.133333333
70,124,254.15
71,124,254.166666667
72,124,254.183333333
73,124,254.2
74,124,254.216666667
75,124,254.233333333
76,124,254.25
77,124,254.266666667
78,124,254.283333333
79,124,254.3
80,124,254.316666667
81,124,254.333333333
82,124,254.35
83,124,254.366666667
84,124,254.383333333
85,124,254.4
86,124,254.416666667
87,124,254.433333333
88,124,254.45
89,124,254.466666667
90,124,254.483333333
91,124,254.5
92,124,254.516666667
93,124,254.533333333
94,124,254.55
95,124,254.566666667
96,124,254.583333333
97,124,254.6
98,124,254.616666667
99,124,254.633333333
100,124,254.65
101,124,254.666666667
102,124,254.683333333
103,124,254.7
104,124,254.716666667
105,124,254.733333333
106,124,254.75
107,124,254.766666667
108,124,254.783333333
109,124,254.8
110,124,254.816666667
111,124,254.833333333
112,124,254.85
113,124,254.866666667
114,124,254.883333333
115,124,254.9
116,124,254.916666667
117,124,254.933333333
118,124,254.95
119,124,254.966666667
120,124,254.983333333
1,125,255
2,125,255.016666667
3,125,255.033333333
4,125,255.05
5,125,255.066666667
6,125,255.083333333
7,125,255.1
8,125,255.116666667
9,125,255.133333333
10,125,255.15
11,125,255.166666667
12,125,255.183333333
13,125,255.2
14,125,255.216666667
15,125,255.233333333
16,125,255.25
17,125,255.266666667
18,125,255.283333333
19,125,255.3
20,125,255.316666667
21,125,255.333333333
22,125,255.35
23,125,255.366666667
24,125,255.383333333
25,125,255.4
26,125,255.416666667
27,125,255.433333333
28,125,255.45
29,125,255.466666667
30,125,255.483333333
31,125,255.5
32,125,255.516666667
33,125,255.533333333
34,125,255.55
35,125,255.566666667
36,125,255.583333333
37,125,255.6
38,125,255.616666667
39,125,255.633333333
40,125,255.65
41,125,255.666666667
42,125,255.683333333
43,125,255.7
44,125,255.716666667
45,125,255.733333333
46,125,255.75
47,125,255.766666667
48,125,255.783333333
49,125,255.8
50,125,255.816666667
51,125,255.833333333
52,125,255.85
53,125,255.866666667
54,125,255.883333333
55,125,255.9
56,125,255.916666667
57,125,255.933333333
58,125,255.95
59,125,255.966666667
60,125,255.983333333
61,125,256
62,125,256.016666667
63,125,256.033333333
64,125,256.05
65,125,256.066666667
66,125,256.083333333
67,125,256.1
68,125,256.116666667
69,125,256.133333333
70,125,256.15
71,125,256.166666667
72,125,256.183333333
73,125,256.2
74,125,256.216666667
75,125,256.233333333
76,125,256.25
77,125,256.266666667
78,125,256.283333333
79,125,256.3
80,125,256.316666667
81,125,256.333333333
82,125,256.35
83,125,256.366666667
84,125,256.383333333
85,125,256.4
86,125,256.416666667
87,125,256.433333333
88,125,256.45
89,125,256.466666667
90,125,256.483333333
91,125,256.5
92,125,256.516666667
93,125,256.533333333
94,125,256.55
95,125,256.566666667
96,125,256.583333333
97,125,256.6
98,125,256.616666667
99,125,256.633333333
100,125,256.65
101,125,256.666666667
102,125,256.683333333
103,125,256.7
104,125,256.716666667
105,125,256.733333333
106,125,256.75
107,125,256.766666667
108,125,256.783333333
109,125,256.8
110,125,256.816666667
111,125,256.833333333
112,125,256.85
113,125,256.866666667
114,125,256.883333333
115,125,256.9
116,125,256.916666667
117,125,256.933333333
118,125,256.95
119,125,256.966666667
120,125,256.983333333
1,126,257
2,126,257.016666667
3,126,257.033333333
4,126,257.05
5,126,257.066666667
6,126,257.083333333
7,126,257.1
8,126,257.116666667
9,126,257.133333333
10,126,257.15
11,126,257.166666667
12,126,257.183333333
13,126,257.2
14,126,257.216666667
15,126,257.233333333
16,126,257.25
17,126,257.266666667
18,126,257.283333333
19,126,257.3
20,126,257.316666667
21,126,257.333333333
22,126,257.35
23,126,257.366666667
24,126,257.383333333
25,126,257.4
26,126,257.416666667
27,126,257.433333333
28,126,257.45
29,126,257.466666667
30,126,257.483333333
31,126,257.5
32,126,257.516666667
33,126,257.533333333
34,126,257.55
35,126,257.566666667
36,126,257.583333333
37,126,257.6
38,126,257.616666667
39,126,257.633333333
40,126,257.65
41,126,257.666666667
42,126,257.683333333
43,126,257.7
44,126,257.716666667
45,126,257.733333333
46,126,257.75
47,126,257.766666667
48,126,257.783333333
49,126,257.8
50,126,257.816666667
51,126,257.833333333
52,126,257.85
53,126,257.866666667
54,126,257.883333333
55,126,257.9
56,126,257.916666667
57,126,257.933333333
58,126,257.95
59,126,257.966666667
60,126,257.983333333
61,126,258
62,126,258.016666667
63,126,258.033333333
64,126,258.05
65,126,258.066666667
66,126,258.083333333
67,126,258.1
68,126,258.116666667
69,126,258.133333333
70,126,258.15
71,126,258.166666667
72,126,258.183333333
73,126,258.2
74,126,258.216666667
75,126,258.233333333
76,126,258.25
77,126,258.266666667
78,126,258.283333333
79,126,258.3
80,126,258.316666667
81,126,258.333333333
82,126,258.35
83,126,258.366666667
84,126,258.383333333
85,126,258.4
86,126,258.416666667
87,126,258.433333333
88,126,258.45
89,126,258.466666667
90,126,258.483333333
91,126,258.5
92,126,258.516666667
93,126,258.533333333
94,126,258.55
95,126,258.566666667
96,126,258.583333333
97,126,258.6
98,126,258.616666667
99,126,258.633333333
100,126,258.65
101,126,258.666666667
102,126,258.683333333
103,126,258.7
104,126,258.716666667
105,126,258.733333333
106,126,258.75
107,126,258.766666667
108,126,258.783333333
109,126,258.8
110,126,258.816666667
111,126,258.833333333
112,126,258.85
113,126,258.866666667
114,126,258.883333333
115,126,258.9
116,126,258.916666667
117,126,258.933333333
118,126,258.95
119,126,258.966666667
120,126,258.983333333
1,127,259
2,127,259.016666667
3,127,259.033333333
4,127,259.05
5,127,259.066666667
6,127,259.083333333
7,127,259.1
8,127,259.116666667
9,127,259.133333333
10,127,259.15
11,127,259.166666667
12,127,259.183333333
13,127,259.2
14,127,259.216666667
15,127,259.233333333
16,127,259.25
17,127,259.266666667
18,127,259.283333333
19,127,259.3
20,127,259.316666667
21,127,259.333333333
22,127,259.35
23,127,259.366666667
24,127,259.383333333
25,127,259.4
26,127,259.416666667
27,127,259.433333333
28,127,259.45
29,127,259.466666667
30,127,259.483333333
31,127,259.5
32,127,259.516666667
33,127,259.533333333
34,127,259.55
35,127,259.566666667
36,127,259.583333333
37,127,259.6
38,127,259.616666667
39,127,259.633333333
40,127,259.65
41,127,259.666666667
42,127,259.683333333
43,127,259.7
44,127,259.716666667
45,127,259.733333333
46,127,259.75
47,127,259.766666667
48,127,259.783333333
49,127,259.8
50,127,259.816666667
51,127,259.833333333
52,127,259.85
53,127,259.866666667
54,127,259.883333333
55,127,259.9
56,127,259.916666667
57,127,259.933333333
58,127,259.95
59,127,259.966666667
60,127,259.983333333
61,127,260
62,127,260.016666667
63,127,260.033333333
64,127,260.05
65,127,260.066666667
66,127,260.083333333
67,127,260.1
68,127,260.116666667
69,127,260.133333333
70,127,260.15
71,127,260.166666667
72,127,260.183333333
73,127,260.2
74,127,260.216666667
75,127,260.233333333
76,127,260.25
77,127,260.266666667
78,127,260.283333333
79,127,260.3
80,127,260.316666667
81,127,260.333333333
82,127,260.35
83,127,260.366666667
84,127,260.383333333
85,127,260.4
86,127,260.416666667
87,127,260.433333333
88,127,260.45
89,127,260.466666667
90,127,260.483333333
91,127,260.5
92,127,260.516666667
93,127,260.533333333
94,127,260.55
95,127,260.566666667
96,127,260.583333333
97,127,260.6
98,127,260.616666667
99,127,260.633333333
100,127,260.65
101,127,260.666666667
102,127,260.683333333
103,127,260.7
104,127,260.716666667
105,127,260.733333333
106,127,260.75
107,127,260.766666667
108,127,260.783333333
109,127,260.8
110,127,260.816666667
111,127,260.833333333
112,127,260.85
113,127,260.866666667
114,127,260.883333333
115,127,260.9
116,127,260.916666667
117,127,260.933333333
118,127,260.95
119,127,260.966666667
120,127,260.983333333
1,128,261
2,128,261.016666667
3,128,261.033333333
4,128,261.05
5,128,261.066666667
6,128,261.083333333
7,128,261.1
8,128,261.116666667
9,128,261.133333333
10,128,261.15
11,128,261.166666667
12,128,261.183333333
13,128,261.2
14,128,261.216666667
15,128,261.233333333
16,128,261.25
17,128,261.266666667
18,128,261.283333333
19,128,261.3
20,128,261.316666667
21,128,261.333333333
22,128,261.35
23,128,261.366666667
24,128,261.383333333
25,128,261.4
26,128,261.416666667
27,128,261.433333333
28,128,261.45
29,128,261.466666667
30,128,261.483333333
31,128,261.5
32,128,261.516666667
33,128,261.533333333
34,128,261.55
35,128,261.566666667
36,128,261.583333333
37,128,261.6
38,128,261.616666667
39,128,261.633333333
40,128,261.65
41,128,261.666666667
42,128,261.683333333
43,128,261.7
44,128,261.716666667
45,128,261.733333333
46,128,261.75
47,128,261.766666667
48,128,261.783333333
49,128,261.8
50,128,261.816666667
51,128,261.833333333
52,128,261.85
53,128,261.866666667
54,128,261.883333333
55,128,261.9
56,128,261.916666667
57,128,261.933333333
58,128,261.95
59,128,261.966666667
60,128,261.983333333
61,128,262
62,128,262.016666667
63,128,262.033333333
64,128,262.05
65,128,262.066666667
66,128,262.083333333
67,128,262.1
68,128,262.116666667
69,128,262.133333333
70,128,262.15
71,128,262.166666667
72,128,262.183333333
73,128,262.2
74,128,262.216666667
75,128,262.233333333
76,128,262.25
77,128,262.266666667
78,128,262.283333333
79,128,262.3
80,128,262.316666667
81,128,262.333333333
82,128,262.35
83,128,262.366666667
84,128,262.383333333
85,128,262.4
86,128,262.416666667
87,128,262.433333333
88,128,262.45
89,128,262.466666667
90,128,262.483333333
91,128,262.5
92,128,262.516666667
93,128,262.533333333
94,128,262.55
95,128,262.566666667
96,128,262.583333333
97,128,262.6
98,128,262.616666667
99,128,262.633333333
100,128,262.65
101,128,262.666666667
102,128,262.683333333
103,128,262.7
104,128,262.716666667
105,128,262.733333333
106,128,262.75
107,128,262.766666667
108,128,262.783333333
109,128,262.8
110,128,262.816666667
111,128,262.833333333
112,128,262.85
113,128,262.866666667
114,128,262.883333333
115,128,262.9
116,128,262.916666667
117,128,262.933333333
118,128,262.95
119,128,262.966666667
120,128,262.983333333
1,129,263
2,129,263.016666667
3,129,263.033333333
4,129,263.05
5,129,263.066666667
6,129,263.083333333
7,129,263.1
8,129,263.116666667
9,129,263.133333333
10,129,263.15
11,129,263.166666667
12,129,263.183333333
13,129,263.2
14,129,263.216666667
15,129,263.233333333
16,129,263.25
17,129,263.266666667
18,129,263.283333333
19,129,263.3
20,129,263.316666667
21,129,263.333333333
22,129,263.35
23,129,263.366666667
24,129,263.383333333
25,129,263.4
26,129,263.416666667
27,129,263.433333333
28,129,263.45
29,129,263.466666667
30,129,263.483333333
31,129,263.5
32,129,263.516666667
33,129,263.533333333
34,129,263.55
35,129,263.566666667
36,129,263.583333333
37,129,263.6
38,129,263.616666667
39,129,263.633333333
40,129,263.65
41,129,263.666666667
42,129,263.683333333
43,129,263.7
44,129,263.716666667
45,129,263.733333333
46,129,263.75
47,129,263.766666667
48,129,263.783333333
49,129,263.8
50,129,263.816666667
51,129,263.833333333
52,129,263.85
53,129,263.866666667
54,129,263.883333333
55,129,263.9
56,129,263.916666667
57,129,263.933333333
58,129,263.95
59,129,263.966666667
60,129,263.983333333
61,129,264
62,129,264.016666667
63,129,264.033333333
64,129,264.05
65,129,264.066666667
66,129,264.083333333
67,129,264.1
68,129,264.116666667
69,129,264.133333333
70,129,264.15
71,129,264.166666667
72,129,264.183333333
73,129,264.2
74,129,264.216666667
75,129,264.233333333
76,129,264.25
77,129,264.266666667
78,129,264.283333333
79,129,264.3
80,129,264.316666667
81,129,264.333333333
82,129,264.35
83,129,264.366666667
84,129,264.383333333
85,129,264.4
86,129,264.416666667
87,129,264.433333333
88,129,264.45
89,129,264.466666667
90,129,264.483333333
91,129,264.5
92,129,264.516666667
93,129,264.533333333
94,129,264.55
95,129,264.566666667
96,129,264.583333333
97,129,264.6
98,129,264.616666667
99,129,264.633333333
100,129,264.65
101,129,264.666666667
102,129,264.683333333
103,129,264.7
104,129,264.716666667
105,129,264.733333333
106,129,264.75
107,129,264.766666667
108,129,264.783333333
109,129,264.8
110,129,264.816666667
111,129,264.833333333
112,129,264.85
113,129,264.866666667
114,129,264.883333333
115,129,264.9
116,129,264.916666667
117,129,264.933333333
118,129,264.95
119,129,264.966666667
120,129,264.983333333
1,130,265
2,130,265.016666667
3,130,265.033333333
4,130,265.05
5,130,265.066666667
6,130,265.083333333
7,130,265.1
8,130,265.116666667
9,130,265.133333333
10,130,265.15
11,130,265.166666667
12,130,265.183333333
13,130,265.2
14,130,265.216666667
15,130,265.233333333
16,130,265.25
17,130,265.266666667
18,130,265.283333333
19,130,265.3
20,130,265.316666667
21,130,265.333333333
22,130,265.35
23,130,265.366666667
24,130,265.383333333
25,130,265.4
26,130,265.416666667
27,130,265.433333333
28,130,265.45
29,130,265.466666667
30,130,265.483333333
31,130,265.5
32,130,265.516666667
33,130,265.533333333
34,130,265.55
35,130,265.566666667
36,130,265.583333333
37,130,265.6
38,130,265.616666667
39,130,265.633333333
40,130,265.65
41,130,265.666666667
42,130,265.683333333
43,130,265.7
44,130,265.716666667
45,130,265.733333333
46,130,265.75
47,130,265.766666667
48,130,265.783333333
49,130,265.8
50,130,265.816666667
51,130,265.833333333
52,130,265.85
53,130,265.866666667
54,130,265.883333333
55,130,265.9
56,130,265.916666667
57,130,265.933333333
58,130,265.95
59,130,265.966666667
60,130,265.983333333
61,130,266
62,130,266.016666667
63,130,266.033333333
64,130,266.05
65,130,266.066666667
66,130,266.083333333
67,130,266.1
68,130,266.116666667
69,130,266.133333333
70,130,266.15
71,130,266.166666667
72,130,266.183333333
73,130,266.2
74,130,266.216666667
75,130,266.233333333
76,130,266.25
77,130,266.266666667
78,130,266.283333333
79,130,266.3
80,130,266.316666667
81,130,266.333333333
82,130,266.35
83,130,266.366666667
84,130,266.383333333
85,130,266.4
86,130,266.416666667
87,130,266.433333333
88,130,266.45
89,130,266.466666667
90,130,266.483333333
91,130,266.5
92,130,266.516666667
93,130,266.533333333
94,130,266.55
95,130,266.566666667
96,130,266.583333333
97,130,266.6
98,130,266.616666667
99,130,266.633333333
100,130,266.65
101,130,266.666666667
102,130,266.683333333
103,130,266.7
104,130,266.716666667
105,130,266.733333333
106,130,266.75
107,130,266.766666667
108,130,266.783333333
109,130,266.8
110,130,266.816666667
111,130,266.833333333
112,130,266.85
113,130,266.866666667
114,130,266.883333333
115,130,266.9
116,130,266.916666667
117,130,266.933333333
118,130,266.95
119,130,266.966666667
120,130,266.983333333
1,131,267
2,131,267.016666667
3,131,267.033333333
4,131,267.05
5,131,267.066666667
6,131,267.083333333
7,131,267.1
8,131,267.116666667
9,131,267.133333333
10,131,267.15
11,131,267.166666667
12,131,267.183333333
13,131,267.2
14,131,267.216666667
15,131,267.233333333
16,131,267.25
17,131,267.266666667
18,131,267.283333333
19,131,267.3
20,131,267.316666667
21,131,267.333333333
22,131,267.35
23,131,267.366666667
24,131,267.383333333
25,131,267.4
26,131,267.416666667
27,131,267.433333333
28,131,267.45
29,131,267.466666667
30,131,267.483333333
31,131,267.5
32,131,267.516666667
33,131,267.533333333
34,131,267.55
35,131,267.566666667
36,131,267.583333333
37,131,267.6
38,131,267.616666667
39,131,267.633333333
40,131,267.65
41,131,267.666666667
42,131,267.683333333
43,131,267.7
44,131,267.716666667
45,131,267.733333333
46,131,267.75
47,131,267.766666667
48,131,267.783333333
49,131,267.8
50,131,267.816666667
51,131,267.833333333
52,131,267.85
53,131,267.866666667
54,131,267.883333333
55,131,267.9
56,131,267.916666667
57,131,267.933333333
58,131,267.95
59,131,267.966666667
60,131,267.983333333
61,131,268
62,131,268.016666667
63,131,268.033333333
64,131,268.05
65,131,268.066666667
66,131,268.083333333
67,131,268.1
68,131,268.116666667
69,131,268.133333333
70,131,268.15
71,131,268.166666667
72,131,268.183333333
73,131,268.2
74,131,268.216666667
75,131,268.233333333
76,131,268.25
77,131,268.266666667
78,131,268.283333333
79,131,268.3
80,131,268.316666667
81,131,268.333333333
82,131,268.35
83,131,268.366666667
84,131,268.383333333
85,131,268.4
86,131,268.416666667
87,131,268.433333333
88,131,268.45
89,131,268.466666667
90,131,268.483333333
91,131,268.5
92,131,268.516666667
93,131,268.533333333
94,131,268.55
95,131,268.566666667
96,131,268.583333333
97,131,268.6
98,131,268.616666667
99,131,268.633333333
100,131,268.65
101,131,268.666666667
102,131,268.683333333
103,131,268.7
104,131,268.716666667
105,131,268.733333333
106,131,268.75
107,131,268.766666667
108,131,268.783333333
109,131,268.8
110,131,268.816666667
111,131,268.833333333
112,131,268.85
113,131,268.866666667
114,131,268.883333333
115,131,268.9
116,131,268.916666667
117,131,268.933333333
118,131,268.95
119,131,268.966666667
120,131,268.983333333
1,132,269
2,132,269.016666667
3,132,269.033333333
4,132,269.05
5,132,269.066666667
6,132,269.083333333
7,132,269.1
8,132,269.116666667
9,132,269.133333333
10,132,269.15
11,132,269.166666667
12,132,269.183333333
13,132,269.2
14,132,269.216666667
15,132,269.233333333
16,132,269.25
17,132,269.266666667
18,132,269.283333333
19,132,269.3
20,132,269.316666667
21,132,269.333333333
22,132,269.35
23,132,269.366666667
24,132,269.383333333
25,132,269.4
26,132,269.416666667
27,132,269.433333333
28,132,269.45
29,132,269.466666667
30,132,269.483333333
31,132,269.5
32,132,269.516666667
33,132,269.533333333
34,132,269.55
35,132,269.566666667
36,132,269.583333333
37,132,269.6
38,132,269.616666667
39,132,269.633333333
40,132,269.65
41,132,269.666666667
42,132,269.683333333
43,132,269.7
44,132,269.716666667
45,132,269.733333333
46,132,269.75
47,132,269.766666667
48,132,269.783333333
49,132,269.8
50,132,269.816666667
51,132,269.833333333
52,132,269.85
53,132,269.866666667
54,132,269.883333333
55,132,269.9
56,132,269.916666667
57,132,269.933333333
58,132,269.95
59,132,269.966666667
60,132,269.983333333
61,132,270
62,132,270.016666667
63,132,270.033333333
64,132,270.05
65,132,270.066666667
66,132,270.083333333
67,132,270.1
68,132,270.116666667
69,132,270.133333333
70,132,270.15
71,132,270.166666667
72,132,270.183333333
73,132,270.2
74,132,270.216666667
75,132,270.233333333
76,132,270.25
77,132,270.266666667
78,132,270.283333333
79,132,270.3
80,132,270.316666667
81,132,270.333333333
82,132,270.35
83,132,270.366666667
84,132,270.383333333
85,132,270.4
86,132,270.416666667
87,132,270.433333333
88,132,270.45
89,132,270.466666667
90,132,270.483333333
91,132,270.5
92,132,270.516666667
93,132,270.533333333
94,132,270.55
95,132,270.566666667
96,132,270.583333333
97,132,270.6
98,132,270.616666667
99,132,270.633333333
100,132,270.65
101,132,270.666666667
102,132,270.683333333
103,132,270.7
104,132,270.716666667
105,132,270.733333333
106,132,270.75
107,132,270.766666667
108,132,270.783333333
109,132,270.8
110,132,270.816666667
111,132,270.833333333
112,132,270.85
113,132,270.866666667
114,132,270.883333333
115,132,270.9
116,132,270.916666667
117,132,270.933333333
118,132,270.95
119,132,270.966666667
120,132,270.983333333
1,133,271
2,133,271.016666667
3,133,271.033333333
4,133,271.05
5,133,271.066666667
6,133,271.083333333
7,133,271.1
8,133,271.116666667
9,133,271.133333333
10,133,271.15
11,133,271.166666667
12,133,271.183333333
13,133,271.2
14,133,271.216666667
15,133,271.233333333
16,133,271.25
17,133,271.266666667
18,133,271.283333333
19,133,271.3
20,133,271.316666667
21,133,271.333333333
22,133,271.35
23,133,271.366666667
24,133,271.383333333
25,133,271.4
26,133,271.416666667
27,133,271.433333333
28,133,271.45
29,133,271.466666667
30,133,271.483333333
31,133,271.5
32,133,271.516666667
33,133,271.533333333
34,133,271.55
35,133,271.566666667
36,133,271.583333333
37,133,271.6
38,133,271.616666667
39,133,271.633333333
40,133,271.65
41,133,271.666666667
42,133,271.683333333
43,133,271.7
44,133,271.716666667
45,133,271.733333333
46,133,271.75
47,133,271.766666667
48,133,271.783333333
49,133,271.8
50,133,271.816666667
51,133,271.833333333
52,133,271.85
53,133,271.866666667
54,133,271.883333333
55,133,271.9
56,133,271.916666667
57,133,271.933333333
58,133,271.95
59,133,271.966666667
60,133,271.983333333
61,133,272
62,133,272.016666667
63,133,272.033333333
64,133,272.05
65,133,272.066666667
66,133,272.083333333
67,133,272.1
68,133,272.116666667
69,133,272.133333333
70,133,272.15
71,133,272.166666667
72,133,272.183333333
73,133,272.2
74,133,272.216666667
75,133,272.233333333
76,133,272.25
77,133,272.266666667
78,133,272.283333333
79,133,272.3
80,133,272.316666667
81,133,272.333333333
82,133,272.35
83,133,272.366666667
84,133,272.383333333
85,133,272.4
86,133,272.416666667
87,133,272.433333333
88,133,272.45
89,133,272.466666667
90,133,272.483333333
91,133,272.5
92,133,272.516666667
93,133,272.533333333
94,133,272.55
95,133,272.566666667
96,133,272.583333333
97,133,272.6
98,133,272.616666667
99,133,272.633333333
100,133,272.65
101,133,272.666666667
102,133,272.683333333
103,133,272.7
104,133,272.716666667
105,133,272.733333333
106,133,272.75
107,133,272.766666667
108,133,272.783333333
109,133,272.8
110,133,272.816666667
111,133,272.833333333
112,133,272.85
113,133,272.866666667
114,133,272.883333333
115,133,272.9
116,133,272.916666667
117,133,272.933333333
118,133,272.95
119,133,272.966666667
120,133,272.983333333
1,134,273
2,134,273.016666667
3,134,273.033333333
4,134,273.05
5,134,273.066666667
6,134,273.083333333
7,134,273.1
8,134,273.116666667
9,134,273.133333333
10,134,273.15
11,134,273.166666667
12,134,273.183333333
13,134,273.2
14,134,273.216666667
15,134,273.233333333
16,134,273.25
17,134,273.266666667
18,134,273.283333333
19,134,273.3
20,134,273.316666667
21,134,273.333333333
22,134,273.35
23,134,273.366666667
24,134,273.383333333
25,134,273.4
26,134,273.416666667
27,134,273.433333333
28,134,273.45
29,134,273.466666667
30,134,273.483333333
31,134,273.5
32,134,273.516666667
33,134,273.533333333
34,134,273.55
35,134,273.566666667
36,134,273.583333333
37,134,273.6
38,134,273.616666667
39,134,273.633333333
40,134,273.65
41,134,273.666666667
42,134,273.683333333
43,134,273.7
44,134,273.716666667
45,134,273.733333333
46,134,273.75
47,134,273.766666667
48,134,273.783333333
49,134,273.8
50,134,273.816666667
51,134,273.833333333
52,134,273.85
53,134,273.866666667
54,134,273.883333333
55,134,273.9
56,134,273.916666667
57,134,273.933333333
58,134,273.95
59,134,273.966666667
60,134,273.983333333
61,134,274
62,134,274.016666667
63,134,274.033333333
64,134,274.05
65,134,274.066666667
66,134,274.083333333
67,134,274.1
68,134,274.116666667
69,134,274.133333333
70,134,274.15
71,134,274.166666667
72,134,274.183333333
73,134,274.2
74,134,274.216666667
75,134,274.233333333
76,134,274.25
77,134,274.266666667
78,134,274.283333333
79,134,274.3
80,134,274.316666667
81,134,274.333333333
82,134,274.35
83,134,274.366666667
84,134,274.383333333
85,134,274.4
86,134,274.416666667
87,134,274.433333333
88,134,274.45
89,134,274.466666667
90,134,274.483333333
91,134,274.5
92,134,274.516666667
93,134,274.533333333
94,134,274.55
95,134,274.566666667
96,134,274.583333333
97,134,274.6
98,134,274.616666667
99,134,274.633333333
100,134,274.65
101,134,274.666666667
102,134,274.683333333
103,134,274.7
104,134,274.716666667
105,134,274.733333333
106,134,274.75
107,134,274.766666667
108,134,274.783333333
109,134,274.8
110,134,274.816666667
111,134,274.833333333
112,134,274.85
113,134,274.866666667
114,134,274.883333333
115,134,274.9
116,134,274.916666667
117,134,274.933333333
118,134,274.95
119,134,274.966666667
120,134,274.983333333
1,135,275
2,135,275.016666667
3,135,275.033333333
4,135,275.05
5,135,275.066666667
6,135,275.083333333
7,135,275.1
8,135,275.116666667
9,135,275.133333333
10,135,275.15
11,135,275.166666667
12,135,275.183333333
13,135,275.2
14,135,275.216666667
15,135,275.233333333
16,135,275.25
17,135,275.266666667
18,135,275.283333333
19,135,275.3
20,135,275.316666667
21,135,275.333333333
22,135,275.35
23,135,275.366666667
24,135,275.383333333
25,135,275.4
26,135,275.416666667
27,135,275.433333333
28,135,275.45
29,135,275.466666667
30,135,275.483333333
31,135,275.5
32,135,275.516666667
33,135,275.533333333
34,135,275.55
35,135,275.566666667
36,135,275.583333333
37,135,275.6
38,135,275.616666667
39,135,275.633333333
40,135,275.65
41,135,275.666666667
42,135,275.683333333
43,135,275.7
44,135,275.716666667
45,135,275.733333333
46,135,275.75
47,135,275.766666667
48,135,275.783333333
49,135,275.8
50,135,275.816666667
51,135,275.833333333
52,135,275.85
53,135,275.866666667
54,135,275.883333333
55,135,275.9
56,135,275.916666667
57,135,275.933333333
58,135,275.95
59,135,275.966666667
60,135,275.983333333
61,135,276
62,135,276.016666667
63,135,276.033333333
64,135,276.05
65,135,276.066666667
66,135,276.083333333
67,135,276.1
68,135,276.116666667
69,135,276.133333333
70,135,276.15
71,135,276.166666667
72,135,276.183333333
73,135,276.2
74,135,276.216666667
75,135,276.233333333
76,135,276.25
77,135,276.266666667
78,135,276.283333333
79,135,276.3
80,135,276.316666667
81,135,276.333333333
82,135,276.35
83,135,276.366666667
84,135,276.383333333
85,135,276.4
86,135,276.416666667
87,135,276.433333333
88,135,276.45
89,135,276.466666667
90,135,276.483333333
91,135,276.5
92,135,276.516666667
93,135,276.533333333
94,135,276.55
95,135,276.566666667
96,135,276.583333333
97,135,276.6
98,135,276.616666667
99,135,276.633333333
100,135,276.65
101,135,276.666666667
102,135,276.683333333
103,135,276.7
104,135,276.716666667
105,135,276.733333333
106,135,276.75
107,135,276.766666667
108,135,276.783333333
109,135,276.8
110,135,276.816666667
111,135,276.833333333
112,135,276.85
113,135,276.866666667
114,135,276.883333333
115,135,276.9
116,135,276.916666667
117,135,276.933333333
118,135,276.95
119,135,276.966666667
120,135,276.983333333
1,136,277
2,136,277.016666667
3,136,277.033333333
4,136,277.05
5,136,277.066666667
6,136,277.083333333
7,136,277.1
8,136,277.116666667
9,136,277.133333333
10,136,277.15
11,136,277.166666667
12,136,277.183333333
13,136,277.2
14,136,277.216666667
15,136,277.233333333
16,136,277.25
17,136,277.266666667
18,136,277.283333333
19,136,277.3
20,136,277.316666667
21,136,277.333333333
22,136,277.35
23,136,277.366666667
24,136,277.383333333
25,136,277.4
26,136,277.416666667
27,136,277.433333333
28,136,277.45
29,136,277.466666667
30,136,277.483333333
31,136,277.5
32,136,277.516666667
33,136,277.533333333
34,136,277.55
35,136,277.566666667
36,136,277.583333333
37,136,277.6
38,136,277.616666667
39,136,277.633333333
40,136,277.65
41,136,277.666666667
42,136,277.683333333
43,136,277.7
44,136,277.716666667
45,136,277.733333333
46,136,277.75
47,136,277.766666667
48,136,277.783333333
49,136,277.8
50,136,277.816666667
51,136,277.833333333
52,136,277.85
53,136,277.866666667
54,136,277.883333333
55,136,277.9
56,136,277.916666667
57,136,277.933333333
58,136,277.95
59,136,277.966666667
60,136,277.983333333
61,136,278
62,136,278.016666667
63,136,278.033333333
64,136,278.05
65,136,278.066666667
66,136,278.083333333
67,136,278.1
68,136,278.116666667
69,136,278.133333333
70,136,278.15
71,136,278.166666667
72,136,278.183333333
73,136,278.2
74,136,278.216666667
75,136,278.233333333
76,136,278.25
77,136,278.266666667
78,136,278.283333333
79,136,278.3
80,136,278.316666667
81,136,278.333333333
82,136,278.35
83,136,278.366666667
84,136,278.383333333
85,136,278.4
86,136,278.416666667
87,136,278.433333333
88,136,278.45
89,136,278.466666667
90,136,278.483333333
91,136,278.5
92,136,278.516666667
93,136,278.533333333
94,136,278.55
95,136,278.566666667
96,136,278.583333333
97,136,278.6
98,136,278.616666667
99,136,278.633333333
100,136,278.65
101,136,278.666666667
102,136,278.683333333
103,136,278.7
104,136,278.716666667
105,136,278.733333333
106,136,278.75
107,136,278.766666667
108,136,278.783333333
109,136,278.8
110,136,278.816666667
111,136,278.833333333
112,136,278.85
113,136,278.866666667
114,136,278.883333333
115,136,278.9
116,136,278.916666667
117,136,278.933333333
118,136,278.95
119,136,278.966666667
120,136,278.983333333
1,137,279
2,137,279.016666667
3,137,279.033333333
4,137,279.05
5,137,279.066666667
6,137,279.083333333
7,137,279.1
8,137,279.116666667
9,137,279.133333333
10,137,279.15
11,137,279.166666667
12,137,279.183333333
13,137,279.2
14,137,279.216666667
15,137,279.233333333
16,137,279.25
17,137,279.266666667
18,137,279.283333333
19,137,279.3
20,137,279.316666667
21,137,279.333333333
22,137,279.35
23,137,279.366666667
24,137,279.383333333
25,137,279.4
26,137,279.416666667
27,137,279.433333333
28,137,279.45
29,137,279.466666667
30,137,279.483333333
31,137,279.5
32,137,279.516666667
33,137,279.533333333
34,137,279.55
35,137,279.566666667
36,137,279.583333333
37,137,279.6
38,137,279.616666667
39,137,279.633333333
40,137,279.65
41,137,279.666666667
42,137,279.683333333
43,137,279.7
44,137,279.716666667
45,137,279.733333333
46,137,279.75
47,137,279.766666667
48,137,279.783333333
49,137,279.8
50,137,279.816666667
51,137,279.833333333
52,137,279.85
53,137,279.866666667
54,137,279.883333333
55,137,279.9
56,137,279.916666667
57,137,279.933333333
58,137,279.95
59,137,279.966666667
60,137,279.983333333
61,137,280
62,137,280.016666667
63,137,280.033333333
64,137,280.05
65,137,280.066666667
66,137,280.083333333
67,137,280.1
68,137,280.116666667
69,137,280.133333333
70,137,280.15
71,137,280.166666667
72,137,280.183333333
73,137,280.2
74,137,280.216666667
75,137,280.233333333
76,137,280.25
77,137,280.266666667
78,137,280.283333333
79,137,280.3
80,137,280.316666667
81,137,280.333333333
82,137,280.35
83,137,280.366666667
84,137,280.383333333
85,137,280.4
86,137,280.416666667
87,137,280.433333333
88,137,280.45
89,137,280.466666667
90,137,280.483333333
91,137,280.5
92,137,280.516666667
93,137,280.533333333
94,137,280.55
95,137,280.566666667
96,137,280.583333333
97,137,280.6
98,137,280.616666667
99,137,280.633333333
100,137,280.65
101,137,280.666666667
102,137,280.683333333
103,137,280.7
104,137,280.716666667
105,137,280.733333333
106,137,280.75
107,137,280.766666667
108,137,280.783333333
109,137,280.8
110,137,280.816666667
111,137,280.833333333
112,137,280.85
113,137,280.866666667
114,137,280.883333333
115,137,280.9
116,137,280.916666667
117,137,280.933333333
118,137,280.95
119,137,280.966666667
120,137,280.983333333
1,138,281
2,138,281.016666667
3,138,281.033333333
4,138,281.05
5,138,281.066666667
6,138,281.083333333
7,138,281.1
8,138,281.116666667
9,138,281.133333333
10,138,281.15
11,138,281.166666667
12,138,281.183333333
13,138,281.2
14,138,281.216666667
15,138,281.233333333
16,138,281.25
17,138,281.266666667
18,138,281.283333333
19,138,281.3
20,138,281.316666667
21,138,281.333333333
22,138,281.35
23,138,281.366666667
24,138,281.383333333
25,138,281.4
26,138,281.416666667
27,138,281.433333333
28,138,281.45
29,138,281.466666667
30,138,281.483333333
31,138,281.5
32,138,281.516666667
33,138,281.533333333
34,138,281.55
35,138,281.566666667
36,138,281.583333333
37,138,281.6
38,138,281.616666667
39,138,281.633333333
40,138,281.65
41,138,281.666666667
42,138,281.683333333
43,138,281.7
44,138,281.716666667
45,138,281.733333333
46,138,281.75
47,138,281.766666667
48,138,281.783333333
49,138,281.8
50,138,281.816666667
51,138,281.833333333
52,138,281.85
53,138,281.866666667
54,138,281.883333333
55,138,281.9
56,138,281.916666667
57,138,281.933333333
58,138,281.95
59,138,281.966666667
60,138,281.983333333
61,138,282
62,138,282.016666667
63,138,282.033333333
64,138,282.05
65,138,282.066666667
66,138,282.083333333
67,138,282.1
68,138,282.116666667
69,138,282.133333333
70,138,282.15
71,138,282.166666667
72,138,282.183333333
73,138,282.2
74,138,282.216666667
75,138,282.233333333
76,138,282.25
77,138,282.266666667
78,138,282.283333333
79,138,282.3
80,138,282.316666667
81,138,282.333333333
82,138,282.35
83,138,282.366666667
84,138,282.383333333
85,138,282.4
86,138,282.416666667
87,138,282.433333333
88,138,282.45
89,138,282.466666667
90,138,282.483333333
91,138,282.5
92,138,282.516666667
93,138,282.533333333
94,138,282.55
95,138,282.566666667
96,138,282.583333333
97,138,282.6
98,138,282.616666667
99,138,282.633333333
100,138,282.65
101,138,282.666666667
102,138,282.683333333
103,138,282.7
104,138,282.716666667
105,138,282.733333333
106,138,282.75
107,138,282.766666667
108,138,282.783333333
109,138,282.8
110,138,282.816666667
111,138,282.833333333
112,138,282.85
113,138,282.866666667
114,138,282.883333333
115,138,282.9
116,138,282.916666667
117,138,282.933333333
118,138,282.95
119,138,282.966666667
120,138,282.983333333
1,139,283
2,139,283.016666667
3,139,283.033333333
4,139,283.05
5,139,283.066666667
6,139,283.083333333
7,139,283.1
8,139,283.116666667
9,139,283.133333333
10,139,283.15
11,139,283.166666667
12,139,283.183333333
13,139,283.2
14,139,283.216666667
15,139,283.233333333
16,139,283.25
17,139,283.266666667
18,139,283.283333333
19,139,283.3
20,139,283.316666667
21,139,283.333333333
22,139,283.35
23,139,283.366666667
24,139,283.383333333
25,139,283.4
26,139,283.416666667
27,139,283.433333333
28,139,283.45
29,139,283.466666667
30,139,283.483333333
31,139,283.5
32,139,283.516666667
33,139,283.533333333
34,139,283.55
35,139,283.566666667
36,139,283.583333333
37,139,283.6
38,139,283.616666667
39,139,283.633333333
40,139,283.65
41,139,283.666666667
42,139,283.683333333
43,139,283.7
44,139,283.716666667
45,139,283.733333333
46,139,283.75
47,139,283.766666667
48,139,283.783333333
49,139,283.8
50,139,283.816666667
51,139,283.833333333
52,139,283.85
53,139,283.866666667
54,139,283.883333333
55,139,283.9
56,139,283.916666667
57,139,283.933333333
58,139,283.95
59,139,283.966666667
60,139,283.983333333
61,139,284
62,139,284.016666667
63,139,284.033333333
64,139,284.05
65,139,284.066666667
66,139,284.083333333
67,139,284.1
68,139,284.116666667
69,139,284.133333333
70,139,284.15
71,139,284.166666667
72,139,284.183333333
73,139,284.2
74,139,284.216666667
75,139,284.233333333
76,139,284.25
77,139,284.266666667
78,139,284.283333333
79,139,284.3
80,139,284.316666667
81,139,284.333333333
82,139,284.35
83,139,284.366666667
84,139,284.383333333
85,139,284.4
86,139,284.416666667
87,139,284.433333333
88,139,284.45
89,139,284.466666667
90,139,284.483333333
91,139,284.5
92,139,284.516666667
93,139,284.533333333
94,139,284.55
95,139,284.566666667
96,139,284.583333333
97,139,284.6
98,139,284.616666667
99,139,284.633333333
100,139,284.65
101,139,284.666666667
102,139,284.683333333
103,139,284.7
104,139,284.716666667
105,139,284.733333333
106,139,284.75
107,139,284.766666667
108,139,284.783333333
109,139,284.8
110,139,284.816666667
111,139,284.833333333
112,139,284.85
113,139,284.866666667
114,139,284.883333333
115,139,284.9
116,139,284.916666667
117,139,284.933333333
118,139,284.95
119,139,284.966666667
120,139,284.983333333
1,140,285
2,140,285.016666667
3,140,285.033333333
4,140,285.05
5,140,285.066666667
6,140,285.083333333
7,140,285.1
8,140,285.116666667
9,140,285.133333333
10,140,285.15
11,140,285.166666667
12,140,285.183333333
13,140,285.2
14,140,285.216666667
15,140,285.233333333
16,140,285.25
17,140,285.266666667
18,140,285.283333333
19,140,285.3
20,140,285.316666667
21,140,285.333333333
22,140,285.35
23,140,285.366666667
24,140,285.383333333
25,140,285.4
26,140,285.416666667
27,140,285.433333333
28,140,285.45
29,140,285.466666667
30,140,285.483333333
31,140,285.5
32,140,285.516666667
33,140,285.533333333
34,140,285.55
35,140,285.566666667
36,140,285.583333333
37,140,285.6
38,140,285.616666667
39,140,285.633333333
40,140,285.65
41,140,285.666666667
42,140,285.683333333
43,140,285.7
44,140,285.716666667
45,140,285.733333333
46,140,285.75
47,140,285.766666667
48,140,285.783333333
49,140,285.8
50,140,285.816666667
51,140,285.833333333
52,140,285.85
53,140,285.866666667
54,140,285.883333333
55,140,285.9
56,140,285.916666667
57,140,285.933333333
58,140,285.95
59,140,285.966666667
60,140,285.983333333
61,140,286
62,140,286.016666667
63,140,286.033333333
64,140,286.05
65,140,286.066666667
66,140,286.083333333
67,140,286.1
68,140,286.116666667
69,140,286.133333333
70,140,286.15
71,140,286.166666667
72,140,286.183333333
73,140,286.2
74,140,286.216666667
75,140,286.233333333
76,140,286.25
77,140,286.266666667
78,140,286.283333333
79,140,286.3
80,140,286.316666667
81,140,286.333333333
82,140,286.35
83,140,286.366666667
84,140,286.383333333
85,140,286.4
86,140,286.416666667
87,140,286.433333333
88,140,286.45
89,140,286.466666667
90,140,286.483333333
91,140,286.5
92,140,286.516666667
93,140,286.533333333
94,140,286.55
95,140,286.566666667
96,140,286.583333333
97,140,286.6
98,140,286.616666667
99,140,286.633333333
100,140,286.65
101,140,286.666666667
102,140,286.683333333
103,140,286.7
104,140,286.716666667
105,140,286.733333333
106,140,286.75
107,140,286.766666667
108,140,286.783333333
109,140,286.8
110,140,286.816666667
111,140,286.833333333
112,140,286.85
113,140,286.866666667
114,140,286.883333333
115,140,286.9
116,140,286.916666667
117,140,286.933333333
118,140,286.95
119,140,286.966666667
120,140,286.983333333
1,141,287
2,141,287.016666667
3,141,287.033333333
4,141,287.05
5,141,287.066666667
6,141,287.083333333
7,141,287.1
8,141,287.116666667
9,141,287.133333333
10,141,287.15
11,141,287.166666667
12,141,287.183333333
13,141,287.2
14,141,287.216666667
15,141,287.233333333
16,141,287.25
17,141,287.266666667
18,141,287.283333333
19,141,287.3
20,141,287.316666667
21,141,287.333333333
22,141,287.35
23,141,287.366666667
24,141,287.383333333
25,141,287.4
26,141,287.416666667
27,141,287.433333333
28,141,287.45
29,141,287.466666667
30,141,287.483333333
31,141,287.5
32,141,287.516666667
33,141,287.533333333
34,141,287.55
35,141,287.566666667
36,141,287.583333333
37,141,287.6
38,141,287.616666667
39,141,287.633333333
40,141,287.65
41,141,287.666666667
42,141,287.683333333
43,141,287.7
44,141,287.716666667
45,141,287.733333333
46,141,287.75
47,141,287.766666667
48,141,287.783333333
49,141,287.8
50,141,287.816666667
51,141,287.833333333
52,141,287.85
53,141,287.866666667
54,141,287.883333333
55,141,287.9
56,141,287.916666667
57,141,287.933333333
58,141,287.95
59,141,287.966666667
60,141,287.983333333
61,141,288
62,141,288.016666667
63,141,288.033333333
64,141,288.05
65,141,288.066666667
66,141,288.083333333
67,141,288.1
68,141,288.116666667
69,141,288.133333333
70,141,288.15
71,141,288.166666667
72,141,288.183333333
73,141,288.2
74,141,288.216666667
75,141,288.233333333
76,141,288.25
77,141,288.266666667
78,141,288.283333333
79,141,288.3
80,141,288.316666667
81,141,288.333333333
82,141,288.35
83,141,288.366666667
84,141,288.383333333
85,141,288.4
86,141,288.416666667
87,141,288.433333333
88,141,288.45
89,141,288.466666667
90,141,288.483333333
91,141,288.5
92,141,288.516666667
93,141,288.533333333
94,141,288.55
95,141,288.566666667
96,141,288.583333333
97,141,288.6
98,141,288.616666667
99,141,288.633333333
100,141,288.65
101,141,288.666666667
102,141,288.683333333
103,141,288.7
104,141,288.716666667
105,141,288.733333333
106,141,288.75
107,141,288.766666667
108,141,288.783333333
109,141,288.8
110,141,288.816666667
111,141,288.833333333
112,141,288.85
113,141,288.866666667
114,141,288.883333333
115,141,288.9
116,141,288.916666667
117,141,288.933333333
118,141,288.95
119,141,288.966666667
120,141,288.983333333
1,142,289
2,142,289.016666667
3,142,289.033333333
4,142,289.05
5,142,289.066666667
6,142,289.083333333
7,142,289.1
8,142,289.116666667
9,142,289.133333333
10,142,289.15
11,142,289.166666667
12,142,289.183333333
13,142,289.2
14,142,289.216666667
15,142,289.233333333
16,142,289.25
17,142,289.266666667
18,142,289.283333333
19,142,289.3
20,142,289.316666667
21,142,289.333333333
22,142,289.35
23,142,289.366666667
24,142,289.383333333
25,142,289.4
26,142,289.416666667
27,142,289.433333333
28,142,289.45
29,142,289.466666667
30,142,289.483333333
31,142,289.5
32,142,289.516666667
33,142,289.533333333
34,142,289.55
35,142,289.566666667
36,142,289.583333333
37,142,289.6
38,142,289.616666667
39,142,289.633333333
40,142,289.65
41,142,289.666666667
42,142,289.683333333
43,142,289.7
44,142,289.716666667
45,142,289.733333333
46,142,289.75
47,142,289.766666667
48,142,289.783333333
49,142,289.8
50,142,289.816666667
51,142,289.833333333
52,142,289.85
53,142,289.866666667
54,142,289.883333333
55,142,289.9
56,142,289.916666667
57,142,289.933333333
58,142,289.95
59,142,289.966666667
60,142,289.983333333
61,142,290
62,142,290.016666667
63,142,290.033333333
64,142,290.05
65,142,290.066666667
66,142,290.083333333
67,142,290.1
68,142,290.116666667
69,142,290.133333333
70,142,290.15
71,142,290.166666667
72,142,290.183333333
73,142,290.2
74,142,290.216666667
75,142,290.233333333
76,142,290.25
77,142,290.266666667
78,142,290.283333333
79,142,290.3
80,142,290.316666667
81,142,290.333333333
82,142,290.35
83,142,290.366666667
84,142,290.383333333
85,142,290.4
86,142,290.416666667
87,142,290.433333333
88,142,290.45
89,142,290.466666667
90,142,290.483333333
91,142,290.5
92,142,290.516666667
93,142,290.533333333
94,142,290.55
95,142,290.566666667
96,142,290.583333333
97,142,290.6
98,142,290.616666667
99,142,290.633333333
100,142,290.65
101,142,290.666666667
102,142,290.683333333
103,142,290.7
104,142,290.716666667
105,142,290.733333333
106,142,290.75
107,142,290.766666667
108,142,290.783333333
109,142,290.8
110,142,290.816666667
111,142,290.833333333
112,142,290.85
113,142,290.866666667
114,142,290.883333333
115,142,290.9
116,142,290.916666667
117,142,290.933333333
118,142,290.95
119,142,290.966666667
120,142,290.983333333
1,143,291
2,143,291.016666667
3,143,291.033333333
4,143,291.05
5,143,291.066666667
6,143,291.083333333
7,143,291.1
8,143,291.116666667
9,143,291.133333333
10,143,291.15
11,143,291.166666667
12,143,291.183333333
13,143,291.2
14,143,291.216666667
15,143,291.233333333
16,143,291.25
17,143,291.266666667
18,143,291.283333333
19,143,291.3
20,143,291.316666667
21,143,291.333333333
22,143,291.35
23,143,291.366666667
24,143,291.383333333
25,143,291.4
26,143,291.416666667
27,143,291.433333333
28,143,291.45
29,143,291.466666667
30,143,291.483333333
31,143,291.5
32,143,291.516666667
33,143,291.533333333
34,143,291.55
35,143,291.566666667
36,143,291.583333333
37,143,291.6
38,143,291.616666667
39,143,291.633333333
40,143,291.65
41,143,291.666666667
42,143,291.683333333
43,143,291.7
44,143,291.716666667
45,143,291.733333333
46,143,291.75
47,143,291.766666667
48,143,291.783333333
49,143,291.8
50,143,291.816666667
51,143,291.833333333
52,143,291.85
53,143,291.866666667
54,143,291.883333333
55,143,291.9
56,143,291.916666667
57,143,291.933333333
58,143,291.95
59,143,291.966666667
60,143,291.983333333
61,143,292
62,143,292.016666667
63,143,292.033333333
64,143,292.05
65,143,292.066666667
66,143,292.083333333
67,143,292.1
68,143,292.116666667
69,143,292.133333333
70,143,292.15
71,143,292.166666667
72,143,292.183333333
73,143,292.2
74,143,292.216666667
75,143,292.233333333
76,143,292.25
77,143,292.266666667
78,143,292.283333333
79,143,292.3
80,143,292.316666667
81,143,292.333333333
82,143,292.35
83,143,292.366666667
84,143,292.383333333
85,143,292.4
86,143,292.416666667
87,143,292.433333333
88,143,292.45
89,143,292.466666667
90,143,292.483333333
91,143,292.5
92,143,292.516666667
93,143,292.533333333
94,143,292.55
95,143,292.566666667
96,143,292.583333333
97,143,292.6
98,143,292.616666667
99,143,292.633333333
100,143,292.65
101,143,292.666666667
102,143,292.683333333
103,143,292.7
104,143,292.716666667
105,143,292.733333333
106,143,292.75
107,143,292.766666667
108,143,292.783333333
109,143,292.8
110,143,292.816666667
111,143,292.833333333
112,143,292.85
113,143,292.866666667
114,143,292.883333333
115,143,292.9
116,143,292.916666667
117,143,292.933333333
118,143,292.95
119,143,292.966666667
120,143,292.983333333
1,144,293
2,144,293.016666667
3,144,293.033333333
4,144,293.05
5,144,293.066666667
6,144,293.083333333
7,144,293.1
8,144,293.116666667
9,144,293.133333333
10,144,293.15
11,144,293.166666667
12,144,293.183333333
13,144,293.2
14,144,293.216666667
15,144,293.233333333
16,144,293.25
17,144,293.266666667
18,144,293.283333333
19,144,293.3
20,144,293.316666667
21,144,293.333333333
22,144,293.35
23,144,293.366666667
24,144,293.383333333
25,144,293.4
26,144,293.416666667
27,144,293.433333333
28,144,293.45
29,144,293.466666667
30,144,293.483333333
31,144,293.5
32,144,293.516666667
33,144,293.533333333
34,144,293.55
35,144,293.566666667
36,144,293.583333333
37,144,293.6
38,144,293.616666667
39,144,293.633333333
40,144,293.65
41,144,293.666666667
42,144,293.683333333
43,144,293.7
44,144,293.716666667
45,144,293.733333333
46,144,293.75
47,144,293.766666667
48,144,293.783333333
49,144,293.8
50,144,293.816666667
51,144,293.833333333
52,144,293.85
53,144,293.866666667
54,144,293.883333333
55,144,293.9
56,144,293.916666667
57,144,293.933333333
58,144,293.95
59,144,293.966666667
60,144,293.983333333
61,144,294
62,144,294.016666667
63,144,294.033333333
64,144,294.05
65,144,294.066666667
66,144,294.083333333
67,144,294.1
68,144,294.116666667
69,144,294.133333333
70,144,294.15
71,144,294.166666667
72,144,294.183333333
73,144,294.2
74,144,294.216666667
75,144,294.233333333
76,144,294.25
77,144,294.266666667
78,144,294.283333333
79,144,294.3
80,144,294.316666667
81,144,294.333333333
82,144,294.35
83,144,294.366666667
84,144,294.383333333
85,144,294.4
86,144,294.416666667
87,144,294.433333333
88,144,294.45
89,144,294.466666667
90,144,294.483333333
91,144,294.5
92,144,294.516666667
93,144,294.533333333
94,144,294.55
95,144,294.566666667
96,144,294.583333333
97,144,294.6
98,144,294.616666667
99,144,294.633333333
100,144,294.65
101,144,294.666666667
102,144,294.683333333
103,144,294.7
104,144,294.716666667
105,144,294.733333333
106,144,294.75
107,144,294.766666667
108,144,294.783333333
109,144,294.8
110,144,294.816666667
111,144,294.833333333
112,144,294.85
113,144,294.866666667
114,144,294.883333333
115,144,294.9
116,144,294.916666667
117,144,294.933333333
118,144,294.95
119,144,294.966666667
120,144,294.983333333
1,145,295
2,145,295.016666667
3,145,295.033333333
4,145,295.05
5,145,295.066666667
6,145,295.083333333
7,145,295.1
8,145,295.116666667
9,145,295.133333333
10,145,295.15
11,145,295.166666667
12,145,295.183333333
13,145,295.2
14,145,295.216666667
15,145,295.233333333
16,145,295.25
17,145,295.266666667
18,145,295.283333333
19,145,295.3
20,145,295.316666667
21,145,295.333333333
22,145,295.35
23,145,295.366666667
24,145,295.383333333
25,145,295.4
26,145,295.416666667
27,145,295.433333333
28,145,295.45
29,145,295.466666667
30,145,295.483333333
31,145,295.5
32,145,295.516666667
33,145,295.533333333
34,145,295.55
35,145,295.566666667
36,145,295.583333333
37,145,295.6
38,145,295.616666667
39,145,295.633333333
40,145,295.65
41,145,295.666666667
42,145,295.683333333
43,145,295.7
44,145,295.716666667
45,145,295.733333333
46,145,295.75
47,145,295.766666667
48,145,295.783333333
49,145,295.8
50,145,295.816666667
51,145,295.833333333
52,145,295.85
53,145,295.866666667
54,145,295.883333333
55,145,295.9
56,145,295.916666667
57,145,295.933333333
58,145,295.95
59,145,295.966666667
60,145,295.983333333
61,145,296
62,145,296.016666667
63,145,296.033333333
64,145,296.05
65,145,296.066666667
66,145,296.083333333
67,145,296.1
68,145,296.116666667
69,145,296.133333333
70,145,296.15
71,145,296.166666667
72,145,296.183333333
73,145,296.2
74,145,296.216666667
75,145,296.233333333
76,145,296.25
77,145,296.266666667
78,145,296.283333333
79,145,296.3
80,145,296.316666667
81,145,296.333333333
82,145,296.35
83,145,296.366666667
84,145,296.383333333
85,145,296.4
86,145,296.416666667
87,145,296.433333333
88,145,296.45
89,145,296.466666667
90,145,296.483333333
91,145,296.5
92,145,296.516666667
93,145,296.533333333
94,145,296.55
95,145,296.566666667
96,145,296.583333333
97,145,296.6
98,145,296.616666667
99,145,296.633333333
100,145,296.65
101,145,296.666666667
102,145,296.683333333
103,145,296.7
104,145,296.716666667
105,145,296.733333333
106,145,296.75
107,145,296.766666667
108,145,296.783333333
109,145,296.8
110,145,296.816666667
111,145,296.833333333
112,145,296.85
113,145,296.866666667
114,145,296.883333333
115,145,296.9
116,145,296.916666667
117,145,296.933333333
118,145,296.95
119,145,296.966666667
120,145,296.983333333
1,146,297
2,146,297.016666667
3,146,297.033333333
4,146,297.05
5,146,297.066666667
6,146,297.083333333
7,146,297.1
8,146,297.116666667
9,146,297.133333333
10,146,297.15
11,146,297.166666667
12,146,297.183333333
13,146,297.2
14,146,297.216666667
15,146,297.233333333
16,146,297.25
17,146,297.266666667
18,146,297.283333333
19,146,297.3
20,146,297.316666667
21,146,297.333333333
22,146,297.35
23,146,297.366666667
24,146,297.383333333
25,146,297.4
26,146,297.416666667
27,146,297.433333333
28,146,297.45
29,146,297.466666667
30,146,297.483333333
31,146,297.5
32,146,297.516666667
33,146,297.533333333
34,146,297.55
35,146,297.566666667
36,146,297.583333333
37,146,297.6
38,146,297.616666667
39,146,297.633333333
40,146,297.65
41,146,297.666666667
42,146,297.683333333
43,146,297.7
44,146,297.716666667
45,146,297.733333333
46,146,297.75
47,146,297.766666667
48,146,297.783333333
49,146,297.8
50,146,297.816666667
51,146,297.833333333
52,146,297.85
53,146,297.866666667
54,146,297.883333333
55,146,297.9
56,146,297.916666667
57,146,297.933333333
58,146,297.95
59,146,297.966666667
60,146,297.983333333
61,146,298
62,146,298.016666667
63,146,298.033333333
64,146,298.05
65,146,298.066666667
66,146,298.083333333
67,146,298.1
68,146,298.116666667
69,146,298.133333333
70,146,298.15
71,146,298.166666667
72,146,298.183333333
73,146,298.2
74,146,298.216666667
75,146,298.233333333
76,146,298.25
77,146,298.266666667
78,146,298.283333333
79,146,298.3
80,146,298.316666667
81,146,298.333333333
82,146,298.35
83,146,298.366666667
84,146,298.383333333
85,146,298.4
86,146,298.416666667
87,146,298.433333333
88,146,298.45
89,146,298.466666667
90,146,298.483333333
91,146,298.5
92,146,298.516666667
93,146,298.533333333
94,146,298.55
95,146,298.566666667
96,146,298.583333333
97,146,298.6
98,146,298.616666667
99,146,298.633333333
100,146,298.65
101,146,298.666666667
102,146,298.683333333
103,146,298.7
104,146,298.716666667
105,146,298.733333333
106,146,298.75
107,146,298.766666667
108,146,298.783333333
109,146,298.8
110,146,298.816666667
111,146,298.833333333
112,146,298.85
113,146,298.866666667
114,146,298.883333333
115,146,298.9
116,146,298.916666667
117,146,298.933333333
118,146,298.95
119,146,298.966666667
120,146,298.983333333
1,147,299
2,147,299.016666667
3,147,299.033333333
4,147,299.05
5,147,299.066666667
6,147,299.083333333
7,147,299.1
8,147,299.116666667
9,147,299.133333333
10,147,299.15
11,147,299.166666667
12,147,299.183333333
13,147,299.2
14,147,299.216666667
15,147,299.233333333
16,147,299.25
17,147,299.266666667
18,147,299.283333333
19,147,299.3
20,147,299.316666667
21,147,299.333333333
22,147,299.35
23,147,299.366666667
24,147,299.383333333
25,147,299.4
26,147,299.416666667
27,147,299.433333333
28,147,299.45
29,147,299.466666667
30,147,299.483333333
31,147,299.5
32,147,299.516666667
33,147,299.533333333
34,147,299.55
35,147,299.566666667
36,147,299.583333333
37,147,299.6
38,147,299.616666667
39,147,299.633333333
40,147,299.65
41,147,299.666666667
42,147,299.683333333
43,147,299.7
44,147,299.716666667
45,147,299.733333333
46,147,299.75
47,147,299.766666667
48,147,299.783333333
49,147,299.8
50,147,299.816666667
51,147,299.833333333
52,147,299.85
53,147,299.866666667
54,147,299.883333333
55,147,299.9
56,147,299.916666667
57,147,299.933333333
58,147,299.95
59,147,299.966666667
60,147,299.983333333
61,147,300
62,147,300.016666667
63,147,300.033333333
64,147,300.05
65,147,300.066666667
66,147,300.083333333
67,147,300.1
68,147,300.116666667
69,147,300.133333333
70,147,300.15
71,147,300.166666667
72,147,300.183333333
73,147,300.2
74,147,300.216666667
75,147,300.233333333
76,147,300.25
77,147,300.266666667
78,147,300.283333333
79,147,300.3
80,147,300.316666667
81,147,300.333333333
82,147,300.35
83,147,300.366666667
84,147,300.383333333
85,147,300.4
86,147,300.416666667
87,147,300.433333333
88,147,300.45
89,147,300.466666667
90,147,300.483333333
91,147,300.5
92,147,300.516666667
93,147,300.533333333
94,147,300.55
95,147,300.566666667
96,147,300.583333333
97,147,300.6
98,147,300.616666667
99,147,300.633333333
100,147,300.65
101,147,300.666666667
102,147,300.683333333
103,147,300.7
104,147,300.716666667
105,147,300.733333333
106,147,300.75
107,147,300.766666667
108,147,300.783333333
109,147,300.8
110,147,300.816666667
111,147,300.833333333
112,147,300.85
113,147,300.866666667
114,147,300.883333333
115,147,300.9
116,147,300.916666667
117,147,300.933333333
118,147,300.95
119,147,300.966666667
120,147,300.983333333
1,148,301
2,148,301.016666667
3,148,301.033333333
4,148,301.05
5,148,301.066666667
6,148,301.083333333
7,148,301.1
8,148,301.116666667
9,148,301.133333333
10,148,301.15
11,148,301.166666667
12,148,301.183333333
13,148,301.2
14,148,301.216666667
15,148,301.233333333
16,148,301.25
17,148,301.266666667
18,148,301.283333333
19,148,301.3
20,148,301.316666667
21,148,301.333333333
22,148,301.35
23,148,301.366666667
24,148,301.383333333
25,148,301.4
26,148,301.416666667
27,148,301.433333333
28,148,301.45
29,148,301.466666667
30,148,301.483333333
31,148,301.5
32,148,301.516666667
33,148,301.533333333
34,148,301.55
35,148,301.566666667
36,148,301.583333333
37,148,301.6
38,148,301.616666667
39,148,301.633333333
40,148,301.65
41,148,301.666666667
42,148,301.683333333
43,148,301.7
44,148,301.716666667
45,148,301.733333333
46,148,301.75
47,148,301.766666667
48,148,301.783333333
49,148,301.8
50,148,301.816666667
51,148,301.833333333
52,148,301.85
53,148,301.866666667
54,148,301.883333333
55,148,301.9
56,148,301.916666667
57,148,301.933333333
58,148,301.95
59,148,301.966666667
60,148,301.983333333
61,148,302
62,148,302.016666667
63,148,302.033333333
64,148,302.05
65,148,302.066666667
66,148,302.083333333
67,148,302.1
68,148,302.116666667
69,148,302.133333333
70,148,302.15
71,148,302.166666667
72,148,302.183333333
73,148,302.2
74,148,302.216666667
75,148,302.233333333
76,148,302.25
77,148,302.266666667
78,148,302.283333333
79,148,302.3
80,148,302.316666667
81,148,302.333333333
82,148,302.35
83,148,302.366666667
84,148,302.383333333
85,148,302.4
86,148,302.416666667
87,148,302.433333333
88,148,302.45
89,148,302.466666667
90,148,302.483333333
91,148,302.5
92,148,302.516666667
93,148,302.533333333
94,148,302.55
95,148,302.566666667
96,148,302.583333333
97,148,302.6
98,148,302.616666667
99,148,302.633333333
100,148,302.65
101,148,302.666666667
102,148,302.683333333
103,148,302.7
104,148,302.716666667
105,148,302.733333333
106,148,302.75
107,148,302.766666667
108,148,302.783333333
109,148,302.8
110,148,302.816666667
111,148,302.833333333
112,148,302.85
113,148,302.866666667
114,148,302.883333333
115,148,302.9
116,148,302.916666667
117,148,302.933333333
118,148,302.95
119,148,302.966666667
120,148,302.983333333
1,149,303
2,149,303.016666667
3,149,303.033333333
4,149,303.05
5,149,303.066666667
6,149,303.083333333
7,149,303.1
8,149,303.116666667
9,149,303.133333333
10,149,303.15
11,149,303.166666667
12,149,303.183333333
13,149,303.2
14,149,303.216666667
15,149,303.233333333
16,149,303.25
17,149,303.266666667
18,149,303.283333333
19,149,303.3
20,149,303.316666667
21,149,303.333333333
22,149,303.35
23,149,303.366666667
24,149,303.383333333
25,149,303.4
26,149,303.416666667
27,149,303.433333333
28,149,303.45
29,149,303.466666667
30,149,303.483333333
31,149,303.5
32,149,303.516666667
33,149,303.533333333
34,149,303.55
35,149,303.566666667
36,149,303.583333333
37,149,303.6
38,149,303.616666667
39,149,303.633333333
40,149,303.65
41,149,303.666666667
42,149,303.683333333
43,149,303.7
44,149,303.716666667
45,149,303.733333333
46,149,303.75
47,149,303.766666667
48,149,303.783333333
49,149,303.8
50,149,303.816666667
51,149,303.833333333
52,149,303.85
53,149,303.866666667
54,149,303.883333333
55,149,303.9
56,149,303.916666667
57,149,303.933333333
58,149,303.95
59,149,303.966666667
60,149,303.983333333
61,149,304
62,149,304.016666667
63,149,304.033333333
64,149,304.05
65,149,304.066666667
66,149,304.083333333
67,149,304.1
68,149,304.116666667
69,149,304.133333333
70,149,304.15
71,149,304.166666667
72,149,304.183333333
73,149,304.2
74,149,304.216666667
75,149,304.233333333
76,149,304.25
77,149,304.266666667
78,149,304.283333333
79,149,304.3
80,149,304.316666667
81,149,304.333333333
82,149,304.35
83,149,304.366666667
84,149,304.383333333
85,149,304.4
86,149,304.416666667
87,149,304.433333333
88,149,304.45
89,149,304.466666667
90,149,304.483333333
91,149,304.5
92,149,304.516666667
93,149,304.533333333
94,149,304.55
95,149,304.566666667
96,149,304.583333333
97,149,304.6
98,149,304.616666667
99,149,304.633333333
100,149,304.65
101,149,304.666666667
102,149,304.683333333
103,149,304.7
104,149,304.716666667
105,149,304.733333333
106,149,304.75
107,149,304.766666667
108,149,304.783333333
109,149,304.8
110,149,304.816666667
111,149,304.833333333
112,149,304.85
113,149,304.866666667
114,149,304.883333333
115,149,304.9
116,149,304.916666667
117,149,304.933333333
118,149,304.95
119,149,304.966666667
120,149,304.983333333
1,150,305
2,150,305.016666667
3,150,305.033333333
4,150,305.05
5,150,305.066666667
6,150,305.083333333
7,150,305.1
8,150,305.116666667
9,150,305.133333333
10,150,305.15
11,150,305.166666667
12,150,305.183333333
13,150,305.2
14,150,305.216666667
15,150,305.233333333
16,150,305.25
17,150,305.266666667
18,150,305.283333333
19,150,305.3
20,150,305.316666667
21,150,305.333333333
22,150,305.35
23,150,305.366666667
24,150,305.383333333
25,150,305.4
26,150,305.416666667
27,150,305.433333333
28,150,305.45
29,150,305.466666667
30,150,305.483333333
31,150,305.5
32,150,305.516666667
33,150,305.533333333
34,150,305.55
35,150,305.566666667
36,150,305.583333333
37,150,305.6
38,150,305.616666667
39,150,305.633333333
40,150,305.65
41,150,305.666666667
42,150,305.683333333
43,150,305.7
44,150,305.716666667
45,150,305.733333333
46,150,305.75
47,150,305.766666667
48,150,305.783333333
49,150,305.8
50,150,305.816666667
51,150,305.833333333
52,150,305.85
53,150,305.866666667
54,150,305.883333333
55,150,305.9
56,150,305.916666667
57,150,305.933333333
58,150,305.95
59,150,305.966666667
60,150,305.983333333
61,150,306
62,150,306.016666667
63,150,306.033333333
64,150,306.05
65,150,306.066666667
66,150,306.083333333
67,150,306.1
68,150,306.116666667
69,150,306.133333333
70,150,306.15
71,150,306.166666667
72,150,306.183333333
73,150,306.2
74,150,306.216666667
75,150,306.233333333
76,150,306.25
77,150,306.266666667
78,150,306.283333333
79,150,306.3
80,150,306.316666667
81,150,306.333333333
82,150,306.35
83,150,306.366666667
84,150,306.383333333
85,150,306.4
86,150,306.416666667
87,150,306.433333333
88,150,306.45
89,150,306.466666667
90,150,306.483333333
91,150,306.5
92,150,306.516666667
93,150,306.533333333
94,150,306.55
95,150,306.566666667
96,150,306.583333333
97,150,306.6
98,150,306.616666667
99,150,306.633333333
100,150,306.65
101,150,306.666666667
102,150,306.683333333
103,150,306.7
104,150,306.716666667
105,150,306.733333333
106,150,306.75
107,150,306.766666667
108,150,306.783333333
109,150,306.8
110,150,306.816666667
111,150,306.833333333
112,150,306.85
113,150,306.866666667
114,150,306.883333333
115,150,306.9
116,150,306.916666667
117,150,306.933333333
118,150,306.95
119,150,306.966666667
120,150,306.983333333
1,151,307
2,151,307.016666667
3,151,307.033333333
4,151,307.05
5,151,307.066666667
6,151,307.083333333
7,151,307.1
8,151,307.116666667
9,151,307.133333333
10,151,307.15
11,151,307.166666667
12,151,307.183333333
13,151,307.2
14,151,307.216666667
15,151,307.233333333
16,151,307.25
17,151,307.266666667
18,151,307.283333333
19,151,307.3
20,151,307.316666667
21,151,307.333333333
22,151,307.35
23,151,307.366666667
24,151,307.383333333
25,151,307.4
26,151,307.416666667
27,151,307.433333333
28,151,307.45
29,151,307.466666667
30,151,307.483333333
31,151,307.5
32,151,307.516666667
33,151,307.533333333
34,151,307.55
35,151,307.566666667
36,151,307.583333333
37,151,307.6
38,151,307.616666667
39,151,307.633333333
40,151,307.65
41,151,307.666666667
42,151,307.683333333
43,151,307.7
44,151,307.716666667
45,151,307.733333333
46,151,307.75
47,151,307.766666667
48,151,307.783333333
49,151,307.8
50,151,307.816666667
51,151,307.833333333
52,151,307.85
53,151,307.866666667
54,151,307.883333333
55,151,307.9
56,151,307.916666667
57,151,307.933333333
58,151,307.95
59,151,307.966666667
60,151,307.983333333
61,151,308
62,151,308.016666667
63,151,308.033333333
64,151,308.05
65,151,308.066666667
66,151,308.083333333
67,151,308.1
68,151,308.116666667
69,151,308.133333333
70,151,308.15
71,151,308.166666667
72,151,308.183333333
73,151,308.2
74,151,308.216666667
75,151,308.233333333
76,151,308.25
77,151,308.266666667
78,151,308.283333333
79,151,308.3
80,151,308.316666667
81,151,308.333333333
82,151,308.35
83,151,308.366666667
84,151,308.383333333
85,151,308.4
86,151,308.416666667
87,151,308.433333333
88,151,308.45
89,151,308.466666667
90,151,308.483333333
91,151,308.5
92,151,308.516666667
93,151,308.533333333
94,151,308.55
95,151,308.566666667
96,151,308.583333333
97,151,308.6
98,151,308.616666667
99,151,308.633333333
100,151,308.65
101,151,308.666666667
102,151,308.683333333
103,151,308.7
104,151,308.716666667
105,151,308.733333333
106,151,308.75
107,151,308.766666667
108,151,308.783333333
109,151,308.8
110,151,308.816666667
111,151,308.833333333
112,151,308.85
113,151,308.866666667
114,151,308.883333333
115,151,308.9
116,151,308.916666667
117,151,308.933333333
118,151,308.95
119,151,308.966666667
120,151,308.983333333
1,152,309
2,152,309.016666667
3,152,309.033333333
4,152,309.05
5,152,309.066666667
6,152,309.083333333
7,152,309.1
8,152,309.116666667
9,152,309.133333333
10,152,309.15
11,152,309.166666667
12,152,309.183333333
13,152,309.2
14,152,309.216666667
15,152,309.233333333
16,152,309.25
17,152,309.266666667
18,152,309.283333333
19,152,309.3
20,152,309.316666667
21,152,309.333333333
22,152,309.35
23,152,309.366666667
24,152,309.383333333
25,152,309.4
26,152,309.416666667
27,152,309.433333333
28,152,309.45
29,152,309.466666667
30,152,309.483333333
31,152,309.5
32,152,309.516666667
33,152,309.533333333
34,152,309.55
35,152,309.566666667
36,152,309.583333333
37,152,309.6
38,152,309.616666667
39,152,309.633333333
40,152,309.65
41,152,309.666666667
42,152,309.683333333
43,152,309.7
44,152,309.716666667
45,152,309.733333333
46,152,309.75
47,152,309.766666667
48,152,309.783333333
49,152,309.8
50,152,309.816666667
51,152,309.833333333
52,152,309.85
53,152,309.866666667
54,152,309.883333333
55,152,309.9
56,152,309.916666667
57,152,309.933333333
58,152,309.95
59,152,309.966666667
60,152,309.983333333
61,152,310
62,152,310.016666667
63,152,310.033333333
64,152,310.05
65,152,310.066666667
66,152,310.083333333
67,152,310.1
68,152,310.116666667
69,152,310.133333333
70,152,310.15
71,152,310.166666667
72,152,310.183333333
73,152,310.2
74,152,310.216666667
75,152,310.233333333
76,152,310.25
77,152,310.266666667
78,152,310.283333333
79,152,310.3
80,152,310.316666667
81,152,310.333333333
82,152,310.35
83,152,310.366666667
84,152,310.383333333
85,152,310.4
86,152,310.416666667
87,152,310.433333333
88,152,310.45
89,152,310.466666667
90,152,310.483333333
91,152,310.5
92,152,310.516666667
93,152,310.533333333
94,152,310.55
95,152,310.566666667
96,152,310.583333333
97,152,310.6
98,152,310.616666667
99,152,310.633333333
100,152,310.65
101,152,310.666666667
102,152,310.683333333
103,152,310.7
104,152,310.716666667
105,152,310.733333333
106,152,310.75
107,152,310.766666667
108,152,310.783333333
109,152,310.8
110,152,310.816666667
111,152,310.833333333
112,152,310.85
113,152,310.866666667
114,152,310.883333333
115,152,310.9
116,152,310.916666667
117,152,310.933333333
118,152,310.95
119,152,310.966666667
120,152,310.983333333
1,153,311
2,153,311.016666667
3,153,311.033333333
4,153,311.05
5,153,311.066666667
6,153,311.083333333
7,153,311.1
8,153,311.116666667
9,153,311.133333333
10,153,311.15
11,153,311.166666667
12,153,311.183333333
13,153,311.2
14,153,311.216666667
15,153,311.233333333
16,153,311.25
17,153,311.266666667
18,153,311.283333333
19,153,311.3
20,153,311.316666667
21,153,311.333333333
22,153,311.35
23,153,311.366666667
24,153,311.383333333
25,153,311.4
26,153,311.416666667
27,153,311.433333333
28,153,311.45
29,153,311.466666667
30,153,311.483333333
31,153,311.5
32,153,311.516666667
33,153,311.533333333
34,153,311.55
35,153,311.566666667
36,153,311.583333333
37,153,311.6
38,153,311.616666667
39,153,311.633333333
40,153,311.65
41,153,311.666666667
42,153,311.683333333
43,153,311.7
44,153,311.716666667
45,153,311.733333333
46,153,311.75
47,153,311.766666667
48,153,311.783333333
49,153,311.8
50,153,311.816666667
51,153,311.833333333
52,153,311.85
53,153,311.866666667
54,153,311.883333333
55,153,311.9
56,153,311.916666667
57,153,311.933333333
58,153,311.95
59,153,311.966666667
60,153,311.983333333
61,153,312
62,153,312.016666667
63,153,312.033333333
64,153,312.05
65,153,312.066666667
66,153,312.083333333
67,153,312.1
68,153,312.116666667
69,153,312.133333333
70,153,312.15
71,153,312.166666667
72,153,312.183333333
73,153,312.2
74,153,312.216666667
75,153,312.233333333
76,153,312.25
77,153,312.266666667
78,153,312.283333333
79,153,312.3
80,153,312.316666667
81,153,312.333333333
82,153,312.35
83,153,312.366666667
84,153,312.383333333
85,153,312.4
86,153,312.416666667
87,153,312.433333333
88,153,312.45
89,153,312.466666667
90,153,312.483333333
91,153,312.5
92,153,312.516666667
93,153,312.533333333
94,153,312.55
95,153,312.566666667
96,153,312.583333333
97,153,312.6
98,153,312.616666667
99,153,312.633333333
100,153,312.65
101,153,312.666666667
102,153,312.683333333
103,153,312.7
104,153,312.716666667
105,153,312.733333333
106,153,312.75
107,153,312.766666667
108,153,312.783333333
109,153,312.8
110,153,312.816666667
111,153,312.833333333
112,153,312.85
113,153,312.866666667
114,153,312.883333333
115,153,312.9
116,153,312.916666667
117,153,312.933333333
118,153,312.95
119,153,312.966666667
120,153,312.983333333
1,154,313
2,154,313.016666667
3,154,313.033333333
4,154,313.05
5,154,313.066666667
6,154,313.083333333
7,154,313.1
8,154,313.116666667
9,154,313.133333333
10,154,313.15
11,154,313.166666667
12,154,313.183333333
13,154,313.2
14,154,313.216666667
15,154,313.233333333
16,154,313.25
17,154,313.266666667
18,154,313.283333333
19,154,313.3
20,154,313.316666667
21,154,313.333333333
22,154,313.35
23,154,313.366666667
24,154,313.383333333
25,154,313.4
26,154,313.416666667
27,154,313.433333333
28,154,313.45
29,154,313.466666667
30,154,313.483333333
31,154,313.5
32,154,313.516666667
33,154,313.533333333
34,154,313.55
35,154,313.566666667
36,154,313.583333333
37,154,313.6
38,154,313.616666667
39,154,313.633333333
40,154,313.65
41,154,313.666666667
42,154,313.683333333
43,154,313.7
44,154,313.716666667
45,154,313.733333333
46,154,313.75
47,154,313.766666667
48,154,313.783333333
49,154,313.8
50,154,313.816666667
51,154,313.833333333
52,154,313.85
53,154,313.866666667
54,154,313.883333333
55,154,313.9
56,154,313.916666667
57,154,313.933333333
58,154,313.95
59,154,313.966666667
60,154,313.983333333
61,154,314
62,154,314.016666667
63,154,314.033333333
64,154,314.05
65,154,314.066666667
66,154,314.083333333
67,154,314.1
68,154,314.116666667
69,154,314.133333333
70,154,314.15
71,154,314.166666667
72,154,314.183333333
73,154,314.2
74,154,314.216666667
75,154,314.233333333
76,154,314.25
77,154,314.266666667
78,154,314.283333333
79,154,314.3
80,154,314.316666667
81,154,314.333333333
82,154,314.35
83,154,314.366666667
84,154,314.383333333
85,154,314.4
86,154,314.416666667
87,154,314.433333333
88,154,314.45
89,154,314.466666667
90,154,314.483333333
91,154,314.5
92,154,314.516666667
93,154,314.533333333
94,154,314.55
95,154,314.566666667
96,154,314.583333333
97,154,314.6
98,154,314.616666667
99,154,314.633333333
100,154,314.65
101,154,314.666666667
102,154,314.683333333
103,154,314.7
104,154,314.716666667
105,154,314.733333333
106,154,314.75
107,154,314.766666667
108,154,314.783333333
109,154,314.8
110,154,314.816666667
111,154,314.833333333
112,154,314.85
113,154,314.866666667
114,154,314.883333333
115,154,314.9
116,154,314.916666667
117,154,314.933333333
118,154,314.95
119,154,314.966666667
120,154,314.983333333
1,155,315
2,155,315.016666667
3,155,315.033333333
4,155,315.05
5,155,315.066666667
6,155,315.083333333
7,155,315.1
8,155,315.116666667
9,155,315.133333333
10,155,315.15
11,155,315.166666667
12,155,315.183333333
13,155,315.2
14,155,315.216666667
15,155,315.233333333
16,155,315.25
17,155,315.266666667
18,155,315.283333333
19,155,315.3
20,155,315.316666667
21,155,315.333333333
22,155,315.35
23,155,315.366666667
24,155,315.383333333
25,155,315.4
26,155,315.416666667
27,155,315.433333333
28,155,315.45
29,155,315.466666667
30,155,315.483333333
31,155,315.5
32,155,315.516666667
33,155,315.533333333
34,155,315.55
35,155,315.566666667
36,155,315.583333333
37,155,315.6
38,155,315.616666667
39,155,315.633333333
40,155,315.65
41,155,315.666666667
42,155,315.683333333
43,155,315.7
44,155,315.716666667
45,155,315.733333333
46,155,315.75
47,155,315.766666667
48,155,315.783333333
49,155,315.8
50,155,315.816666667
51,155,315.833333333
52,155,315.85
53,155,315.866666667
54,155,315.883333333
55,155,315.9
56,155,315.916666667
57,155,315.933333333
58,155,315.95
59,155,315.966666667
60,155,315.983333333
61,155,316
62,155,316.016666667
63,155,316.033333333
64,155,316.05
65,155,316.066666667
66,155,316.083333333
67,155,316.1
68,155,316.116666667
69,155,316.133333333
70,155,316.15
71,155,316.166666667
72,155,316.183333333
73,155,316.2
74,155,316.216666667
75,155,316.233333333
76,155,316.25
77,155,316.266666667
78,155,316.283333333
79,155,316.3
80,155,316.316666667
81,155,316.333333333
82,155,316.35
83,155,316.366666667
84,155,316.383333333
85,155,316.4
86,155,316.416666667
87,155,316.433333333
88,155,316.45
89,155,316.466666667
90,155,316.483333333
91,155,316.5
92,155,316.516666667
93,155,316.533333333
94,155,316.55
95,155,316.566666667
96,155,316.583333333
97,155,316.6
98,155,316.616666667
99,155,316.633333333
100,155,316.65
101,155,316.666666667
102,155,316.683333333
103,155,316.7
104,155,316.716666667
105,155,316.733333333
106,155,316.75
107,155,316.766666667
108,155,316.783333333
109,155,316.8
110,155,316.816666667
111,155,316.833333333
112,155,316.85
113,155,316.866666667
114,155,316.883333333
115,155,316.9
116,155,316.916666667
117,155,316.933333333
118,155,316.95
119,155,316.966666667
120,155,316.983333333
1,156,317
2,156,317.016666667
3,156,317.033333333
4,156,317.05
5,156,317.066666667
6,156,317.083333333
7,156,317.1
8,156,317.116666667
9,156,317.133333333
10,156,317.15
11,156,317.166666667
12,156,317.183333333
13,156,317.2
14,156,317.216666667
15,156,317.233333333
16,156,317.25
17,156,317.266666667
18,156,317.283333333
19,156,317.3
20,156,317.316666667
21,156,317.333333333
22,156,317.35
23,156,317.366666667
24,156,317.383333333
25,156,317.4
26,156,317.416666667
27,156,317.433333333
28,156,317.45
29,156,317.466666667
30,156,317.483333333
31,156,317.5
32,156,317.516666667
33,156,317.533333333
34,156,317.55
35,156,317.566666667
36,156,317.583333333
37,156,317.6
38,156,317.616666667
39,156,317.633333333
40,156,317.65
41,156,317.666666667
42,156,317.683333333
43,156,317.7
44,156,317.716666667
45,156,317.733333333
46,156,317.75
47,156,317.766666667
48,156,317.783333333
49,156,317.8
50,156,317.816666667
51,156,317.833333333
52,156,317.85
53,156,317.866666667
54,156,317.883333333
55,156,317.9
56,156,317.916666667
57,156,317.933333333
58,156,317.95
59,156,317.966666667
60,156,317.983333333
61,156,318
62,156,318.016666667
63,156,318.033333333
64,156,318.05
65,156,318.066666667
66,156,318.083333333
67,156,318.1
68,156,318.116666667
69,156,318.133333333
70,156,318.15
71,156,318.166666667
72,156,318.183333333
73,156,318.2
74,156,318.216666667
75,156,318.233333333
76,156,318.25
77,156,318.266666667
78,156,318.283333333
79,156,318.3
80,156,318.316666667
81,156,318.333333333
82,156,318.35
83,156,318.366666667
84,156,318.383333333
85,156,318.4
86,156,318.416666667
87,156,318.433333333
88,156,318.45
89,156,318.466666667
90,156,318.483333333
91,156,318.5
92,156,318.516666667
93,156,318.533333333
94,156,318.55
95,156,318.566666667
96,156,318.583333333
97,156,318.6
98,156,318.616666667
99,156,318.633333333
100,156,318.65
101,156,318.666666667
102,156,318.683333333
103,156,318.7
104,156,318.716666667
105,156,318.733333333
106,156,318.75
107,156,318.766666667
108,156,318.783333333
109,156,318.8
110,156,318.816666667
111,156,318.833333333
112,156,318.85
113,156,318.866666667
114,156,318.883333333
115,156,318.9
116,156,318.916666667
117,156,318.933333333
118,156,318.95
119,156,318.966666667
120,156,318.983333333
1,157,319
2,157,319.016666667
3,157,319.033333333
4,157,319.05
5,157,319.066666667
6,157,319.083333333
7,157,319.1
8,157,319.116666667
9,157,319.133333333
10,157,319.15
11,157,319.166666667
12,157,319.183333333
13,157,319.2
14,157,319.216666667
15,157,319.233333333
16,157,319.25
17,157,319.266666667
18,157,319.283333333
19,157,319.3
20,157,319.316666667
21,157,319.333333333
22,157,319.35
23,157,319.366666667
24,157,319.383333333
25,157,319.4
26,157,319.416666667
27,157,319.433333333
28,157,319.45
29,157,319.466666667
30,157,319.483333333
31,157,319.5
32,157,319.516666667
33,157,319.533333333
34,157,319.55
35,157,319.566666667
36,157,319.583333333
37,157,319.6
38,157,319.616666667
39,157,319.633333333
40,157,319.65
41,157,319.666666667
42,157,319.683333333
43,157,319.7
44,157,319.716666667
45,157,319.733333333
46,157,319.75
47,157,319.766666667
48,157,319.783333333
49,157,319.8
50,157,319.816666667
51,157,319.833333333
52,157,319.85
53,157,319.866666667
54,157,319.883333333
55,157,319.9
56,157,319.916666667
57,157,319.933333333
58,157,319.95
59,157,319.966666667
60,157,319.983333333
61,157,320
62,157,320.016666667
63,157,320.033333333
64,157,320.05
65,157,320.066666667
66,157,320.083333333
67,157,320.1
68,157,320.116666667
69,157,320.133333333
70,157,320.15
71,157,320.166666667
72,157,320.183333333
73,157,320.2
74,157,320.216666667
75,157,320.233333333
76,157,320.25
77,157,320.266666667
78,157,320.283333333
79,157,320.3
80,157,320.316666667
81,157,320.333333333
82,157,320.35
83,157,320.366666667
84,157,320.383333333
85,157,320.4
86,157,320.416666667
87,157,320.433333333
88,157,320.45
89,157,320.466666667
90,157,320.483333333
91,157,320.5
92,157,320.516666667
93,157,320.533333333
94,157,320.55
95,157,320.566666667
96,157,320.583333333
97,157,320.6
98,157,320.616666667
99,157,320.633333333
100,157,320.65
101,157,320.666666667
102,157,320.683333333
103,157,320.7
104,157,320.716666667
105,157,320.733333333
106,157,320.75
107,157,320.766666667
108,157,320.783333333
109,157,320.8
110,157,320.816666667
111,157,320.833333333
112,157,320.85
113,157,320.866666667
114,157,320.883333333
115,157,320.9
116,157,320.916666667
117,157,320.933333333
118,157,320.95
119,157,320.966666667
120,157,320.983333333
1,158,321
2,158,321.016666667
3,158,321.033333333
4,158,321.05
5,158,321.066666667
6,158,321.083333333
7,158,321.1
8,158,321.116666667
9,158,321.133333333
10,158,321.15
11,158,321.166666667
12,158,321.183333333
13,158,321.2
14,158,321.216666667
15,158,321.233333333
16,158,321.25
17,158,321.266666667
18,158,321.283333333
19,158,321.3
20,158,321.316666667
21,158,321.333333333
22,158,321.35
23,158,321.366666667
24,158,321.383333333
25,158,321.4
26,158,321.416666667
27,158,321.433333333
28,158,321.45
29,158,321.466666667
30,158,321.483333333
31,158,321.5
32,158,321.516666667
33,158,321.533333333
34,158,321.55
35,158,321.566666667
36,158,321.583333333
37,158,321.6
38,158,321.616666667
39,158,321.633333333
40,158,321.65
41,158,321.666666667
42,158,321.683333333
43,158,321.7
44,158,321.716666667
45,158,321.733333333
46,158,321.75
47,158,321.766666667
48,158,321.783333333
49,158,321.8
50,158,321.816666667
51,158,321.833333333
52,158,321.85
53,158,321.866666667
54,158,321.883333333
55,158,321.9
56,158,321.916666667
57,158,321.933333333
58,158,321.95
59,158,321.966666667
60,158,321.983333333
61,158,322
62,158,322.016666667
63,158,322.033333333
64,158,322.05
65,158,322.066666667
66,158,322.083333333
67,158,322.1
68,158,322.116666667
69,158,322.133333333
70,158,322.15
71,158,322.166666667
72,158,322.183333333
73,158,322.2
74,158,322.216666667
75,158,322.233333333
76,158,322.25
77,158,322.266666667
78,158,322.283333333
79,158,322.3
80,158,322.316666667
81,158,322.333333333
82,158,322.35
83,158,322.366666667
84,158,322.383333333
85,158,322.4
86,158,322.416666667
87,158,322.433333333
88,158,322.45
89,158,322.466666667
90,158,322.483333333
91,158,322.5
92,158,322.516666667
93,158,322.533333333
94,158,322.55
95,158,322.566666667
96,158,322.583333333
97,158,322.6
98,158,322.616666667
99,158,322.633333333
100,158,322.65
101,158,322.666666667
102,158,322.683333333
103,158,322.7
104,158,322.716666667
105,158,322.733333333
106,158,322.75
107,158,322.766666667
108,158,322.783333333
109,158,322.8
110,158,322.816666667
111,158,322.833333333
112,158,322.85
113,158,322.866666667
114,158,322.883333333
115,158,322.9
116,158,322.916666667
117,158,322.933333333
118,158,322.95
119,158,322.966666667
120,158,322.983333333
1,159,323
2,159,323.016666667
3,159,323.033333333
4,159,323.05
5,159,323.066666667
6,159,323.083333333
7,159,323.1
8,159,323.116666667
9,159,323.133333333
10,159,323.15
11,159,323.166666667
12,159,323.183333333
13,159,323.2
14,159,323.216666667
15,159,323.233333333
16,159,323.25
17,159,323.266666667
18,159,323.283333333
19,159,323.3
20,159,323.316666667
21,159,323.333333333
22,159,323.35
23,159,323.366666667
24,159,323.383333333
25,159,323.4
26,159,323.416666667
27,159,323.433333333
28,159,323.45
29,159,323.466666667
30,159,323.483333333
31,159,323.5
32,159,323.516666667
33,159,323.533333333
34,159,323.55
35,159,323.566666667
36,159,323.583333333
37,159,323.6
38,159,323.616666667
39,159,323.633333333
40,159,323.65
41,159,323.666666667
42,159,323.683333333
43,159,323.7
44,159,323.716666667
45,159,323.733333333
46,159,323.75
47,159,323.766666667
48,159,323.783333333
49,159,323.8
50,159,323.816666667
51,159,323.833333333
52,159,323.85
53,159,323.866666667
54,159,323.883333333
55,159,323.9
56,159,323.916666667
57,159,323.933333333
58,159,323.95
59,159,323.966666667
60,159,323.983333333
61,159,324
62,159,324.016666667
63,159,324.033333333
64,159,324.05
65,159,324.066666667
66,159,324.083333333
67,159,324.1
68,159,324.116666667
69,159,324.133333333
70,159,324.15
71,159,324.166666667
72,159,324.183333333
73,159,324.2
74,159,324.216666667
75,159,324.233333333
76,159,324.25
77,159,324.266666667
78,159,324.283333333
79,159,324.3
80,159,324.316666667
81,159,324.333333333
82,159,324.35
83,159,324.366666667
84,159,324.383333333
85,159,324.4
86,159,324.416666667
87,159,324.433333333
88,159,324.45
89,159,324.466666667
90,159,324.483333333
91,159,324.5
92,159,324.516666667
93,159,324.533333333
94,159,324.55
95,159,324.566666667
96,159,324.583333333
97,159,324.6
98,159,324.616666667
99,159,324.633333333
100,159,324.65
101,159,324.666666667
102,159,324.683333333
103,159,324.7
104,159,324.716666667
105,159,324.733333333
106,159,324.75
107,159,324.766666667
108,159,324.783333333
109,159,324.8
110,159,324.816666667
111,159,324.833333333
112,159,324.85
113,159,324.866666667
114,159,324.883333333
115,159,324.9
116,159,324.916666667
117,159,324.933333333
118,159,324.95
119,159,324.966666667
120,159,324.983333333
1,160,325
2,160,325.016666667
3,160,325.033333333
4,160,325.05
5,160,325.066666667
6,160,325.083333333
7,160,325.1
8,160,325.116666667
9,160,325.133333333
10,160,325.15
11,160,325.166666667
12,160,325.183333333
13,160,325.2
14,160,325.216666667
15,160,325.233333333
16,160,325.25
17,160,325.266666667
18,160,325.283333333
19,160,325.3
20,160,325.316666667
21,160,325.333333333
22,160,325.35
23,160,325.366666667
24,160,325.383333333
25,160,325.4
26,160,325.416666667
27,160,325.433333333
28,160,325.45
29,160,325.466666667
30,160,325.483333333
31,160,325.5
32,160,325.516666667
33,160,325.533333333
34,160,325.55
35,160,325.566666667
36,160,325.583333333
37,160,325.6
38,160,325.616666667
39,160,325.633333333
40,160,325.65
41,160,325.666666667
42,160,325.683333333
43,160,325.7
44,160,325.716666667
45,160,325.733333333
46,160,325.75
47,160,325.766666667
48,160,325.783333333
49,160,325.8
50,160,325.816666667
51,160,325.833333333
52,160,325.85
53,160,325.866666667
54,160,325.883333333
55,160,325.9
56,160,325.916666667
57,160,325.933333333
58,160,325.95
59,160,325.966666667
60,160,325.983333333
61,160,326
62,160,326.016666667
63,160,326.033333333
64,160,326.05
65,160,326.066666667
66,160,326.083333333
67,160,326.1
68,160,326.116666667
69,160,326.133333333
70,160,326.15
71,160,326.166666667
72,160,326.183333333
73,160,326.2
74,160,326.216666667
75,160,326.233333333
76,160,326.25
77,160,326.266666667
78,160,326.283333333
79,160,326.3
80,160,326.316666667
81,160,326.333333333
82,160,326.35
83,160,326.366666667
84,160,326.383333333
85,160,326.4
86,160,326.416666667
87,160,326.433333333
88,160,326.45
89,160,326.466666667
90,160,326.483333333
91,160,326.5
92,160,326.516666667
93,160,326.533333333
94,160,326.55
95,160,326.566666667
96,160,326.583333333
97,160,326.6
98,160,326.616666667
99,160,326.633333333
100,160,326.65
101,160,326.666666667
102,160,326.683333333
103,160,326.7
104,160,326.716666667
105,160,326.733333333
106,160,326.75
107,160,326.766666667
108,160,326.783333333
109,160,326.8
110,160,326.816666667
111,160,326.833333333
112,160,326.85
113,160,326.866666667
114,160,326.883333333
115,160,326.9
116,160,326.916666667
117,160,326.933333333
118,160,326.95
119,160,326.966666667
120,160,326.983333333
1,161,327
2,161,327.016666667
3,161,327.033333333
4,161,327.05
5,161,327.066666667
6,161,327.083333333
7,161,327.1
8,161,327.116666667
9,161,327.133333333
10,161,327.15
11,161,327.166666667
12,161,327.183333333
13,161,327.2
14,161,327.216666667
15,161,327.233333333
16,161,327.25
17,161,327.266666667
18,161,327.283333333
19,161,327.3
20,161,327.316666667
21,161,327.333333333
22,161,327.35
23,161,327.366666667
24,161,327.383333333
25,161,327.4
26,161,327.416666667
27,161,327.433333333
28,161,327.45
29,161,327.466666667
30,161,327.483333333
31,161,327.5
32,161,327.516666667
33,161,327.533333333
34,161,327.55
35,161,327.566666667
36,161,327.583333333
37,161,327.6
38,161,327.616666667
39,161,327.633333333
40,161,327.65
41,161,327.666666667
42,161,327.683333333
43,161,327.7
44,161,327.716666667
45,161,327.733333333
46,161,327.75
47,161,327.766666667
48,161,327.783333333
49,161,327.8
50,161,327.816666667
51,161,327.833333333
52,161,327.85
53,161,327.866666667
54,161,327.883333333
55,161,327.9
56,161,327.916666667
57,161,327.933333333
58,161,327.95
59,161,327.966666667
60,161,327.983333333
61,161,328
62,161,328.016666667
63,161,328.033333333
64,161,328.05
65,161,328.066666667
66,161,328.083333333
67,161,328.1
68,161,328.116666667
69,161,328.133333333
70,161,328.15
71,161,328.166666667
72,161,328.183333333
73,161,328.2
74,161,328.216666667
75,161,328.233333333
76,161,328.25
77,161,328.266666667
78,161,328.283333333
79,161,328.3
80,161,328.316666667
81,161,328.333333333
82,161,328.35
83,161,328.366666667
84,161,328.383333333
85,161,328.4
86,161,328.416666667
87,161,328.433333333
88,161,328.45
89,161,328.466666667
90,161,328.483333333
91,161,328.5
92,161,328.516666667
93,161,328.533333333
94,161,328.55
95,161,328.566666667
96,161,328.583333333
97,161,328.6
98,161,328.616666667
99,161,328.633333333
100,161,328.65
101,161,328.666666667
102,161,328.683333333
103,161,328.7
104,161,328.716666667
105,161,328.733333333
106,161,328.75
107,161,328.766666667
108,161,328.783333333
109,161,328.8
110,161,328.816666667
111,161,328.833333333
112,161,328.85
113,161,328.866666667
114,161,328.883333333
115,161,328.9
116,161,328.916666667
117,161,328.933333333
118,161,328.95
119,161,328.966666667
120,161,328.983333333
1,162,329
2,162,329.016666667
3,162,329.033333333
4,162,329.05
5,162,329.066666667
6,162,329.083333333
7,162,329.1
8,162,329.116666667
9,162,329.133333333
10,162,329.15
11,162,329.166666667
12,162,329.183333333
13,162,329.2
14,162,329.216666667
15,162,329.233333333
16,162,329.25
17,162,329.266666667
18,162,329.283333333
19,162,329.3
20,162,329.316666667
21,162,329.333333333
22,162,329.35
23,162,329.366666667
24,162,329.383333333
25,162,329.4
26,162,329.416666667
27,162,329.433333333
28,162,329.45
29,162,329.466666667
30,162,329.483333333
31,162,329.5
32,162,329.516666667
33,162,329.533333333
34,162,329.55
35,162,329.566666667
36,162,329.583333333
37,162,329.6
38,162,329.616666667
39,162,329.633333333
40,162,329.65
41,162,329.666666667
42,162,329.683333333
43,162,329.7
44,162,329.716666667
45,162,329.733333333
46,162,329.75
47,162,329.766666667
48,162,329.783333333
49,162,329.8
50,162,329.816666667
51,162,329.833333333
52,162,329.85
53,162,329.866666667
54,162,329.883333333
55,162,329.9
56,162,329.916666667
57,162,329.933333333
58,162,329.95
59,162,329.966666667
60,162,329.983333333
61,162,330
62,162,330.016666667
63,162,330.033333333
64,162,330.05
65,162,330.066666667
66,162,330.083333333
67,162,330.1
68,162,330.116666667
69,162,330.133333333
70,162,330.15
71,162,330.166666667
72,162,330.183333333
73,162,330.2
74,162,330.216666667
75,162,330.233333333
76,162,330.25
77,162,330.266666667
78,162,330.283333333
79,162,330.3
80,162,330.316666667
81,162,330.333333333
82,162,330.35
83,162,330.366666667
84,162,330.383333333
85,162,330.4
86,162,330.416666667
87,162,330.433333333
88,162,330.45
89,162,330.466666667
90,162,330.483333333
91,162,330.5
92,162,330.516666667
93,162,330.533333333
94,162,330.55
95,162,330.566666667
96,162,330.583333333
97,162,330.6
98,162,330.616666667
99,162,330.633333333
100,162,330.65
101,162,330.666666667
102,162,330.683333333
103,162,330.7
104,162,330.716666667
105,162,330.733333333
106,162,330.75
107,162,330.766666667
108,162,330.783333333
109,162,330.8
110,162,330.816666667
111,162,330.833333333
112,162,330.85
113,162,330.866666667
114,162,330.883333333
115,162,330.9
116,162,330.916666667
117,162,330.933333333
118,162,330.95
119,162,330.966666667
120,162,330.983333333
1,163,331
2,163,331.016666667
3,163,331.033333333
4,163,331.05
5,163,331.066666667
6,163,331.083333333
7,163,331.1
8,163,331.116666667
9,163,331.133333333
10,163,331.15
11,163,331.166666667
12,163,331.183333333
13,163,331.2
14,163,331.216666667
15,163,331.233333333
16,163,331.25
17,163,331.266666667
18,163,331.283333333
19,163,331.3
20,163,331.316666667
21,163,331.333333333
22,163,331.35
23,163,331.366666667
24,163,331.383333333
25,163,331.4
26,163,331.416666667
27,163,331.433333333
28,163,331.45
29,163,331.466666667
30,163,331.483333333
31,163,331.5
32,163,331.516666667
33,163,331.533333333
34,163,331.55
35,163,331.566666667
36,163,331.583333333
37,163,331.6
38,163,331.616666667
39,163,331.633333333
40,163,331.65
41,163,331.666666667
42,163,331.683333333
43,163,331.7
44,163,331.716666667
45,163,331.733333333
46,163,331.75
47,163,331.766666667
48,163,331.783333333
49,163,331.8
50,163,331.816666667
51,163,331.833333333
52,163,331.85
53,163,331.866666667
54,163,331.883333333
55,163,331.9
56,163,331.916666667
57,163,331.933333333
58,163,331.95
59,163,331.966666667
60,163,331.983333333
61,163,332
62,163,332.016666667
63,163,332.033333333
64,163,332.05
65,163,332.066666667
66,163,332.083333333
67,163,332.1
68,163,332.116666667
69,163,332.133333333
70,163,332.15
71,163,332.166666667
72,163,332.183333333
73,163,332.2
74,163,332.216666667
75,163,332.233333333
76,163,332.25
77,163,332.266666667
78,163,332.283333333
79,163,332.3
80,163,332.316666667
81,163,332.333333333
82,163,332.35
83,163,332.366666667
84,163,332.383333333
85,163,332.4
86,163,332.416666667
87,163,332.433333333
88,163,332.45
89,163,332.466666667
90,163,332.483333333
91,163,332.5
92,163,332.516666667
93,163,332.533333333
94,163,332.55
95,163,332.566666667
96,163,332.583333333
97,163,332.6
98,163,332.616666667
99,163,332.633333333
100,163,332.65
101,163,332.666666667
102,163,332.683333333
103,163,332.7
104,163,332.716666667
105,163,332.733333333
106,163,332.75
107,163,332.766666667
108,163,332.783333333
109,163,332.8
110,163,332.816666667
111,163,332.833333333
112,163,332.85
113,163,332.866666667
114,163,332.883333333
115,163,332.9
116,163,332.916666667
117,163,332.933333333
118,163,332.95
119,163,332.966666667
120,163,332.983333333
1,164,333
2,164,333.016666667
3,164,333.033333333
4,164,333.05
5,164,333.066666667
6,164,333.083333333
7,164,333.1
8,164,333.116666667
9,164,333.133333333
10,164,333.15
11,164,333.166666667
12,164,333.183333333
13,164,333.2
14,164,333.216666667
15,164,333.233333333
16,164,333.25
17,164,333.266666667
18,164,333.283333333
19,164,333.3
20,164,333.316666667
21,164,333.333333333
22,164,333.35
23,164,333.366666667
24,164,333.383333333
25,164,333.4
26,164,333.416666667
27,164,333.433333333
28,164,333.45
29,164,333.466666667
30,164,333.483333333
31,164,333.5
32,164,333.516666667
33,164,333.533333333
34,164,333.55
35,164,333.566666667
36,164,333.583333333
37,164,333.6
38,164,333.616666667
39,164,333.633333333
40,164,333.65
41,164,333.666666667
42,164,333.683333333
43,164,333.7
44,164,333.716666667
45,164,333.733333333
46,164,333.75
47,164,333.766666667
48,164,333.783333333
49,164,333.8
50,164,333.816666667
51,164,333.833333333
52,164,333.85
53,164,333.866666667
54,164,333.883333333
55,164,333.9
56,164,333.916666667
57,164,333.933333333
58,164,333.95
59,164,333.966666667
60,164,333.983333333
61,164,334
62,164,334.016666667
63,164,334.033333333
64,164,334.05
65,164,334.066666667
66,164,334.083333333
67,164,334.1
68,164,334.116666667
69,164,334.133333333
70,164,334.15
71,164,334.166666667
72,164,334.183333333
73,164,334.2
74,164,334.216666667
75,164,334.233333333
76,164,334.25
77,164,334.266666667
78,164,334.283333333
79,164,334.3
80,164,334.316666667
81,164,334.333333333
82,164,334.35
83,164,334.366666667
84,164,334.383333333
85,164,334.4
86,164,334.416666667
87,164,334.433333333
88,164,334.45
89,164,334.466666667
90,164,334.483333333
91,164,334.5
92,164,334.516666667
93,164,334.533333333
94,164,334.55
95,164,334.566666667
96,164,334.583333333
97,164,334.6
98,164,334.616666667
99,164,334.633333333
100,164,334.65
101,164,334.666666667
102,164,334.683333333
103,164,334.7
104,164,334.716666667
105,164,334.733333333
106,164,334.75
107,164,334.766666667
108,164,334.783333333
109,164,334.8
110,164,334.816666667
111,164,334.833333333
112,164,334.85
113,164,334.866666667
114,164,334.883333333
115,164,334.9
116,164,334.916666667
117,164,334.933333333
118,164,334.95
119,164,334.966666667
120,164,334.983333333
1,165,335
2,165,335.016666667
3,165,335.033333333
4,165,335.05
5,165,335.066666667
6,165,335.083333333
7,165,335.1
8,165,335.116666667
9,165,335.133333333
10,165,335.15
11,165,335.166666667
12,165,335.183333333
13,165,335.2
14,165,335.216666667
15,165,335.233333333
16,165,335.25
17,165,335.266666667
18,165,335.283333333
19,165,335.3
20,165,335.316666667
21,165,335.333333333
22,165,335.35
23,165,335.366666667
24,165,335.383333333
25,165,335.4
26,165,335.416666667
27,165,335.433333333
28,165,335.45
29,165,335.466666667
30,165,335.483333333
31,165,335.5
32,165,335.516666667
33,165,335.533333333
34,165,335.55
35,165,335.566666667
36,165,335.583333333
37,165,335.6
38,165,335.616666667
39,165,335.633333333
40,165,335.65
41,165,335.666666667
42,165,335.683333333
43,165,335.7
44,165,335.716666667
45,165,335.733333333
46,165,335.75
47,165,335.766666667
48,165,335.783333333
49,165,335.8
50,165,335.816666667
51,165,335.833333333
52,165,335.85
53,165,335.866666667
54,165,335.883333333
55,165,335.9
56,165,335.916666667
57,165,335.933333333
58,165,335.95
59,165,335.966666667
60,165,335.983333333
61,165,336
62,165,336.016666667
63,165,336.033333333
64,165,336.05
65,165,336.066666667
66,165,336.083333333
67,165,336.1
68,165,336.116666667
69,165,336.133333333
70,165,336.15
71,165,336.166666667
72,165,336.183333333
73,165,336.2
74,165,336.216666667
75,165,336.233333333
76,165,336.25
77,165,336.266666667
78,165,336.283333333
79,165,336.3
80,165,336.316666667
81,165,336.333333333
82,165,336.35
83,165,336.366666667
84,165,336.383333333
85,165,336.4
86,165,336.416666667
87,165,336.433333333
88,165,336.45
89,165,336.466666667
90,165,336.483333333
91,165,336.5
92,165,336.516666667
93,165,336.533333333
94,165,336.55
95,165,336.566666667
96,165,336.583333333
97,165,336.6
98,165,336.616666667
99,165,336.633333333
100,165,336.65
101,165,336.666666667
102,165,336.683333333
103,165,336.7
104,165,336.716666667
105,165,336.733333333
106,165,336.75
107,165,336.766666667
108,165,336.783333333
109,165,336.8
110,165,336.816666667
111,165,336.833333333
112,165,336.85
113,165,336.866666667
114,165,336.883333333
115,165,336.9
116,165,336.916666667
117,165,336.933333333
118,165,336.95
119,165,336.966666667
120,165,336.983333333
1,166,337
2,166,337.016666667
3,166,337.033333333
4,166,337.05
5,166,337.066666667
6,166,337.083333333
7,166,337.1
8,166,337.116666667
9,166,337.133333333
10,166,337.15
11,166,337.166666667
12,166,337.183333333
13,166,337.2
14,166,337.216666667
15,166,337.233333333
16,166,337.25
17,166,337.266666667
18,166,337.283333333
19,166,337.3
20,166,337.316666667
21,166,337.333333333
22,166,337.35
23,166,337.366666667
24,166,337.383333333
25,166,337.4
26,166,337.416666667
27,166,337.433333333
28,166,337.45
29,166,337.466666667
30,166,337.483333333
31,166,337.5
32,166,337.516666667
33,166,337.533333333
34,166,337.55
35,166,337.566666667
36,166,337.583333333
37,166,337.6
38,166,337.616666667
39,166,337.633333333
40,166,337.65
41,166,337.666666667
42,166,337.683333333
43,166,337.7
44,166,337.716666667
45,166,337.733333333
46,166,337.75
47,166,337.766666667
48,166,337.783333333
49,166,337.8
50,166,337.816666667
51,166,337.833333333
52,166,337.85
53,166,337.866666667
54,166,337.883333333
55,166,337.9
56,166,337.916666667
57,166,337.933333333
58,166,337.95
59,166,337.966666667
60,166,337.983333333
61,166,338
62,166,338.016666667
63,166,338.033333333
64,166,338.05
65,166,338.066666667
66,166,338.083333333
67,166,338.1
68,166,338.116666667
69,166,338.133333333
70,166,338.15
71,166,338.166666667
72,166,338.183333333
73,166,338.2
74,166,338.216666667
75,166,338.233333333
76,166,338.25
77,166,338.266666667
78,166,338.283333333
79,166,338.3
80,166,338.316666667
81,166,338.333333333
82,166,338.35
83,166,338.366666667
84,166,338.383333333
85,166,338.4
86,166,338.416666667
87,166,338.433333333
88,166,338.45
89,166,338.466666667
90,166,338.483333333
91,166,338.5
92,166,338.516666667
93,166,338.533333333
94,166,338.55
95,166,338.566666667
96,166,338.583333333
97,166,338.6
98,166,338.616666667
99,166,338.633333333
100,166,338.65
101,166,338.666666667
102,166,338.683333333
103,166,338.7
104,166,338.716666667
105,166,338.733333333
106,166,338.75
107,166,338.766666667
108,166,338.783333333
109,166,338.8
110,166,338.816666667
111,166,338.833333333
112,166,338.85
113,166,338.866666667
114,166,338.883333333
115,166,338.9
116,166,338.916666667
117,166,338.933333333
118,166,338.95
119,166,338.966666667
120,166,338.983333333
1,167,339
2,167,339.016666667
3,167,339.033333333
4,167,339.05
5,167,339.066666667
6,167,339.083333333
7,167,339.1
8,167,339.116666667
9,167,339.133333333
10,167,339.15
11,167,339.166666667
12,167,339.183333333
13,167,339.2
14,167,339.216666667
15,167,339.233333333
16,167,339.25
17,167,339.266666667
18,167,339.283333333
19,167,339.3
20,167,339.316666667
21,167,339.333333333
22,167,339.35
23,167,339.366666667
24,167,339.383333333
25,167,339.4
26,167,339.416666667
27,167,339.433333333
28,167,339.45
29,167,339.466666667
30,167,339.483333333
31,167,339.5
32,167,339.516666667
33,167,339.533333333
34,167,339.55
35,167,339.566666667
36,167,339.583333333
37,167,339.6
38,167,339.616666667
39,167,339.633333333
40,167,339.65
41,167,339.666666667
42,167,339.683333333
43,167,339.7
44,167,339.716666667
45,167,339.733333333
46,167,339.75
47,167,339.766666667
48,167,339.783333333
49,167,339.8
50,167,339.816666667
51,167,339.833333333
52,167,339.85
53,167,339.866666667
54,167,339.883333333
55,167,339.9
56,167,339.916666667
57,167,339.933333333
58,167,339.95
59,167,339.966666667
60,167,339.983333333
61,167,340
62,167,340.016666667
63,167,340.033333333
64,167,340.05
65,167,340.066666667
66,167,340.083333333
67,167,340.1
68,167,340.116666667
69,167,340.133333333
70,167,340.15
71,167,340.166666667
72,167,340.183333333
73,167,340.2
74,167,340.216666667
75,167,340.233333333
76,167,340.25
77,167,340.266666667
78,167,340.283333333
79,167,340.3
80,167,340.316666667
81,167,340.333333333
82,167,340.35
83,167,340.366666667
84,167,340.383333333
85,167,340.4
86,167,340.416666667
87,167,340.433333333
88,167,340.45
89,167,340.466666667
90,167,340.483333333
91,167,340.5
92,167,340.516666667
93,167,340.533333333
94,167,340.55
95,167,340.566666667
96,167,340.583333333
97,167,340.6
98,167,340.616666667
99,167,340.633333333
100,167,340.65
101,167,340.666666667
102,167,340.683333333
103,167,340.7
104,167,340.716666667
105,167,340.733333333
106,167,340.75
107,167,340.766666667
108,167,340.783333333
109,167,340.8
110,167,340.816666667
111,167,340.833333333
112,167,340.85
113,167,340.866666667
114,167,340.883333333
115,167,340.9
116,167,340.916666667
117,167,340.933333333
118,167,340.95
119,167,340.966666667
120,167,340.983333333
1,168,341
2,168,341.016666667
3,168,341.033333333
4,168,341.05
5,168,341.066666667
6,168,341.083333333
7,168,341.1
8,168,341.116666667
9,168,341.133333333
10,168,341.15
11,168,341.166666667
12,168,341.183333333
13,168,341.2
14,168,341.216666667
15,168,341.233333333
16,168,341.25
17,168,341.266666667
18,168,341.283333333
19,168,341.3
20,168,341.316666667
21,168,341.333333333
22,168,341.35
23,168,341.366666667
24,168,341.383333333
25,168,341.4
26,168,341.416666667
27,168,341.433333333
28,168,341.45
29,168,341.466666667
30,168,341.483333333
31,168,341.5
32,168,341.516666667
33,168,341.533333333
34,168,341.55
35,168,341.566666667
36,168,341.583333333
37,168,341.6
38,168,341.616666667
39,168,341.633333333
40,168,341.65
41,168,341.666666667
42,168,341.683333333
43,168,341.7
44,168,341.716666667
45,168,341.733333333
46,168,341.75
47,168,341.766666667
48,168,341.783333333
49,168,341.8
50,168,341.816666667
51,168,341.833333333
52,168,341.85
53,168,341.866666667
54,168,341.883333333
55,168,341.9
56,168,341.916666667
57,168,341.933333333
58,168,341.95
59,168,341.966666667
60,168,341.983333333
61,168,342
62,168,342.016666667
63,168,342.033333333
64,168,342.05
65,168,342.066666667
66,168,342.083333333
67,168,342.1
68,168,342.116666667
69,168,342.133333333
70,168,342.15
71,168,342.166666667
72,168,342.183333333
73,168,342.2
74,168,342.216666667
75,168,342.233333333
76,168,342.25
77,168,342.266666667
78,168,342.283333333
79,168,342.3
80,168,342.316666667
81,168,342.333333333
82,168,342.35
83,168,342.366666667
84,168,342.383333333
85,168,342.4
86,168,342.416666667
87,168,342.433333333
88,168,342.45
89,168,342.466666667
90,168,342.483333333
91,168,342.5
92,168,342.516666667
93,168,342.533333333
94,168,342.55
95,168,342.566666667
96,168,342.583333333
97,168,342.6
98,168,342.616666667
99,168,342.633333333
100,168,342.65
101,168,342.666666667
102,168,342.683333333
103,168,342.7
104,168,342.716666667
105,168,342.733333333
106,168,342.75
107,168,342.766666667
108,168,342.783333333
109,168,342.8
110,168,342.816666667
111,168,342.833333333
112,168,342.85
113,168,342.866666667
114,168,342.883333333
115,168,342.9
116,168,342.916666667
117,168,342.933333333
118,168,342.95
119,168,342.966666667
120,168,342.983333333
1,169,343
2,169,343.016666667
3,169,343.033333333
4,169,343.05
5,169,343.066666667
6,169,343.083333333
7,169,343.1
8,169,343.116666667
9,169,343.133333333
10,169,343.15
11,169,343.166666667
12,169,343.183333333
13,169,343.2
14,169,343.216666667
15,169,343.233333333
16,169,343.25
17,169,343.266666667
18,169,343.283333333
19,169,343.3
20,169,343.316666667
21,169,343.333333333
22,169,343.35
23,169,343.366666667
24,169,343.383333333
25,169,343.4
26,169,343.416666667
27,169,343.433333333
28,169,343.45
29,169,343.466666667
30,169,343.483333333
31,169,343.5
32,169,343.516666667
33,169,343.533333333
34,169,343.55
35,169,343.566666667
36,169,343.583333333
37,169,343.6
38,169,343.616666667
39,169,343.633333333
40,169,343.65
41,169,343.666666667
42,169,343.683333333
43,169,343.7
44,169,343.716666667
45,169,343.733333333
46,169,343.75
47,169,343.766666667
48,169,343.783333333
49,169,343.8
50,169,343.816666667
51,169,343.833333333
52,169,343.85
53,169,343.866666667
54,169,343.883333333
55,169,343.9
56,169,343.916666667
57,169,343.933333333
58,169,343.95
59,169,343.966666667
60,169,343.983333333
61,169,344
62,169,344.016666667
63,169,344.033333333
64,169,344.05
65,169,344.066666667
66,169,344.083333333
67,169,344.1
68,169,344.116666667
69,169,344.133333333
70,169,344.15
71,169,344.166666667
72,169,344.183333333
73,169,344.2
74,169,344.216666667
75,169,344.233333333
76,169,344.25
77,169,344.266666667
78,169,344.283333333
79,169,344.3
80,169,344.316666667
81,169,344.333333333
82,169,344.35
83,169,344.366666667
84,169,344.383333333
85,169,344.4
86,169,344.416666667
87,169,344.433333333
88,169,344.45
89,169,344.466666667
90,169,344.483333333
91,169,344.5
92,169,344.516666667
93,169,344.533333333
94,169,344.55
95,169,344.566666667
96,169,344.583333333
97,169,344.6
98,169,344.616666667
99,169,344.633333333
100,169,344.65
101,169,344.666666667
102,169,344.683333333
103,169,344.7
104,169,344.716666667
105,169,344.733333333
106,169,344.75
107,169,344.766666667
108,169,344.783333333
109,169,344.8
110,169,344.816666667
111,169,344.833333333
112,169,344.85
113,169,344.866666667
114,169,344.883333333
115,169,344.9
116,169,344.916666667
117,169,344.933333333
118,169,344.95
119,169,344.966666667
120,169,344.983333333
1,170,345
2,170,345.016666667
3,170,345.033333333
4,170,345.05
5,170,345.066666667
6,170,345.083333333
7,170,345.1
8,170,345.116666667
9,170,345.133333333
10,170,345.15
11,170,345.166666667
12,170,345.183333333
13,170,345.2
14,170,345.216666667
15,170,345.233333333
16,170,345.25
17,170,345.266666667
18,170,345.283333333
19,170,345.3
20,170,345.316666667
21,170,345.333333333
22,170,345.35
23,170,345.366666667
24,170,345.383333333
25,170,345.4
26,170,345.416666667
27,170,345.433333333
28,170,345.45
29,170,345.466666667
30,170,345.483333333
31,170,345.5
32,170,345.516666667
33,170,345.533333333
34,170,345.55
35,170,345.566666667
36,170,345.583333333
37,170,345.6
38,170,345.616666667
39,170,345.633333333
40,170,345.65
41,170,345.666666667
42,170,345.683333333
43,170,345.7
44,170,345.716666667
45,170,345.733333333
46,170,345.75
47,170,345.766666667
48,170,345.783333333
49,170,345.8
50,170,345.816666667
51,170,345.833333333
52,170,345.85
53,170,345.866666667
54,170,345.883333333
55,170,345.9
56,170,345.916666667
57,170,345.933333333
58,170,345.95
59,170,345.966666667
60,170,345.983333333
61,170,346
62,170,346.016666667
63,170,346.033333333
64,170,346.05
65,170,346.066666667
66,170,346.083333333
67,170,346.1
68,170,346.116666667
69,170,346.133333333
70,170,346.15
71,170,346.166666667
72,170,346.183333333
73,170,346.2
74,170,346.216666667
75,170,346.233333333
76,170,346.25
77,170,346.266666667
78,170,346.283333333
79,170,346.3
80,170,346.316666667
81,170,346.333333333
82,170,346.35
83,170,346.366666667
84,170,346.383333333
85,170,346.4
86,170,346.416666667
87,170,346.433333333
88,170,346.45
89,170,346.466666667
90,170,346.483333333
91,170,346.5
92,170,346.516666667
93,170,346.533333333
94,170,346.55
95,170,346.566666667
96,170,346.583333333
97,170,346.6
98,170,346.616666667
99,170,346.633333333
100,170,346.65
101,170,346.666666667
102,170,346.683333333
103,170,346.7
104,170,346.716666667
105,170,346.733333333
106,170,346.75
107,170,346.766666667
108,170,346.783333333
109,170,346.8
110,170,346.816666667
111,170,346.833333333
112,170,346.85
113,170,346.866666667
114,170,346.883333333
115,170,346.9
116,170,346.916666667
117,170,346.933333333
118,170,346.95
119,170,346.966666667
120,170,346.983333333
1,171,347
2,171,347.016666667
3,171,347.033333333
4,171,347.05
5,171,347.066666667
6,171,347.083333333
7,171,347.1
8,171,347.116666667
9,171,347.133333333
10,171,347.15
11,171,347.166666667
12,171,347.183333333
13,171,347.2
14,171,347.216666667
15,171,347.233333333
16,171,347.25
17,171,347.266666667
18,171,347.283333333
19,171,347.3
20,171,347.316666667
21,171,347.333333333
22,171,347.35
23,171,347.366666667
24,171,347.383333333
25,171,347.4
26,171,347.416666667
27,171,347.433333333
28,171,347.45
29,171,347.466666667
30,171,347.483333333
31,171,347.5
32,171,347.516666667
33,171,347.533333333
34,171,347.55
35,171,347.566666667
36,171,347.583333333
37,171,347.6
38,171,347.616666667
39,171,347.633333333
40,171,347.65
41,171,347.666666667
42,171,347.683333333
43,171,347.7
44,171,347.716666667
45,171,347.733333333
46,171,347.75
47,171,347.766666667
48,171,347.783333333
49,171,347.8
50,171,347.816666667
51,171,347.833333333
52,171,347.85
53,171,347.866666667
54,171,347.883333333
55,171,347.9
56,171,347.916666667
57,171,347.933333333
58,171,347.95
59,171,347.966666667
60,171,347.983333333
61,171,348
62,171,348.016666667
63,171,348.033333333
64,171,348.05
65,171,348.066666667
66,171,348.083333333
67,171,348.1
68,171,348.116666667
69,171,348.133333333
70,171,348.15
71,171,348.166666667
72,171,348.183333333
73,171,348.2
74,171,348.216666667
75,171,348.233333333
76,171,348.25
77,171,348.266666667
78,171,348.283333333
79,171,348.3
80,171,348.316666667
81,171,348.333333333
82,171,348.35
83,171,348.366666667
84,171,348.383333333
85,171,348.4
86,171,348.416666667
87,171,348.433333333
88,171,348.45
89,171,348.466666667
90,171,348.483333333
91,171,348.5
92,171,348.516666667
93,171,348.533333333
94,171,348.55
95,171,348.566666667
96,171,348.583333333
97,171,348.6
98,171,348.616666667
99,171,348.633333333
100,171,348.65
101,171,348.666666667
102,171,348.683333333
103,171,348.7
104,171,348.716666667
105,171,348.733333333
106,171,348.75
107,171,348.766666667
108,171,348.783333333
109,171,348.8
110,171,348.816666667
111,171,348.833333333
112,171,348.85
113,171,348.866666667
114,171,348.883333333
115,171,348.9
116,171,348.916666667
117,171,348.933333333
118,171,348.95
119,171,348.966666667
120,171,348.983333333
1,172,349
2,172,349.016666667
3,172,349.033333333
4,172,349.05
5,172,349.066666667
6,172,349.083333333
7,172,349.1
8,172,349.116666667
9,172,349.133333333
10,172,349.15
11,172,349.166666667
12,172,349.183333333
13,172,349.2
14,172,349.216666667
15,172,349.233333333
16,172,349.25
17,172,349.266666667
18,172,349.283333333
19,172,349.3
20,172,349.316666667
21,172,349.333333333
22,172,349.35
23,172,349.366666667
24,172,349.383333333
25,172,349.4
26,172,349.416666667
27,172,349.433333333
28,172,349.45
29,172,349.466666667
30,172,349.483333333
31,172,349.5
32,172,349.516666667
33,172,349.533333333
34,172,349.55
35,172,349.566666667
36,172,349.583333333
37,172,349.6
38,172,349.616666667
39,172,349.633333333
40,172,349.65
41,172,349.666666667
42,172,349.683333333
43,172,349.7
44,172,349.716666667
45,172,349.733333333
46,172,349.75
47,172,349.766666667
48,172,349.783333333
49,172,349.8
50,172,349.816666667
51,172,349.833333333
52,172,349.85
53,172,349.866666667
54,172,349.883333333
55,172,349.9
56,172,349.916666667
57,172,349.933333333
58,172,349.95
59,172,349.966666667
60,172,349.983333333
61,172,350
62,172,350.016666667
63,172,350.033333333
64,172,350.05
65,172,350.066666667
66,172,350.083333333
67,172,350.1
68,172,350.116666667
69,172,350.133333333
70,172,350.15
71,172,350.166666667
72,172,350.183333333
73,172,350.2
74,172,350.216666667
75,172,350.233333333
76,172,350.25
77,172,350.266666667
78,172,350.283333333
79,172,350.3
80,172,350.316666667
81,172,350.333333333
82,172,350.35
83,172,350.366666667
84,172,350.383333333
85,172,350.4
86,172,350.416666667
87,172,350.433333333
88,172,350.45
89,172,350.466666667
90,172,350.483333333
91,172,350.5
92,172,350.516666667
93,172,350.533333333
94,172,350.55
95,172,350.566666667
96,172,350.583333333
97,172,350.6
98,172,350.616666667
99,172,350.633333333
100,172,350.65
101,172,350.666666667
102,172,350.683333333
103,172,350.7
104,172,350.716666667
105,172,350.733333333
106,172,350.75
107,172,350.766666667
108,172,350.783333333
109,172,350.8
110,172,350.816666667
111,172,350.833333333
112,172,350.85
113,172,350.866666667
114,172,350.883333333
115,172,350.9
116,172,350.916666667
117,172,350.933333333
118,172,350.95
119,172,350.966666667
120,172,350.983333333
1,173,351
2,173,351.016666667
3,173,351.033333333
4,173,351.05
5,173,351.066666667
6,173,351.083333333
7,173,351.1
8,173,351.116666667
9,173,351.133333333
10,173,351.15
11,173,351.166666667
12,173,351.183333333
13,173,351.2
14,173,351.216666667
15,173,351.233333333
16,173,351.25
17,173,351.266666667
18,173,351.283333333
19,173,351.3
20,173,351.316666667
21,173,351.333333333
22,173,351.35
23,173,351.366666667
24,173,351.383333333
25,173,351.4
26,173,351.416666667
27,173,351.433333333
28,173,351.45
29,173,351.466666667
30,173,351.483333333
31,173,351.5
32,173,351.516666667
33,173,351.533333333
34,173,351.55
35,173,351.566666667
36,173,351.583333333
37,173,351.6
38,173,351.616666667
39,173,351.633333333
40,173,351.65
41,173,351.666666667
42,173,351.683333333
43,173,351.7
44,173,351.716666667
45,173,351.733333333
46,173,351.75
47,173,351.766666667
48,173,351.783333333
49,173,351.8
50,173,351.816666667
51,173,351.833333333
52,173,351.85
53,173,351.866666667
54,173,351.883333333
55,173,351.9
56,173,351.916666667
57,173,351.933333333
58,173,351.95
59,173,351.966666667
60,173,351.983333333
61,173,352
62,173,352.016666667
63,173,352.033333333
64,173,352.05
65,173,352.066666667
66,173,352.083333333
67,173,352.1
68,173,352.116666667
69,173,352.133333333
70,173,352.15
71,173,352.166666667
72,173,352.183333333
73,173,352.2
74,173,352.216666667
75,173,352.233333333
76,173,352.25
77,173,352.266666667
78,173,352.283333333
79,173,352.3
80,173,352.316666667
81,173,352.333333333
82,173,352.35
83,173,352.366666667
84,173,352.383333333
85,173,352.4
86,173,352.416666667
87,173,352.433333333
88,173,352.45
89,173,352.466666667
90,173,352.483333333
91,173,352.5
92,173,352.516666667
93,173,352.533333333
94,173,352.55
95,173,352.566666667
96,173,352.583333333
97,173,352.6
98,173,352.616666667
99,173,352.633333333
100,173,352.65
101,173,352.666666667
102,173,352.683333333
103,173,352.7
104,173,352.716666667
105,173,352.733333333
106,173,352.75
107,173,352.766666667
108,173,352.783333333
109,173,352.8
110,173,352.816666667
111,173,352.833333333
112,173,352.85
113,173,352.866666667
114,173,352.883333333
115,173,352.9
116,173,352.916666667
117,173,352.933333333
118,173,352.95
119,173,352.966666667
120,173,352.983333333
1,174,353
2,174,353.016666667
3,174,353.033333333
4,174,353.05
5,174,353.066666667
6,174,353.083333333
7,174,353.1
8,174,353.116666667
9,174,353.133333333
10,174,353.15
11,174,353.166666667
12,174,353.183333333
13,174,353.2
14,174,353.216666667
15,174,353.233333333
16,174,353.25
17,174,353.266666667
18,174,353.283333333
19,174,353.3
20,174,353.316666667
21,174,353.333333333
22,174,353.35
23,174,353.366666667
24,174,353.383333333
25,174,353.4
26,174,353.416666667
27,174,353.433333333
28,174,353.45
29,174,353.466666667
30,174,353.483333333
31,174,353.5
32,174,353.516666667
33,174,353.533333333
34,174,353.55
35,174,353.566666667
36,174,353.583333333
37,174,353.6
38,174,353.616666667
39,174,353.633333333
40,174,353.65
41,174,353.666666667
42,174,353.683333333
43,174,353.7
44,174,353.716666667
45,174,353.733333333
46,174,353.75
47,174,353.766666667
48,174,353.783333333
49,174,353.8
50,174,353.816666667
51,174,353.833333333
52,174,353.85
53,174,353.866666667
54,174,353.883333333
55,174,353.9
56,174,353.916666667
57,174,353.933333333
58,174,353.95
59,174,353.966666667
60,174,353.983333333
61,174,354
62,174,354.016666667
63,174,354.033333333
64,174,354.05
65,174,354.066666667
66,174,354.083333333
67,174,354.1
68,174,354.116666667
69,174,354.133333333
70,174,354.15
71,174,354.166666667
72,174,354.183333333
73,174,354.2
74,174,354.216666667
75,174,354.233333333
76,174,354.25
77,174,354.266666667
78,174,354.283333333
79,174,354.3
80,174,354.316666667
81,174,354.333333333
82,174,354.35
83,174,354.366666667
84,174,354.383333333
85,174,354.4
86,174,354.416666667
87,174,354.433333333
88,174,354.45
89,174,354.466666667
90,174,354.483333333
91,174,354.5
92,174,354.516666667
93,174,354.533333333
94,174,354.55
95,174,354.566666667
96,174,354.583333333
97,174,354.6
98,174,354.616666667
99,174,354.633333333
100,174,354.65
101,174,354.666666667
102,174,354.683333333
103,174,354.7
104,174,354.716666667
105,174,354.733333333
106,174,354.75
107,174,354.766666667
108,174,354.783333333
109,174,354.8
110,174,354.816666667
111,174,354.833333333
112,174,354.85
113,174,354.866666667
114,174,354.883333333
115,174,354.9
116,174,354.916666667
117,174,354.933333333
118,174,354.95
119,174,354.966666667
120,174,354.983333333
1,175,355
2,175,355.016666667
3,175,355.033333333
4,175,355.05
5,175,355.066666667
6,175,355.083333333
7,175,355.1
8,175,355.116666667
9,175,355.133333333
10,175,355.15
11,175,355.166666667
12,175,355.183333333
13,175,355.2
14,175,355.216666667
15,175,355.233333333
16,175,355.25
17,175,355.266666667
18,175,355.283333333
19,175,355.3
20,175,355.316666667
21,175,355.333333333
22,175,355.35
23,175,355.366666667
24,175,355.383333333
25,175,355.4
26,175,355.416666667
27,175,355.433333333
28,175,355.45
29,175,355.466666667
30,175,355.483333333
31,175,355.5
32,175,355.516666667
33,175,355.533333333
34,175,355.55
35,175,355.566666667
36,175,355.583333333
37,175,355.6
38,175,355.616666667
39,175,355.633333333
40,175,355.65
41,175,355.666666667
42,175,355.683333333
43,175,355.7
44,175,355.716666667
45,175,355.733333333
46,175,355.75
47,175,355.766666667
48,175,355.783333333
49,175,355.8
50,175,355.816666667
51,175,355.833333333
52,175,355.85
53,175,355.866666667
54,175,355.883333333
55,175,355.9
56,175,355.916666667
57,175,355.933333333
58,175,355.95
59,175,355.966666667
60,175,355.983333333
61,175,356
62,175,356.016666667
63,175,356.033333333
64,175,356.05
65,175,356.066666667
66,175,356.083333333
67,175,356.1
68,175,356.116666667
69,175,356.133333333
70,175,356.15
71,175,356.166666667
72,175,356.183333333
73,175,356.2
74,175,356.216666667
75,175,356.233333333
76,175,356.25
77,175,356.266666667
78,175,356.283333333
79,175,356.3
80,175,356.316666667
81,175,356.333333333
82,175,356.35
83,175,356.366666667
84,175,356.383333333
85,175,356.4
86,175,356.416666667
87,175,356.433333333
88,175,356.45
89,175,356.466666667
90,175,356.483333333
91,175,356.5
92,175,356.516666667
93,175,356.533333333
94,175,356.55
95,175,356.566666667
96,175,356.583333333
97,175,356.6
98,175,356.616666667
99,175,356.633333333
100,175,356.65
101,175,356.666666667
102,175,356.683333333
103,175,356.7
104,175,356.716666667
105,175,356.733333333
106,175,356.75
107,175,356.766666667
108,175,356.783333333
109,175,356.8
110,175,356.816666667
111,175,356.833333333
112,175,356.85
113,175,356.866666667
114,175,356.883333333
115,175,356.9
116,175,356.916666667
117,175,356.933333333
118,175,356.95
119,175,356.966666667
120,175,356.983333333
1,176,357
2,176,357.016666667
3,176,357.033333333
4,176,357.05
5,176,357.066666667
6,176,357.083333333
7,176,357.1
8,176,357.116666667
9,176,357.133333333
10,176,357.15
11,176,357.166666667
12,176,357.183333333
13,176,357.2
14,176,357.216666667
15,176,357.233333333
16,176,357.25
17,176,357.266666667
18,176,357.283333333
19,176,357.3
20,176,357.316666667
21,176,357.333333333
22,176,357.35
23,176,357.366666667
24,176,357.383333333
25,176,357.4
26,176,357.416666667
27,176,357.433333333
28,176,357.45
29,176,357.466666667
30,176,357.483333333
31,176,357.5
32,176,357.516666667
33,176,357.533333333
34,176,357.55
35,176,357.566666667
36,176,357.583333333
37,176,357.6
38,176,357.616666667
39,176,357.633333333
40,176,357.65
41,176,357.666666667
42,176,357.683333333
43,176,357.7
44,176,357.716666667
45,176,357.733333333
46,176,357.75
47,176,357.766666667
48,176,357.783333333
49,176,357.8
50,176,357.816666667
51,176,357.833333333
52,176,357.85
53,176,357.866666667
54,176,357.883333333
55,176,357.9
56,176,357.916666667
57,176,357.933333333
58,176,357.95
59,176,357.966666667
60,176,357.983333333
61,176,358
62,176,358.016666667
63,176,358.033333333
64,176,358.05
65,176,358.066666667
66,176,358.083333333
67,176,358.1
68,176,358.116666667
69,176,358.133333333
70,176,358.15
71,176,358.166666667
72,176,358.183333333
73,176,358.2
74,176,358.216666667
75,176,358.233333333
76,176,358.25
77,176,358.266666667
78,176,358.283333333
79,176,358.3
80,176,358.316666667
81,176,358.333333333
82,176,358.35
83,176,358.366666667
84,176,358.383333333
85,176,358.4
86,176,358.416666667
87,176,358.433333333
88,176,358.45
89,176,358.466666667
90,176,358.483333333
91,176,358.5
92,176,358.516666667
93,176,358.533333333
94,176,358.55
95,176,358.566666667
96,176,358.583333333
97,176,358.6
98,176,358.616666667
99,176,358.633333333
100,176,358.65
101,176,358.666666667
102,176,358.683333333
103,176,358.7
104,176,358.716666667
105,176,358.733333333
106,176,358.75
107,176,358.766666667
108,176,358.783333333
109,176,358.8
110,176,358.816666667
111,176,358.833333333
112,176,358.85
113,176,358.866666667
114,176,358.883333333
115,176,358.9
116,176,358.916666667
117,176,358.933333333
118,176,358.95
119,176,358.966666667
120,176,358.983333333
1,177,359
2,177,359.016666667
3,177,359.033333333
4,177,359.05
5,177,359.066666667
6,177,359.083333333
7,177,359.1
8,177,359.116666667
9,177,359.133333333
10,177,359.15
11,177,359.166666667
12,177,359.183333333
13,177,359.2
14,177,359.216666667
15,177,359.233333333
16,177,359.25
17,177,359.266666667
18,177,359.283333333
19,177,359.3
20,177,359.316666667
21,177,359.333333333
22,177,359.35
23,177,359.366666667
24,177,359.383333333
25,177,359.4
26,177,359.416666667
27,177,359.433333333
28,177,359.45
29,177,359.466666667
30,177,359.483333333
31,177,359.5
32,177,359.516666667
33,177,359.533333333
34,177,359.55
35,177,359.566666667
36,177,359.583333333
37,177,359.6
38,177,359.616666667
39,177,359.633333333
40,177,359.65
41,177,359.666666667
42,177,359.683333333
43,177,359.7
44,177,359.716666667
45,177,359.733333333
46,177,359.75
47,177,359.766666667
48,177,359.783333333
49,177,359.8
50,177,359.816666667
51,177,359.833333333
52,177,359.85
53,177,359.866666667
54,177,359.883333333
55,177,359.9
56,177,359.916666667
57,177,359.933333333
58,177,359.95
59,177,359.966666667
60,177,359.983333333
61,177,360
62,177,360.016666667
63,177,360.033333333
64,177,360.05
65,177,360.066666667
66,177,360.083333333
67,177,360.1
68,177,360.116666667
69,177,360.133333333
70,177,360.15
71,177,360.166666667
72,177,360.183333333
73,177,360.2
74,177,360.216666667
75,177,360.233333333
76,177,360.25
77,177,360.266666667
78,177,360.283333333
79,177,360.3
80,177,360.316666667
81,177,360.333333333
82,177,360.35
83,177,360.366666667
84,177,360.383333333
85,177,360.4
86,177,360.416666667
87,177,360.433333333
88,177,360.45
89,177,360.466666667
90,177,360.483333333
91,177,360.5
92,177,360.516666667
93,177,360.533333333
94,177,360.55
95,177,360.566666667
96,177,360.583333333
97,177,360.6
98,177,360.616666667
99,177,360.633333333
100,177,360.65
101,177,360.666666667
102,177,360.683333333
103,177,360.7
104,177,360.716666667
105,177,360.733333333
106,177,360.75
107,177,360.766666667
108,177,360.783333333
109,177,360.8
110,177,360.816666667
111,177,360.833333333
112,177,360.85
113,177,360.866666667
114,177,360.883333333
115,177,360.9
116,177,360.916666667
117,177,360.933333333
118,177,360.95
119,177,360.966666667
120,177,360.983333333
1,178,361
2,178,361.016666667
3,178,361.033333333
4,178,361.05
5,178,361.066666667
6,178,361.083333333
7,178,361.1
8,178,361.116666667
9,178,361.133333333
10,178,361.15
11,178,361.166666667
12,178,361.183333333
13,178,361.2
14,178,361.216666667
15,178,361.233333333
16,178,361.25
17,178,361.266666667
18,178,361.283333333
19,178,361.3
20,178,361.316666667
21,178,361.333333333
22,178,361.35
23,178,361.366666667
24,178,361.383333333
25,178,361.4
26,178,361.416666667
27,178,361.433333333
28,178,361.45
29,178,361.466666667
30,178,361.483333333
31,178,361.5
32,178,361.516666667
33,178,361.533333333
34,178,361.55
35,178,361.566666667
36,178,361.583333333
37,178,361.6
38,178,361.616666667
39,178,361.633333333
40,178,361.65
41,178,361.666666667
42,178,361.683333333
43,178,361.7
44,178,361.716666667
45,178,361.733333333
46,178,361.75
47,178,361.766666667
48,178,361.783333333
49,178,361.8
50,178,361.816666667
51,178,361.833333333
52,178,361.85
53,178,361.866666667
54,178,361.883333333
55,178,361.9
56,178,361.916666667
57,178,361.933333333
58,178,361.95
59,178,361.966666667
60,178,361.983333333
61,178,362
62,178,362.016666667
63,178,362.033333333
64,178,362.05
65,178,362.066666667
66,178,362.083333333
67,178,362.1
68,178,362.116666667
69,178,362.133333333
70,178,362.15
71,178,362.166666667
72,178,362.183333333
73,178,362.2
74,178,362.216666667
75,178,362.233333333
76,178,362.25
77,178,362.266666667
78,178,362.283333333
79,178,362.3
80,178,362.316666667
81,178,362.333333333
82,178,362.35
83,178,362.366666667
84,178,362.383333333
85,178,362.4
86,178,362.416666667
87,178,362.433333333
88,178,362.45
89,178,362.466666667
90,178,362.483333333
91,178,362.5
92,178,362.516666667
93,178,362.533333333
94,178,362.55
95,178,362.566666667
96,178,362.583333333
97,178,362.6
98,178,362.616666667
99,178,362.633333333
100,178,362.65
101,178,362.666666667
102,178,362.683333333
103,178,362.7
104,178,362.716666667
105,178,362.733333333
106,178,362.75
107,178,362.766666667
108,178,362.783333333
109,178,362.8
110,178,362.816666667
111,178,362.833333333
112,178,362.85
113,178,362.866666667
114,178,362.883333333
115,178,362.9
116,178,362.916666667
117,178,362.933333333
118,178,362.95
119,178,362.966666667
120,178,362.983333333
1,179,363
2,179,363.016666667
3,179,363.033333333
4,179,363.05
5,179,363.066666667
6,179,363.083333333
7,179,363.1
8,179,363.116666667
9,179,363.133333333
10,179,363.15
11,179,363.166666667
12,179,363.183333333
13,179,363.2
14,179,363.216666667
15,179,363.233333333
16,179,363.25
17,179,363.266666667
18,179,363.283333333
19,179,363.3
20,179,363.316666667
21,179,363.333333333
22,179,363.35
23,179,363.366666667
24,179,363.383333333
25,179,363.4
26,179,363.416666667
27,179,363.433333333
28,179,363.45
29,179,363.466666667
30,179,363.483333333
31,179,363.5
32,179,363.516666667
33,179,363.533333333
34,179,363.55
35,179,363.566666667
36,179,363.583333333
37,179,363.6
38,179,363.616666667
39,179,363.633333333
40,179,363.65
41,179,363.666666667
42,179,363.683333333
43,179,363.7
44,179,363.716666667
45,179,363.733333333
46,179,363.75
47,179,363.766666667
48,179,363.783333333
49,179,363.8
50,179,363.816666667
51,179,363.833333333
52,179,363.85
53,179,363.866666667
54,179,363.883333333
55,179,363.9
56,179,363.916666667
57,179,363.933333333
58,179,363.95
59,179,363.966666667
60,179,363.983333333
61,179,364
62,179,364.016666667
63,179,364.033333333
64,179,364.05
65,179,364.066666667
66,179,364.083333333
67,179,364.1
68,179,364.116666667
69,179,364.133333333
70,179,364.15
71,179,364.166666667
72,179,364.183333333
73,179,364.2
74,179,364.216666667
75,179,364.233333333
76,179,364.25
77,179,364.266666667
78,179,364.283333333
79,179,364.3
80,179,364.316666667
81,179,364.333333333
82,179,364.35
83,179,364.366666667
84,179,364.383333333
85,179,364.4
86,179,364.416666667
87,179,364.433333333
88,179,364.45
89,179,364.466666667
90,179,364.483333333
91,179,364.5
92,179,364.516666667
93,179,364.533333333
94,179,364.55
95,179,364.566666667
96,179,364.583333333
97,179,364.6
98,179,364.616666667
99,179,364.633333333
100,179,364.65
101,179,364.666666667
102,179,364.683333333
103,179,364.7
104,179,364.716666667
105,179,364.733333333
106,179,364.75
107,179,364.766666667
108,179,364.783333333
109,179,364.8
110,179,364.816666667
111,179,364.833333333
112,179,364.85
113,179,364.866666667
114,179,364.883333333
115,179,364.9
116,179,364.916666667
117,179,364.933333333
118,179,364.95
119,179,364.966666667
120,179,364.983333333
1,180,365
2,180,365.016666667
3,180,365.033333333
4,180,365.05
5,180,365.066666667
6,180,365.083333333
7,180,365.1
8,180,365.116666667
9,180,365.133333333
10,180,365.15
11,180,365.166666667
12,180,365.183333333
13,180,365.2
14,180,365.216666667
15,180,365.233333333
16,180,365.25
17,180,365.266666667
18,180,365.283333333
19,180,365.3
20,180,365.316666667
21,180,365.333333333
22,180,365.35
23,180,365.366666667
24,180,365.383333333
25,180,365.4
26,180,365.416666667
27,180,365.433333333
28,180,365.45
29,180,365.466666667
30,180,365.483333333
31,180,365.5
32,180,365.516666667
33,180,365.533333333
34,180,365.55
35,180,365.566666667
36,180,365.583333333
37,180,365.6
38,180,365.616666667
39,180,365.633333333
40,180,365.65
41,180,365.666666667
42,180,365.683333333
43,180,365.7
44,180,365.716666667
45,180,365.733333333
46,180,365.75
47,180,365.766666667
48,180,365.783333333
49,180,365.8
50,180,365.816666667
51,180,365.833333333
52,180,365.85
53,180,365.866666667
54,180,365.883333333
55,180,365.9
56,180,365.916666667
57,180,365.933333333
58,180,365.95
59,180,365.966666667
60,180,365.983333333
61,180,366
62,180,366.016666667
63,180,366.033333333
64,180,366.05
65,180,366.066666667
66,180,366.083333333
67,180,366.1
68,180,366.116666667
69,180,366.133333333
70,180,366.15
71,180,366.166666667
72,180,366.183333333
73,180,366.2
74,180,366.216666667
75,180,366.233333333
76,180,366.25
77,180,366.266666667
78,180,366.283333333
79,180,366.3
80,180,366.316666667
81,180,366.333333333
82,180,366.35
83,180,366.366666667
84,180,366.383333333
85,180,366.4
86,180,366.416666667
87,180,366.433333333
88,180,366.45
89,180,366.466666667
90,180,366.483333333
91,180,366.5
92,180,366.516666667
93,180,366.533333333
94,180,366.55
95,180,366.566666667
96,180,366.583333333
97,180,366.6
98,180,366.616666667
99,180,366.633333333
100,180,366.65
101,180,366.666666667
102,180,366.683333333
103,180,366.7
104,180,366.716666667
105,180,366.733333333
106,180,366.75
107,180,366.766666667
108,180,366.783333333
109,180,366.8
110,180,366.816666667
111,180,366.833333333
112,180,366.85
113,180,366.866666667
114,180,366.883333333
115,180,366.9
116,180,366.916666667
117,180,366.933333333
118,180,366.95
119,180,366.966666667
120,180,366.983333333
1,181,367
2,181,367.016666667
3,181,367.033333333
4,181,367.05
5,181,367.066666667
6,181,367.083333333
7,181,367.1
8,181,367.116666667
9,181,367.133333333
10,181,367.15
11,181,367.166666667
12,181,367.183333333
13,181,367.2
14,181,367.216666667
15,181,367.233333333
16,181,367.25
17,181,367.266666667
18,181,367.283333333
19,181,367.3
20,181,367.316666667
21,181,367.333333333
22,181,367.35
23,181,367.366666667
24,181,367.383333333
25,181,367.4
26,181,367.416666667
27,181,367.433333333
28,181,367.45
29,181,367.466666667
30,181,367.483333333
31,181,367.5
32,181,367.516666667
33,181,367.533333333
34,181,367.55
35,181,367.566666667
36,181,367.583333333
37,181,367.6
38,181,367.616666667
39,181,367.633333333
40,181,367.65
41,181,367.666666667
42,181,367.683333333
43,181,367.7
44,181,367.716666667
45,181,367.733333333
46,181,367.75
47,181,367.766666667
48,181,367.783333333
49,181,367.8
50,181,367.816666667
51,181,367.833333333
52,181,367.85
53,181,367.866666667
54,181,367.883333333
55,181,367.9
56,181,367.916666667
57,181,367.933333333
58,181,367.95
59,181,367.966666667
60,181,367.983333333
61,181,368
62,181,368.016666667
63,181,368.033333333
64,181,368.05
65,181,368.066666667
66,181,368.083333333
67,181,368.1
68,181,368.116666667
69,181,368.133333333
70,181,368.15
71,181,368.166666667
72,181,368.183333333
73,181,368.2
74,181,368.216666667
75,181,368.233333333
76,181,368.25
77,181,368.266666667
78,181,368.283333333
79,181,368.3
80,181,368.316666667
81,181,368.333333333
82,181,368.35
83,181,368.366666667
84,181,368.383333333
85,181,368.4
86,181,368.416666667
87,181,368.433333333
88,181,368.45
89,181,368.466666667
90,181,368.483333333
91,181,368.5
92,181,368.516666667
93,181,368.533333333
94,181,368.55
95,181,368.566666667
96,181,368.583333333
97,181,368.6
98,181,368.616666667
99,181,368.633333333
100,181,368.65
101,181,368.666666667
102,181,368.683333333
103,181,368.7
104,181,368.716666667
105,181,368.733333333
106,181,368.75
107,181,368.766666667
108,181,368.783333333
109,181,368.8
110,181,368.816666667
111,181,368.833333333
112,181,368.85
113,181,368.866666667
114,181,368.883333333
115,181,368.9
116,181,368.916666667
117,181,368.933333333
118,181,368.95
119,181,368.966666667
120,181,368.983333333
1,182,369
2,182,369.016666667
3,182,369.033333333
4,182,369.05
5,182,369.066666667
6,182,369.083333333
7,182,369.1
8,182,369.116666667
9,182,369.133333333
10,182,369.15
11,182,369.166666667
12,182,369.183333333
13,182,369.2
14,182,369.216666667
15,182,369.233333333
16,182,369.25
17,182,369.266666667
18,182,369.283333333
19,182,369.3
20,182,369.316666667
21,182,369.333333333
22,182,369.35
23,182,369.366666667
24,182,369.383333333
25,182,369.4
26,182,369.416666667
27,182,369.433333333
28,182,369.45
29,182,369.466666667
30,182,369.483333333
31,182,369.5
32,182,369.516666667
33,182,369.533333333
34,182,369.55
35,182,369.566666667
36,182,369.583333333
37,182,369.6
38,182,369.616666667
39,182,369.633333333
40,182,369.65
41,182,369.666666667
42,182,369.683333333
43,182,369.7
44,182,369.716666667
45,182,369.733333333
46,182,369.75
47,182,369.766666667
48,182,369.783333333
49,182,369.8
50,182,369.816666667
51,182,369.833333333
52,182,369.85
53,182,369.866666667
54,182,369.883333333
55,182,369.9
56,182,369.916666667
57,182,369.933333333
58,182,369.95
59,182,369.966666667
60,182,369.983333333
61,182,370
62,182,370.016666667
63,182,370.033333333
64,182,370.05
65,182,370.066666667
66,182,370.083333333
67,182,370.1
68,182,370.116666667
69,182,370.133333333
70,182,370.15
71,182,370.166666667
72,182,370.183333333
73,182,370.2
74,182,370.216666667
75,182,370.233333333
76,182,370.25
77,182,370.266666667
78,182,370.283333333
79,182,370.3
80,182,370.316666667
81,182,370.333333333
82,182,370.35
83,182,370.366666667
84,182,370.383333333
85,182,370.4
86,182,370.416666667
87,182,370.433333333
88,182,370.45
89,182,370.466666667
90,182,370.483333333
91,182,370.5
92,182,370.516666667
93,182,370.533333333
94,182,370.55
95,182,370.566666667
96,182,370.583333333
97,182,370.6
98,182,370.616666667
99,182,370.633333333
100,182,370.65
101,182,370.666666667
102,182,370.683333333
103,182,370.7
104,182,370.716666667
105,182,370.733333333
106,182,370.75
107,182,370.766666667
108,182,370.783333333
109,182,370.8
110,182,370.816666667
111,182,370.833333333
112,182,370.85
113,182,370.866666667
114,182,370.883333333
115,182,370.9
116,182,370.916666667
117,182,370.933333333
118,182,370.95
119,182,370.966666667
120,182,370.983333333
1,183,371
2,183,371.016666667
3,183,371.033333333
4,183,371.05
5,183,371.066666667
6,183,371.083333333
7,183,371.1
8,183,371.116666667
9,183,371.133333333
10,183,371.15
11,183,371.166666667
12,183,371.183333333
13,183,371.2
14,183,371.216666667
15,183,371.233333333
16,183,371.25
17,183,371.266666667
18,183,371.283333333
19,183,371.3
20,183,371.316666667
21,183,371.333333333
22,183,371.35
23,183,371.366666667
24,183,371.383333333
25,183,371.4
26,183,371.416666667
27,183,371.433333333
28,183,371.45
29,183,371.466666667
30,183,371.483333333
31,183,371.5
32,183,371.516666667
33,183,371.533333333
34,183,371.55
35,183,371.566666667
36,183,371.583333333
37,183,371.6
38,183,371.616666667
39,183,371.633333333
40,183,371.65
41,183,371.666666667
42,183,371.683333333
43,183,371.7
44,183,371.716666667
45,183,371.733333333
46,183,371.75
47,183,371.766666667
48,183,371.783333333
49,183,371.8
50,183,371.816666667
51,183,371.833333333
52,183,371.85
53,183,371.866666667
54,183,371.883333333
55,183,371.9
56,183,371.916666667
57,183,371.933333333
58,183,371.95
59,183,371.966666667
60,183,371.983333333
61,183,372
62,183,372.016666667
63,183,372.033333333
64,183,372.05
65,183,372.066666667
66,183,372.083333333
67,183,372.1
68,183,372.116666667
69,183,372.133333333
70,183,372.15
71,183,372.166666667
72,183,372.183333333
73,183,372.2
74,183,372.216666667
75,183,372.233333333
76,183,372.25
77,183,372.266666667
78,183,372.283333333
79,183,372.3
80,183,372.316666667
81,183,372.333333333
82,183,372.35
83,183,372.366666667
84,183,372.383333333
85,183,372.4
86,183,372.416666667
87,183,372.433333333
88,183,372.45
89,183,372.466666667
90,183,372.483333333
91,183,372.5
92,183,372.516666667
93,183,372.533333333
94,183,372.55
95,183,372.566666667
96,183,372.583333333
97,183,372.6
98,183,372.616666667
99,183,372.633333333
100,183,372.65
101,183,372.666666667
102,183,372.683333333
103,183,372.7
104,183,372.716666667
105,183,372.733333333
106,183,372.75
107,183,372.766666667
108,183,372.783333333
109,183,372.8
110,183,372.816666667
111,183,372.833333333
112,183,372.85
113,183,372.866666667
114,183,372.883333333
115,183,372.9
116,183,372.916666667
117,183,372.933333333
118,183,372.95
119,183,372.966666667
120,183,372.983333333
1,184,373
2,184,373.016666667
3,184,373.033333333
4,184,373.05
5,184,373.066666667
6,184,373.083333333
7,184,373.1
8,184,373.116666667
9,184,373.133333333
10,184,373.15
11,184,373.166666667
12,184,373.183333333
13,184,373.2
14,184,373.216666667
15,184,373.233333333
16,184,373.25
17,184,373.266666667
18,184,373.283333333
19,184,373.3
20,184,373.316666667
21,184,373.333333333
22,184,373.35
23,184,373.366666667
24,184,373.383333333
25,184,373.4
26,184,373.416666667
27,184,373.433333333
28,184,373.45
29,184,373.466666667
30,184,373.483333333
31,184,373.5
32,184,373.516666667
33,184,373.533333333
34,184,373.55
35,184,373.566666667
36,184,373.583333333
37,184,373.6
38,184,373.616666667
39,184,373.633333333
40,184,373.65
41,184,373.666666667
42,184,373.683333333
43,184,373.7
44,184,373.716666667
45,184,373.733333333
46,184,373.75
47,184,373.766666667
48,184,373.783333333
49,184,373.8
50,184,373.816666667
51,184,373.833333333
52,184,373.85
53,184,373.866666667
54,184,373.883333333
55,184,373.9
56,184,373.916666667
57,184,373.933333333
58,184,373.95
59,184,373.966666667
60,184,373.983333333
61,184,374
62,184,374.016666667
63,184,374.033333333
64,184,374.05
65,184,374.066666667
66,184,374.083333333
67,184,374.1
68,184,374.116666667
69,184,374.133333333
70,184,374.15
71,184,374.166666667
72,184,374.183333333
73,184,374.2
74,184,374.216666667
75,184,374.233333333
76,184,374.25
77,184,374.266666667
78,184,374.283333333
79,184,374.3
80,184,374.316666667
81,184,374.333333333
82,184,374.35
83,184,374.366666667
84,184,374.383333333
85,184,374.4
86,184,374.416666667
87,184,374.433333333
88,184,374.45
89,184,374.466666667
90,184,374.483333333
91,184,374.5
92,184,374.516666667
93,184,374.533333333
94,184,374.55
95,184,374.566666667
96,184,374.583333333
97,184,374.6
98,184,374.616666667
99,184,374.633333333
100,184,374.65
101,184,374.666666667
102,184,374.683333333
103,184,374.7
104,184,374.716666667
105,184,374.733333333
106,184,374.75
107,184,374.766666667
108,184,374.783333333
109,184,374.8
110,184,374.816666667
111,184,374.833333333
112,184,374.85
113,184,374.866666667
114,184,374.883333333
115,184,374.9
116,184,374.916666667
117,184,374.933333333
118,184,374.95
119,184,374.966666667
120,184,374.983333333
1,185,375
2,185,375.016666667
3,185,375.033333333
4,185,375.05
5,185,375.066666667
6,185,375.083333333
7,185,375.1
8,185,375.116666667
9,185,375.133333333
10,185,375.15
11,185,375.166666667
12,185,375.183333333
13,185,375.2
14,185,375.216666667
15,185,375.233333333
16,185,375.25
17,185,375.266666667
18,185,375.283333333
19,185,375.3
20,185,375.316666667
21,185,375.333333333
22,185,375.35
23,185,375.366666667
24,185,375.383333333
25,185,375.4
26,185,375.416666667
27,185,375.433333333
28,185,375.45
29,185,375.466666667
30,185,375.483333333
31,185,375.5
32,185,375.516666667
33,185,375.533333333
34,185,375.55
35,185,375.566666667
36,185,375.583333333
37,185,375.6
38,185,375.616666667
39,185,375.633333333
40,185,375.65
41,185,375.666666667
42,185,375.683333333
43,185,375.7
44,185,375.716666667
45,185,375.733333333
46,185,375.75
47,185,375.766666667
48,185,375.783333333
49,185,375.8
50,185,375.816666667
51,185,375.833333333
52,185,375.85
53,185,375.866666667
54,185,375.883333333
55,185,375.9
56,185,375.916666667
57,185,375.933333333
58,185,375.95
59,185,375.966666667
60,185,375.983333333
61,185,376
62,185,376.016666667
63,185,376.033333333
64,185,376.05
65,185,376.066666667
66,185,376.083333333
67,185,376.1
68,185,376.116666667
69,185,376.133333333
70,185,376.15
71,185,376.166666667
72,185,376.183333333
73,185,376.2
74,185,376.216666667
75,185,376.233333333
76,185,376.25
77,185,376.266666667
78,185,376.283333333
79,185,376.3
80,185,376.316666667
81,185,376.333333333
82,185,376.35
83,185,376.366666667
84,185,376.383333333
85,185,376.4
86,185,376.416666667
87,185,376.433333333
88,185,376.45
89,185,376.466666667
90,185,376.483333333
91,185,376.5
92,185,376.516666667
93,185,376.533333333
94,185,376.55
95,185,376.566666667
96,185,376.583333333
97,185,376.6
98,185,376.616666667
99,185,376.633333333
100,185,376.65
101,185,376.666666667
102,185,376.683333333
103,185,376.7
104,185,376.716666667
105,185,376.733333333
106,185,376.75
107,185,376.766666667
108,185,376.783333333
109,185,376.8
110,185,376.816666667
111,185,376.833333333
112,185,376.85
113,185,376.866666667
114,185,376.883333333
115,185,376.9
116,185,376.916666667
117,185,376.933333333
118,185,376.95
119,185,376.966666667
120,185,376.983333333
1,186,377
2,186,377.016666667
3,186,377.033333333
4,186,377.05
5,186,377.066666667
6,186,377.083333333
7,186,377.1
8,186,377.116666667
9,186,377.133333333
10,186,377.15
11,186,377.166666667
12,186,377.183333333
13,186,377.2
14,186,377.216666667
15,186,377.233333333
16,186,377.25
17,186,377.266666667
18,186,377.283333333
19,186,377.3
20,186,377.316666667
21,186,377.333333333
22,186,377.35
23,186,377.366666667
24,186,377.383333333
25,186,377.4
26,186,377.416666667
27,186,377.433333333
28,186,377.45
29,186,377.466666667
30,186,377.483333333
31,186,377.5
32,186,377.516666667
33,186,377.533333333
34,186,377.55
35,186,377.566666667
36,186,377.583333333
37,186,377.6
38,186,377.616666667
39,186,377.633333333
40,186,377.65
41,186,377.666666667
42,186,377.683333333
43,186,377.7
44,186,377.716666667
45,186,377.733333333
46,186,377.75
47,186,377.766666667
48,186,377.783333333
49,186,377.8
50,186,377.816666667
51,186,377.833333333
52,186,377.85
53,186,377.866666667
54,186,377.883333333
55,186,377.9
56,186,377.916666667
57,186,377.933333333
58,186,377.95
59,186,377.966666667
60,186,377.983333333
61,186,378
62,186,378.016666667
63,186,378.033333333
64,186,378.05
65,186,378.066666667
66,186,378.083333333
67,186,378.1
68,186,378.116666667
69,186,378.133333333
70,186,378.15
71,186,378.166666667
72,186,378.183333333
73,186,378.2
74,186,378.216666667
75,186,378.233333333
76,186,378.25
77,186,378.266666667
78,186,378.283333333
79,186,378.3
80,186,378.316666667
81,186,378.333333333
82,186,378.35
83,186,378.366666667
84,186,378.383333333
85,186,378.4
86,186,378.416666667
87,186,378.433333333
88,186,378.45
89,186,378.466666667
90,186,378.483333333
91,186,378.5
92,186,378.516666667
93,186,378.533333333
94,186,378.55
95,186,378.566666667
96,186,378.583333333
97,186,378.6
98,186,378.616666667
99,186,378.633333333
100,186,378.65
101,186,378.666666667
102,186,378.683333333
103,186,378.7
104,186,378.716666667
105,186,378.733333333
106,186,378.75
107,186,378.766666667
108,186,378.783333333
109,186,378.8
110,186,378.816666667
111,186,378.833333333
112,186,378.85
113,186,378.866666667
114,186,378.883333333
115,186,378.9
116,186,378.916666667
117,186,378.933333333
118,186,378.95
119,186,378.966666667
120,186,378.983333333
1,187,379
2,187,379.016666667
3,187,379.033333333
4,187,379.05
5,187,379.066666667
6,187,379.083333333
7,187,379.1
8,187,379.116666667
9,187,379.133333333
10,187,379.15
11,187,379.166666667
12,187,379.183333333
13,187,379.2
14,187,379.216666667
15,187,379.233333333
16,187,379.25
17,187,379.266666667
18,187,379.283333333
19,187,379.3
20,187,379.316666667
21,187,379.333333333
22,187,379.35
23,187,379.366666667
24,187,379.383333333
25,187,379.4
26,187,379.416666667
27,187,379.433333333
28,187,379.45
29,187,379.466666667
30,187,379.483333333
31,187,379.5
32,187,379.516666667
33,187,379.533333333
34,187,379.55
35,187,379.566666667
36,187,379.583333333
37,187,379.6
38,187,379.616666667
39,187,379.633333333
40,187,379.65
41,187,379.666666667
42,187,379.683333333
43,187,379.7
44,187,379.716666667
45,187,379.733333333
46,187,379.75
47,187,379.766666667
48,187,379.783333333
49,187,379.8
50,187,379.816666667
51,187,379.833333333
52,187,379.85
53,187,379.866666667
54,187,379.883333333
55,187,379.9
56,187,379.916666667
57,187,379.933333333
58,187,379.95
59,187,379.966666667
60,187,379.983333333
61,187,380
62,187,380.016666667
63,187,380.033333333
64,187,380.05
65,187,380.066666667
66,187,380.083333333
67,187,380.1
68,187,380.116666667
69,187,380.133333333
70,187,380.15
71,187,380.166666667
72,187,380.183333333
73,187,380.2
74,187,380.216666667
75,187,380.233333333
76,187,380.25
77,187,380.266666667
78,187,380.283333333
79,187,380.3
80,187,380.316666667
81,187,380.333333333
82,187,380.35
83,187,380.366666667
84,187,380.383333333
85,187,380.4
86,187,380.416666667
87,187,380.433333333
88,187,380.45
89,187,380.466666667
90,187,380.483333333
91,187,380.5
92,187,380.516666667
93,187,380.533333333
94,187,380.55
95,187,380.566666667
96,187,380.583333333
97,187,380.6
98,187,380.616666667
99,187,380.633333333
100,187,380.65
101,187,380.666666667
102,187,380.683333333
103,187,380.7
104,187,380.716666667
105,187,380.733333333
106,187,380.75
107,187,380.766666667
108,187,380.783333333
109,187,380.8
110,187,380.816666667
111,187,380.833333333
112,187,380.85
113,187,380.866666667
114,187,380.883333333
115,187,380.9
116,187,380.916666667
117,187,380.933333333
118,187,380.95
119,187,380.966666667
120,187,380.983333333
1,188,381
2,188,381.016666667
3,188,381.033333333
4,188,381.05
5,188,381.066666667
6,188,381.083333333
7,188,381.1
8,188,381.116666667
9,188,381.133333333
10,188,381.15
11,188,381.166666667
12,188,381.183333333
13,188,381.2
14,188,381.216666667
15,188,381.233333333
16,188,381.25
17,188,381.266666667
18,188,381.283333333
19,188,381.3
20,188,381.316666667
21,188,381.333333333
22,188,381.35
23,188,381.366666667
24,188,381.383333333
25,188,381.4
26,188,381.416666667
27,188,381.433333333
28,188,381.45
29,188,381.466666667
30,188,381.483333333
31,188,381.5
32,188,381.516666667
33,188,381.533333333
34,188,381.55
35,188,381.566666667
36,188,381.583333333
37,188,381.6
38,188,381.616666667
39,188,381.633333333
40,188,381.65
41,188,381.666666667
42,188,381.683333333
43,188,381.7
44,188,381.716666667
45,188,381.733333333
46,188,381.75
47,188,381.766666667
48,188,381.783333333
49,188,381.8
50,188,381.816666667
51,188,381.833333333
52,188,381.85
53,188,381.866666667
54,188,381.883333333
55,188,381.9
56,188,381.916666667
57,188,381.933333333
58,188,381.95
59,188,381.966666667
60,188,381.983333333
61,188,382
62,188,382.016666667
63,188,382.033333333
64,188,382.05
65,188,382.066666667
66,188,382.083333333
67,188,382.1
68,188,382.116666667
69,188,382.133333333
70,188,382.15
71,188,382.166666667
72,188,382.183333333
73,188,382.2
74,188,382.216666667
75,188,382.233333333
76,188,382.25
77,188,382.266666667
78,188,382.283333333
79,188,382.3
80,188,382.316666667
81,188,382.333333333
82,188,382.35
83,188,382.366666667
84,188,382.383333333
85,188,382.4
86,188,382.416666667
87,188,382.433333333
88,188,382.45
89,188,382.466666667
90,188,382.483333333
91,188,382.5
92,188,382.516666667
93,188,382.533333333
94,188,382.55
95,188,382.566666667
96,188,382.583333333
97,188,382.6
98,188,382.616666667
99,188,382.633333333
100,188,382.65
101,188,382.666666667
102,188,382.683333333
103,188,382.7
104,188,382.716666667
105,188,382.733333333
106,188,382.75
107,188,382.766666667
108,188,382.783333333
109,188,382.8
110,188,382.816666667
111,188,382.833333333
112,188,382.85
113,188,382.866666667
114,188,382.883333333
115,188,382.9
116,188,382.916666667
117,188,382.933333333
118,188,382.95
119,188,382.966666667
120,188,382.983333333
1,189,383
2,189,383.016666667
3,189,383.033333333
4,189,383.05
5,189,383.066666667
6,189,383.083333333
7,189,383.1
8,189,383.116666667
9,189,383.133333333
10,189,383.15
11,189,383.166666667
12,189,383.183333333
13,189,383.2
14,189,383.216666667
15,189,383.233333333
16,189,383.25
17,189,383.266666667
18,189,383.283333333
19,189,383.3
20,189,383.316666667
21,189,383.333333333
22,189,383.35
23,189,383.366666667
24,189,383.383333333
25,189,383.4
26,189,383.416666667
27,189,383.433333333
28,189,383.45
29,189,383.466666667
30,189,383.483333333
31,189,383.5
32,189,383.516666667
33,189,383.533333333
34,189,383.55
35,189,383.566666667
36,189,383.583333333
37,189,383.6
38,189,383.616666667
39,189,383.633333333
40,189,383.65
41,189,383.666666667
42,189,383.683333333
43,189,383.7
